#-----------------------------------------------------------
# Vivado v2025.2 (64-bit)
# SW Build 6299465 on Fri Nov 14 19:35:11 GMT 2025
# IP Build 6300035 on Fri Nov 14 10:48:45 MST 2025
# SharedData Build 6298862 on Thu Nov 13 04:50:51 MST 2025
# Start of session at: Sat Aug 22 08:25:42 2026
# Process ID         : 27300
# Current directory  : E:/AMD_FPGA/Projects/Sim_GPU - Copy
# Command line       : vivado.exe -mode batch -source scripts/build_max.tcl
# Log file           : E:/AMD_FPGA/Projects/Sim_GPU - Copy/vivado.log
# Journal file       : E:/AMD_FPGA/Projects/Sim_GPU - Copy\vivado.jou
# Running On         : wshh
# Platform           : Windows Server 2016 or Windows 10
# Operating System   : 26200
# Processor Detail   : 13th Gen Intel(R) Core(TM) i7-13700H
# CPU Frequency      : 2918 MHz
# CPU Physical cores : 14
# CPU Logical cores  : 20
# Host memory        : 34070 MB
# Swap memory        : 13028 MB
# Total Virtual      : 47098 MB
# Available Virtual  : 26707 MB
#-----------------------------------------------------------
source scripts/build_max.tcl
# set proj_root "E:/AMD_FPGA/Projects/Sim_GPU - Copy"
# cd $proj_root
# set rtl_files [list \
#   rtl/common/sync_2ff.v rtl/common/fifo_async.v rtl/common/line_buffer.v \
#   rtl/common/window_kxk.v \
#   rtl/sensor/sccb_master.v rtl/sensor/ov5640_ctrl.v \
#   rtl/img_proc/gaussian_5x5.v rtl/img_proc/scharr_3x3.v \
#   rtl/img_proc/gradient_mag_dir.v rtl/img_proc/median_3x3.v \
#   rtl/img_proc/nms.v rtl/img_proc/double_threshold.v \
#   rtl/img_proc/hysteresis.v rtl/img_proc/canny_top.v \
#   rtl/snn/lif_neuron.v rtl/snn/spike_encoder.v \
#   rtl/snn/synapse_array.v rtl/snn/snn_top.v \
#   rtl/display/framebuf_pp.v rtl/display/vga_timing.v rtl/display/color_map.v rtl/display/hdmi_tx.v \
#   rtl/interconnect/axi_crossbar_wrap.v rtl/interconnect/mode_switch.v \
#   rtl/riscv/custom_alu.v rtl/riscv/instr_decoder_ext.v \
#   rtl/riscv/vexriscv_wrapper.v rtl/cpu/mcu8.v rtl/cpu/axi_mcu_bridge.v \
#   rtl/top/vision_top.v]
# read_verilog -sv $rtl_files
# read_xdc constraints/pins.xdc
# read_xdc constraints/timing.xdc
# read_xdc constraints/io_standard.xdc
# synth_design -top vision_top -part xc7z020clg484-1 \
#     -generic NCHAN=4 -generic SOFT_CTRL=2 \
#     -generic CLK_MULT=19.8 -generic CLK_DIV0=6.0 -generic CLK_DIV1=13 \
#     -include_dirs [list $proj_root/rtl/sensor $proj_root/mem]
Command: synth_design -top vision_top -part xc7z020clg484-1 -generic NCHAN=4 -generic SOFT_CTRL=2 -generic CLK_MULT=19.8 -generic CLK_DIV0=6.0 -generic CLK_DIV1=13 -include_dirs {{E:/AMD_FPGA/Projects/Sim_GPU - Copy/rtl/sensor} {E:/AMD_FPGA/Projects/Sim_GPU - Copy/mem}}
Starting synth_design
Attempting to get a license for feature 'Synthesis' and/or device 'xc7z020'
INFO: [Common 17-349] Got license for feature 'Synthesis' and/or device 'xc7z020'
INFO: [Device 21-403] Loading part xc7z020clg484-1
INFO: [Synth 8-7079] Multithreading enabled for synth_design using a maximum of 2 processes.
INFO: [Synth 8-7078] Launching helper process for spawning children vivado processes
INFO: [Synth 8-7075] Helper process launched with PID 9992
---------------------------------------------------------------------------------
Starting RTL Elaboration : Time (s): cpu = 00:00:04 ; elapsed = 00:00:04 . Memory (MB): peak = 1301.441 ; gain = 540.703
---------------------------------------------------------------------------------
INFO: [Synth 8-6157] synthesizing module 'vision_top' [E:/AMD_FPGA/Projects/Sim_GPU - Copy/rtl/top/vision_top.v:14]
	Parameter NCHAN bound to: 4 - type: integer 
	Parameter CLK_MULT bound to: 1.980000e+01 - type: double 
	Parameter CLK_DIV0 bound to: 6.000000e+00 - type: double 
	Parameter CLK_DIV1 bound to: 13 - type: integer 
	Parameter SOFT_CTRL bound to: 2 - type: integer 
INFO: [Synth 8-6157] synthesizing module 'fifo_async' [E:/AMD_FPGA/Projects/Sim_GPU - Copy/rtl/common/fifo_async.v:7]
	Parameter DW bound to: 8 - type: integer 
	Parameter AW bound to: 11 - type: integer 
INFO: [Synth 8-6155] done synthesizing module 'fifo_async' (0#1) [E:/AMD_FPGA/Projects/Sim_GPU - Copy/rtl/common/fifo_async.v:7]
INFO: [Synth 8-6157] synthesizing module 'canny_top' [E:/AMD_FPGA/Projects/Sim_GPU - Copy/rtl/img_proc/canny_top.v:11]
	Parameter IMG_W bound to: 640 - type: integer 
	Parameter IMG_H bound to: 480 - type: integer 
	Parameter MAX_PASS bound to: 64 - type: integer 
INFO: [Synth 8-6157] synthesizing module 'gaussian_5x5' [E:/AMD_FPGA/Projects/Sim_GPU - Copy/rtl/img_proc/gaussian_5x5.v:8]
	Parameter IMG_W bound to: 640 - type: integer 
	Parameter IMG_H bound to: 480 - type: integer 
INFO: [Synth 8-6157] synthesizing module 'window_kxk' [E:/AMD_FPGA/Projects/Sim_GPU - Copy/rtl/common/window_kxk.v:21]
	Parameter K bound to: 5 - type: integer 
	Parameter DW bound to: 8 - type: integer 
	Parameter IMG_W bound to: 640 - type: integer 
	Parameter IMG_H bound to: 480 - type: integer 
INFO: [Synth 8-6155] done synthesizing module 'window_kxk' (0#1) [E:/AMD_FPGA/Projects/Sim_GPU - Copy/rtl/common/window_kxk.v:21]
INFO: [Synth 8-6155] done synthesizing module 'gaussian_5x5' (0#1) [E:/AMD_FPGA/Projects/Sim_GPU - Copy/rtl/img_proc/gaussian_5x5.v:8]
INFO: [Synth 8-6157] synthesizing module 'scharr_3x3' [E:/AMD_FPGA/Projects/Sim_GPU - Copy/rtl/img_proc/scharr_3x3.v:9]
	Parameter IMG_W bound to: 640 - type: integer 
	Parameter IMG_H bound to: 480 - type: integer 
INFO: [Synth 8-6157] synthesizing module 'window_kxk__parameterized0' [E:/AMD_FPGA/Projects/Sim_GPU - Copy/rtl/common/window_kxk.v:21]
	Parameter K bound to: 3 - type: integer 
	Parameter DW bound to: 8 - type: integer 
	Parameter IMG_W bound to: 640 - type: integer 
	Parameter IMG_H bound to: 480 - type: integer 
INFO: [Synth 8-6155] done synthesizing module 'window_kxk__parameterized0' (0#1) [E:/AMD_FPGA/Projects/Sim_GPU - Copy/rtl/common/window_kxk.v:21]
INFO: [Synth 8-6155] done synthesizing module 'scharr_3x3' (0#1) [E:/AMD_FPGA/Projects/Sim_GPU - Copy/rtl/img_proc/scharr_3x3.v:9]
INFO: [Synth 8-6157] synthesizing module 'gradient_mag_dir' [E:/AMD_FPGA/Projects/Sim_GPU - Copy/rtl/img_proc/gradient_mag_dir.v:10]
	Parameter IMG_W bound to: 640 - type: integer 
	Parameter IMG_H bound to: 480 - type: integer 
INFO: [Synth 8-6155] done synthesizing module 'gradient_mag_dir' (0#1) [E:/AMD_FPGA/Projects/Sim_GPU - Copy/rtl/img_proc/gradient_mag_dir.v:10]
INFO: [Synth 8-6157] synthesizing module 'median_3x3' [E:/AMD_FPGA/Projects/Sim_GPU - Copy/rtl/img_proc/median_3x3.v:10]
	Parameter IMG_W bound to: 640 - type: integer 
	Parameter IMG_H bound to: 480 - type: integer 
INFO: [Synth 8-6157] synthesizing module 'window_kxk__parameterized1' [E:/AMD_FPGA/Projects/Sim_GPU - Copy/rtl/common/window_kxk.v:21]
	Parameter K bound to: 3 - type: integer 
	Parameter DW bound to: 14 - type: integer 
	Parameter IMG_W bound to: 640 - type: integer 
	Parameter IMG_H bound to: 480 - type: integer 
INFO: [Synth 8-6155] done synthesizing module 'window_kxk__parameterized1' (0#1) [E:/AMD_FPGA/Projects/Sim_GPU - Copy/rtl/common/window_kxk.v:21]
INFO: [Synth 8-6155] done synthesizing module 'median_3x3' (0#1) [E:/AMD_FPGA/Projects/Sim_GPU - Copy/rtl/img_proc/median_3x3.v:10]
INFO: [Synth 8-6157] synthesizing module 'nms' [E:/AMD_FPGA/Projects/Sim_GPU - Copy/rtl/img_proc/nms.v:11]
	Parameter IMG_W bound to: 640 - type: integer 
	Parameter IMG_H bound to: 480 - type: integer 
INFO: [Synth 8-6155] done synthesizing module 'nms' (0#1) [E:/AMD_FPGA/Projects/Sim_GPU - Copy/rtl/img_proc/nms.v:11]
INFO: [Synth 8-6157] synthesizing module 'double_threshold' [E:/AMD_FPGA/Projects/Sim_GPU - Copy/rtl/img_proc/double_threshold.v:9]
	Parameter IMG_W bound to: 640 - type: integer 
	Parameter IMG_H bound to: 480 - type: integer 
INFO: [Synth 8-6155] done synthesizing module 'double_threshold' (0#1) [E:/AMD_FPGA/Projects/Sim_GPU - Copy/rtl/img_proc/double_threshold.v:9]
INFO: [Synth 8-6157] synthesizing module 'hysteresis' [E:/AMD_FPGA/Projects/Sim_GPU - Copy/rtl/img_proc/hysteresis.v:16]
	Parameter IMG_W bound to: 640 - type: integer 
	Parameter IMG_H bound to: 480 - type: integer 
	Parameter MAX_PASS bound to: 64 - type: integer 
INFO: [Synth 8-6157] synthesizing module 'window_kxk__parameterized2' [E:/AMD_FPGA/Projects/Sim_GPU - Copy/rtl/common/window_kxk.v:21]
	Parameter K bound to: 3 - type: integer 
	Parameter DW bound to: 2 - type: integer 
	Parameter IMG_W bound to: 640 - type: integer 
	Parameter IMG_H bound to: 480 - type: integer 
INFO: [Synth 8-6155] done synthesizing module 'window_kxk__parameterized2' (0#1) [E:/AMD_FPGA/Projects/Sim_GPU - Copy/rtl/common/window_kxk.v:21]
INFO: [Synth 8-6155] done synthesizing module 'hysteresis' (0#1) [E:/AMD_FPGA/Projects/Sim_GPU - Copy/rtl/img_proc/hysteresis.v:16]
INFO: [Synth 8-6155] done synthesizing module 'canny_top' (0#1) [E:/AMD_FPGA/Projects/Sim_GPU - Copy/rtl/img_proc/canny_top.v:11]
INFO: [Synth 8-6157] synthesizing module 'mcu8' [E:/AMD_FPGA/Projects/Sim_GPU - Copy/rtl/cpu/mcu8.v:15]
	Parameter PROG bound to: mem/prog_adaptive.hex - type: string 
INFO: [Synth 8-3876] $readmem data file 'mem/prog_adaptive.hex' is read successfully [E:/AMD_FPGA/Projects/Sim_GPU - Copy/rtl/cpu/mcu8.v:58]
INFO: [Synth 8-226] default block is never used [E:/AMD_FPGA/Projects/Sim_GPU - Copy/rtl/cpu/mcu8.v:153]
INFO: [Synth 8-6155] done synthesizing module 'mcu8' (0#1) [E:/AMD_FPGA/Projects/Sim_GPU - Copy/rtl/cpu/mcu8.v:15]
INFO: [Synth 8-6157] synthesizing module 'axi_mcu_bridge' [E:/AMD_FPGA/Projects/Sim_GPU - Copy/rtl/cpu/axi_mcu_bridge.v:15]
WARNING: [Synth 8-6104] Input port 'm_rready' has an internal driver [E:/AMD_FPGA/Projects/Sim_GPU - Copy/rtl/cpu/axi_mcu_bridge.v:46]
INFO: [Synth 8-6155] done synthesizing module 'axi_mcu_bridge' (0#1) [E:/AMD_FPGA/Projects/Sim_GPU - Copy/rtl/cpu/axi_mcu_bridge.v:15]
WARNING: [Synth 8-4446] all outputs are unconnected for this instance and logic may be removed [E:/AMD_FPGA/Projects/Sim_GPU - Copy/rtl/top/vision_top.v:65]
INFO: [Synth 8-6157] synthesizing module 'sync_2ff' [E:/AMD_FPGA/Projects/Sim_GPU - Copy/rtl/common/sync_2ff.v:6]
INFO: [Synth 8-6155] done synthesizing module 'sync_2ff' (0#1) [E:/AMD_FPGA/Projects/Sim_GPU - Copy/rtl/common/sync_2ff.v:6]
INFO: [Synth 8-6157] synthesizing module 'MMCME2_BASE' [E:/AMD_FPGA/2025.2/Vivado/scripts/rt/data/unisim_comp.v:95964]
	Parameter BANDWIDTH bound to: OPTIMIZED - type: string 
	Parameter CLKFBOUT_MULT_F bound to: 1.980000e+01 - type: double 
	Parameter CLKFBOUT_PHASE bound to: 0.000000e+00 - type: double 
	Parameter CLKIN1_PERIOD bound to: 2.000000e+01 - type: double 
	Parameter CLKOUT0_DIVIDE_F bound to: 6.000000e+00 - type: double 
	Parameter CLKOUT0_DUTY_CYCLE bound to: 5.000000e-01 - type: double 
	Parameter CLKOUT0_PHASE bound to: 0.000000e+00 - type: double 
	Parameter CLKOUT1_DIVIDE bound to: 13 - type: integer 
	Parameter CLKOUT1_DUTY_CYCLE bound to: 5.000000e-01 - type: double 
	Parameter CLKOUT1_PHASE bound to: 0.000000e+00 - type: double 
	Parameter CLKOUT2_DIVIDE bound to: 1 - type: integer 
	Parameter CLKOUT3_DIVIDE bound to: 1 - type: integer 
	Parameter CLKOUT4_DIVIDE bound to: 1 - type: integer 
	Parameter CLKOUT5_DIVIDE bound to: 1 - type: integer 
	Parameter CLKOUT6_DIVIDE bound to: 1 - type: integer 
	Parameter DIVCLK_DIVIDE bound to: 1 - type: integer 
	Parameter REF_JITTER1 bound to: 1.000000e-02 - type: double 
	Parameter STARTUP_WAIT bound to: FALSE - type: string 
INFO: [Synth 8-6155] done synthesizing module 'MMCME2_BASE' (0#1) [E:/AMD_FPGA/2025.2/Vivado/scripts/rt/data/unisim_comp.v:95964]
WARNING: [Synth 8-7071] port 'CLKFBOUTB' of module 'MMCME2_BASE' is unconnected for instance 'u_mmcm' [E:/AMD_FPGA/Projects/Sim_GPU - Copy/rtl/top/vision_top.v:101]
WARNING: [Synth 8-7071] port 'CLKOUT0B' of module 'MMCME2_BASE' is unconnected for instance 'u_mmcm' [E:/AMD_FPGA/Projects/Sim_GPU - Copy/rtl/top/vision_top.v:101]
WARNING: [Synth 8-7071] port 'CLKOUT1B' of module 'MMCME2_BASE' is unconnected for instance 'u_mmcm' [E:/AMD_FPGA/Projects/Sim_GPU - Copy/rtl/top/vision_top.v:101]
WARNING: [Synth 8-7071] port 'CLKOUT2B' of module 'MMCME2_BASE' is unconnected for instance 'u_mmcm' [E:/AMD_FPGA/Projects/Sim_GPU - Copy/rtl/top/vision_top.v:101]
WARNING: [Synth 8-7071] port 'CLKOUT3B' of module 'MMCME2_BASE' is unconnected for instance 'u_mmcm' [E:/AMD_FPGA/Projects/Sim_GPU - Copy/rtl/top/vision_top.v:101]
WARNING: [Synth 8-7023] instance 'u_mmcm' of module 'MMCME2_BASE' has 18 connections declared, but only 13 given [E:/AMD_FPGA/Projects/Sim_GPU - Copy/rtl/top/vision_top.v:101]
INFO: [Synth 8-6157] synthesizing module 'ov5640_ctrl' [E:/AMD_FPGA/Projects/Sim_GPU - Copy/rtl/sensor/ov5640_ctrl.v:13]
	Parameter IMG_W bound to: 640 - type: integer 
	Parameter IMG_H bound to: 480 - type: integer 
	Parameter CFG_CLK_FREQ bound to: 50000000 - type: integer 
	Parameter CHECK_CHIP_ID bound to: 1 - type: integer 
INFO: [Synth 8-6157] synthesizing module 'sccb_master' [E:/AMD_FPGA/Projects/Sim_GPU - Copy/rtl/sensor/sccb_master.v:11]
	Parameter CLK_FREQ bound to: 50000000 - type: integer 
	Parameter SCCB_FREQ bound to: 100000 - type: integer 
INFO: [Synth 8-226] default block is never used [E:/AMD_FPGA/Projects/Sim_GPU - Copy/rtl/sensor/sccb_master.v:148]
INFO: [Synth 8-6155] done synthesizing module 'sccb_master' (0#1) [E:/AMD_FPGA/Projects/Sim_GPU - Copy/rtl/sensor/sccb_master.v:11]
INFO: [Synth 8-6155] done synthesizing module 'ov5640_ctrl' (0#1) [E:/AMD_FPGA/Projects/Sim_GPU - Copy/rtl/sensor/ov5640_ctrl.v:13]
INFO: [Synth 8-6157] synthesizing module 'vexriscv_wrapper' [E:/AMD_FPGA/Projects/Sim_GPU - Copy/rtl/riscv/vexriscv_wrapper.v:13]
	Parameter SOFT_CTRL bound to: 2 - type: integer 
INFO: [Synth 8-6155] done synthesizing module 'vexriscv_wrapper' (0#1) [E:/AMD_FPGA/Projects/Sim_GPU - Copy/rtl/riscv/vexriscv_wrapper.v:13]
INFO: [Synth 8-6157] synthesizing module 'axi_crossbar_wrap' [E:/AMD_FPGA/Projects/Sim_GPU - Copy/rtl/interconnect/axi_crossbar_wrap.v:16]
	Parameter NNEU bound to: 16 - type: integer 
INFO: [Synth 8-6155] done synthesizing module 'axi_crossbar_wrap' (0#1) [E:/AMD_FPGA/Projects/Sim_GPU - Copy/rtl/interconnect/axi_crossbar_wrap.v:16]
INFO: [Synth 8-6157] synthesizing module 'snn_top' [E:/AMD_FPGA/Projects/Sim_GPU - Copy/rtl/snn/snn_top.v:12]
	Parameter NIN bound to: 64 - type: integer 
	Parameter NNEU bound to: 16 - type: integer 
	Parameter TSTEPS bound to: 64 - type: integer 
INFO: [Synth 8-6157] synthesizing module 'lif_neuron' [E:/AMD_FPGA/Projects/Sim_GPU - Copy/rtl/snn/lif_neuron.v:14]
	Parameter LEAK_SHIFT bound to: 4 - type: integer 
	Parameter REFRA bound to: 2 - type: integer 
INFO: [Synth 8-6155] done synthesizing module 'lif_neuron' (0#1) [E:/AMD_FPGA/Projects/Sim_GPU - Copy/rtl/snn/lif_neuron.v:14]
INFO: [Synth 8-6157] synthesizing module 'spike_encoder' [E:/AMD_FPGA/Projects/Sim_GPU - Copy/rtl/snn/spike_encoder.v:6]
	Parameter NIN bound to: 64 - type: integer 
	Parameter TSTEPS bound to: 64 - type: integer 
INFO: [Synth 8-6155] done synthesizing module 'spike_encoder' (0#1) [E:/AMD_FPGA/Projects/Sim_GPU - Copy/rtl/snn/spike_encoder.v:6]
INFO: [Synth 8-6157] synthesizing module 'synapse_array' [E:/AMD_FPGA/Projects/Sim_GPU - Copy/rtl/snn/synapse_array.v:7]
	Parameter NNEU bound to: 16 - type: integer 
	Parameter NIN bound to: 64 - type: integer 
INFO: [Synth 8-3876] $readmem data file 'mem/weights_snn.hex' is read successfully [E:/AMD_FPGA/Projects/Sim_GPU - Copy/rtl/snn/synapse_array.v:25]
INFO: [Synth 8-6155] done synthesizing module 'synapse_array' (0#1) [E:/AMD_FPGA/Projects/Sim_GPU - Copy/rtl/snn/synapse_array.v:7]
INFO: [Synth 8-226] default block is never used [E:/AMD_FPGA/Projects/Sim_GPU - Copy/rtl/snn/snn_top.v:131]
INFO: [Synth 8-6155] done synthesizing module 'snn_top' (0#1) [E:/AMD_FPGA/Projects/Sim_GPU - Copy/rtl/snn/snn_top.v:12]
INFO: [Synth 8-6157] synthesizing module 'vga_timing' [E:/AMD_FPGA/Projects/Sim_GPU - Copy/rtl/display/vga_timing.v:8]
INFO: [Synth 8-6155] done synthesizing module 'vga_timing' (0#1) [E:/AMD_FPGA/Projects/Sim_GPU - Copy/rtl/display/vga_timing.v:8]
INFO: [Synth 8-6157] synthesizing module 'mode_switch' [E:/AMD_FPGA/Projects/Sim_GPU - Copy/rtl/interconnect/mode_switch.v:7]
INFO: [Synth 8-6155] done synthesizing module 'mode_switch' (0#1) [E:/AMD_FPGA/Projects/Sim_GPU - Copy/rtl/interconnect/mode_switch.v:7]
INFO: [Synth 8-6157] synthesizing module 'framebuf_pp' [E:/AMD_FPGA/Projects/Sim_GPU - Copy/rtl/display/framebuf_pp.v:12]
	Parameter IMG_W bound to: 640 - type: integer 
	Parameter IMG_H bound to: 480 - type: integer 
INFO: [Synth 8-6155] done synthesizing module 'framebuf_pp' (0#1) [E:/AMD_FPGA/Projects/Sim_GPU - Copy/rtl/display/framebuf_pp.v:12]
INFO: [Synth 8-6157] synthesizing module 'color_map' [E:/AMD_FPGA/Projects/Sim_GPU - Copy/rtl/display/color_map.v:10]
INFO: [Synth 8-6155] done synthesizing module 'color_map' (0#1) [E:/AMD_FPGA/Projects/Sim_GPU - Copy/rtl/display/color_map.v:10]
INFO: [Synth 8-6157] synthesizing module 'hdmi_tx' [E:/AMD_FPGA/Projects/Sim_GPU - Copy/rtl/display/hdmi_tx.v:15]
INFO: [Synth 8-6155] done synthesizing module 'hdmi_tx' (0#1) [E:/AMD_FPGA/Projects/Sim_GPU - Copy/rtl/display/hdmi_tx.v:15]
INFO: [Synth 8-6155] done synthesizing module 'vision_top' (0#1) [E:/AMD_FPGA/Projects/Sim_GPU - Copy/rtl/top/vision_top.v:14]
WARNING: [Synth 8-6014] Unused sequential element src_reg_reg[0][0] was removed.  [E:/AMD_FPGA/Projects/Sim_GPU - Copy/rtl/common/window_kxk.v:116]
WARNING: [Synth 8-6014] Unused sequential element src_reg_reg[1][0] was removed.  [E:/AMD_FPGA/Projects/Sim_GPU - Copy/rtl/common/window_kxk.v:116]
WARNING: [Synth 8-6014] Unused sequential element src_reg_reg[2][0] was removed.  [E:/AMD_FPGA/Projects/Sim_GPU - Copy/rtl/common/window_kxk.v:116]
WARNING: [Synth 8-6014] Unused sequential element src_reg_reg[3][0] was removed.  [E:/AMD_FPGA/Projects/Sim_GPU - Copy/rtl/common/window_kxk.v:116]
WARNING: [Synth 8-6014] Unused sequential element sr_reg[0][0] was removed.  [E:/AMD_FPGA/Projects/Sim_GPU - Copy/rtl/common/window_kxk.v:172]
WARNING: [Synth 8-6014] Unused sequential element sr_reg[1][0] was removed.  [E:/AMD_FPGA/Projects/Sim_GPU - Copy/rtl/common/window_kxk.v:172]
WARNING: [Synth 8-6014] Unused sequential element sr_reg[2][0] was removed.  [E:/AMD_FPGA/Projects/Sim_GPU - Copy/rtl/common/window_kxk.v:172]
WARNING: [Synth 8-6014] Unused sequential element sr_reg[3][0] was removed.  [E:/AMD_FPGA/Projects/Sim_GPU - Copy/rtl/common/window_kxk.v:172]
WARNING: [Synth 8-6014] Unused sequential element sr_reg[4][0] was removed.  [E:/AMD_FPGA/Projects/Sim_GPU - Copy/rtl/common/window_kxk.v:172]
WARNING: [Synth 8-6014] Unused sequential element src_reg_reg[0][0] was removed.  [E:/AMD_FPGA/Projects/Sim_GPU - Copy/rtl/common/window_kxk.v:116]
WARNING: [Synth 8-6014] Unused sequential element src_reg_reg[1][0] was removed.  [E:/AMD_FPGA/Projects/Sim_GPU - Copy/rtl/common/window_kxk.v:116]
WARNING: [Synth 8-6014] Unused sequential element sr_reg[0][0] was removed.  [E:/AMD_FPGA/Projects/Sim_GPU - Copy/rtl/common/window_kxk.v:172]
WARNING: [Synth 8-6014] Unused sequential element sr_reg[1][0] was removed.  [E:/AMD_FPGA/Projects/Sim_GPU - Copy/rtl/common/window_kxk.v:172]
WARNING: [Synth 8-6014] Unused sequential element sr_reg[2][0] was removed.  [E:/AMD_FPGA/Projects/Sim_GPU - Copy/rtl/common/window_kxk.v:172]
WARNING: [Synth 8-6014] Unused sequential element src_reg_reg[0][0] was removed.  [E:/AMD_FPGA/Projects/Sim_GPU - Copy/rtl/common/window_kxk.v:116]
WARNING: [Synth 8-6014] Unused sequential element src_reg_reg[1][0] was removed.  [E:/AMD_FPGA/Projects/Sim_GPU - Copy/rtl/common/window_kxk.v:116]
WARNING: [Synth 8-6014] Unused sequential element sr_reg[0][0] was removed.  [E:/AMD_FPGA/Projects/Sim_GPU - Copy/rtl/common/window_kxk.v:172]
WARNING: [Synth 8-6014] Unused sequential element sr_reg[1][0] was removed.  [E:/AMD_FPGA/Projects/Sim_GPU - Copy/rtl/common/window_kxk.v:172]
WARNING: [Synth 8-6014] Unused sequential element sr_reg[2][0] was removed.  [E:/AMD_FPGA/Projects/Sim_GPU - Copy/rtl/common/window_kxk.v:172]
WARNING: [Synth 8-6014] Unused sequential element src_reg_reg[0][0] was removed.  [E:/AMD_FPGA/Projects/Sim_GPU - Copy/rtl/common/window_kxk.v:116]
WARNING: [Synth 8-6014] Unused sequential element src_reg_reg[1][0] was removed.  [E:/AMD_FPGA/Projects/Sim_GPU - Copy/rtl/common/window_kxk.v:116]
WARNING: [Synth 8-6014] Unused sequential element sr_reg[0][0] was removed.  [E:/AMD_FPGA/Projects/Sim_GPU - Copy/rtl/common/window_kxk.v:172]
WARNING: [Synth 8-6014] Unused sequential element sr_reg[1][0] was removed.  [E:/AMD_FPGA/Projects/Sim_GPU - Copy/rtl/common/window_kxk.v:172]
WARNING: [Synth 8-6014] Unused sequential element sr_reg[2][0] was removed.  [E:/AMD_FPGA/Projects/Sim_GPU - Copy/rtl/common/window_kxk.v:172]
WARNING: [Synth 8-7137] Register m_edge_d_reg in module hysteresis has both Set and reset with same priority. This may cause simulation mismatches. Consider rewriting code  [E:/AMD_FPGA/Projects/Sim_GPU - Copy/rtl/img_proc/hysteresis.v:240]
WARNING: [Synth 8-6014] Unused sequential element g_soft.id_val_reg was removed.  [E:/AMD_FPGA/Projects/Sim_GPU - Copy/rtl/riscv/vexriscv_wrapper.v:74]
WARNING: [Synth 8-6014] Unused sequential element g_soft.seq_r_reg was removed.  [E:/AMD_FPGA/Projects/Sim_GPU - Copy/rtl/riscv/vexriscv_wrapper.v:83]
WARNING: [Synth 8-6014] Unused sequential element act_mem_reg[0] was removed.  [E:/AMD_FPGA/Projects/Sim_GPU - Copy/rtl/top/vision_top.v:357]
WARNING: [Synth 8-6014] Unused sequential element act_mem_reg[1] was removed.  [E:/AMD_FPGA/Projects/Sim_GPU - Copy/rtl/top/vision_top.v:357]
WARNING: [Synth 8-6014] Unused sequential element act_mem_reg[2] was removed.  [E:/AMD_FPGA/Projects/Sim_GPU - Copy/rtl/top/vision_top.v:357]
WARNING: [Synth 8-6014] Unused sequential element act_mem_reg[3] was removed.  [E:/AMD_FPGA/Projects/Sim_GPU - Copy/rtl/top/vision_top.v:357]
WARNING: [Synth 8-6014] Unused sequential element act_mem_reg[4] was removed.  [E:/AMD_FPGA/Projects/Sim_GPU - Copy/rtl/top/vision_top.v:357]
WARNING: [Synth 8-6014] Unused sequential element act_mem_reg[5] was removed.  [E:/AMD_FPGA/Projects/Sim_GPU - Copy/rtl/top/vision_top.v:357]
WARNING: [Synth 8-6014] Unused sequential element act_mem_reg[6] was removed.  [E:/AMD_FPGA/Projects/Sim_GPU - Copy/rtl/top/vision_top.v:357]
WARNING: [Synth 8-6014] Unused sequential element act_mem_reg[7] was removed.  [E:/AMD_FPGA/Projects/Sim_GPU - Copy/rtl/top/vision_top.v:357]
WARNING: [Synth 8-6014] Unused sequential element act_mem_reg[8] was removed.  [E:/AMD_FPGA/Projects/Sim_GPU - Copy/rtl/top/vision_top.v:357]
WARNING: [Synth 8-6014] Unused sequential element act_mem_reg[9] was removed.  [E:/AMD_FPGA/Projects/Sim_GPU - Copy/rtl/top/vision_top.v:357]
WARNING: [Synth 8-6014] Unused sequential element act_mem_reg[10] was removed.  [E:/AMD_FPGA/Projects/Sim_GPU - Copy/rtl/top/vision_top.v:357]
WARNING: [Synth 8-6014] Unused sequential element act_mem_reg[11] was removed.  [E:/AMD_FPGA/Projects/Sim_GPU - Copy/rtl/top/vision_top.v:357]
WARNING: [Synth 8-6014] Unused sequential element act_mem_reg[12] was removed.  [E:/AMD_FPGA/Projects/Sim_GPU - Copy/rtl/top/vision_top.v:357]
WARNING: [Synth 8-6014] Unused sequential element act_mem_reg[13] was removed.  [E:/AMD_FPGA/Projects/Sim_GPU - Copy/rtl/top/vision_top.v:357]
WARNING: [Synth 8-6014] Unused sequential element act_mem_reg[14] was removed.  [E:/AMD_FPGA/Projects/Sim_GPU - Copy/rtl/top/vision_top.v:357]
WARNING: [Synth 8-6014] Unused sequential element act_mem_reg[15] was removed.  [E:/AMD_FPGA/Projects/Sim_GPU - Copy/rtl/top/vision_top.v:357]
WARNING: [Synth 8-6014] Unused sequential element act_mem_reg[16] was removed.  [E:/AMD_FPGA/Projects/Sim_GPU - Copy/rtl/top/vision_top.v:357]
WARNING: [Synth 8-6014] Unused sequential element act_mem_reg[17] was removed.  [E:/AMD_FPGA/Projects/Sim_GPU - Copy/rtl/top/vision_top.v:357]
WARNING: [Synth 8-6014] Unused sequential element act_mem_reg[18] was removed.  [E:/AMD_FPGA/Projects/Sim_GPU - Copy/rtl/top/vision_top.v:357]
WARNING: [Synth 8-6014] Unused sequential element act_mem_reg[19] was removed.  [E:/AMD_FPGA/Projects/Sim_GPU - Copy/rtl/top/vision_top.v:357]
WARNING: [Synth 8-6014] Unused sequential element act_mem_reg[20] was removed.  [E:/AMD_FPGA/Projects/Sim_GPU - Copy/rtl/top/vision_top.v:357]
WARNING: [Synth 8-6014] Unused sequential element act_mem_reg[21] was removed.  [E:/AMD_FPGA/Projects/Sim_GPU - Copy/rtl/top/vision_top.v:357]
WARNING: [Synth 8-6014] Unused sequential element act_mem_reg[22] was removed.  [E:/AMD_FPGA/Projects/Sim_GPU - Copy/rtl/top/vision_top.v:357]
WARNING: [Synth 8-6014] Unused sequential element act_mem_reg[23] was removed.  [E:/AMD_FPGA/Projects/Sim_GPU - Copy/rtl/top/vision_top.v:357]
WARNING: [Synth 8-6014] Unused sequential element act_mem_reg[24] was removed.  [E:/AMD_FPGA/Projects/Sim_GPU - Copy/rtl/top/vision_top.v:357]
WARNING: [Synth 8-6014] Unused sequential element act_mem_reg[25] was removed.  [E:/AMD_FPGA/Projects/Sim_GPU - Copy/rtl/top/vision_top.v:357]
WARNING: [Synth 8-6014] Unused sequential element act_mem_reg[26] was removed.  [E:/AMD_FPGA/Projects/Sim_GPU - Copy/rtl/top/vision_top.v:357]
WARNING: [Synth 8-6014] Unused sequential element act_mem_reg[27] was removed.  [E:/AMD_FPGA/Projects/Sim_GPU - Copy/rtl/top/vision_top.v:357]
WARNING: [Synth 8-6014] Unused sequential element act_mem_reg[28] was removed.  [E:/AMD_FPGA/Projects/Sim_GPU - Copy/rtl/top/vision_top.v:357]
WARNING: [Synth 8-6014] Unused sequential element act_mem_reg[29] was removed.  [E:/AMD_FPGA/Projects/Sim_GPU - Copy/rtl/top/vision_top.v:357]
WARNING: [Synth 8-6014] Unused sequential element act_mem_reg[30] was removed.  [E:/AMD_FPGA/Projects/Sim_GPU - Copy/rtl/top/vision_top.v:357]
WARNING: [Synth 8-6014] Unused sequential element act_mem_reg[31] was removed.  [E:/AMD_FPGA/Projects/Sim_GPU - Copy/rtl/top/vision_top.v:357]
WARNING: [Synth 8-6014] Unused sequential element act_mem_reg[32] was removed.  [E:/AMD_FPGA/Projects/Sim_GPU - Copy/rtl/top/vision_top.v:357]
WARNING: [Synth 8-6014] Unused sequential element act_mem_reg[33] was removed.  [E:/AMD_FPGA/Projects/Sim_GPU - Copy/rtl/top/vision_top.v:357]
WARNING: [Synth 8-6014] Unused sequential element act_mem_reg[34] was removed.  [E:/AMD_FPGA/Projects/Sim_GPU - Copy/rtl/top/vision_top.v:357]
WARNING: [Synth 8-6014] Unused sequential element act_mem_reg[35] was removed.  [E:/AMD_FPGA/Projects/Sim_GPU - Copy/rtl/top/vision_top.v:357]
WARNING: [Synth 8-6014] Unused sequential element act_mem_reg[36] was removed.  [E:/AMD_FPGA/Projects/Sim_GPU - Copy/rtl/top/vision_top.v:357]
WARNING: [Synth 8-6014] Unused sequential element act_mem_reg[37] was removed.  [E:/AMD_FPGA/Projects/Sim_GPU - Copy/rtl/top/vision_top.v:357]
WARNING: [Synth 8-6014] Unused sequential element act_mem_reg[38] was removed.  [E:/AMD_FPGA/Projects/Sim_GPU - Copy/rtl/top/vision_top.v:357]
WARNING: [Synth 8-6014] Unused sequential element act_mem_reg[39] was removed.  [E:/AMD_FPGA/Projects/Sim_GPU - Copy/rtl/top/vision_top.v:357]
WARNING: [Synth 8-6014] Unused sequential element act_mem_reg[40] was removed.  [E:/AMD_FPGA/Projects/Sim_GPU - Copy/rtl/top/vision_top.v:357]
WARNING: [Synth 8-6014] Unused sequential element act_mem_reg[41] was removed.  [E:/AMD_FPGA/Projects/Sim_GPU - Copy/rtl/top/vision_top.v:357]
WARNING: [Synth 8-6014] Unused sequential element act_mem_reg[42] was removed.  [E:/AMD_FPGA/Projects/Sim_GPU - Copy/rtl/top/vision_top.v:357]
WARNING: [Synth 8-6014] Unused sequential element act_mem_reg[43] was removed.  [E:/AMD_FPGA/Projects/Sim_GPU - Copy/rtl/top/vision_top.v:357]
WARNING: [Synth 8-6014] Unused sequential element act_mem_reg[44] was removed.  [E:/AMD_FPGA/Projects/Sim_GPU - Copy/rtl/top/vision_top.v:357]
WARNING: [Synth 8-6014] Unused sequential element act_mem_reg[45] was removed.  [E:/AMD_FPGA/Projects/Sim_GPU - Copy/rtl/top/vision_top.v:357]
WARNING: [Synth 8-6014] Unused sequential element act_mem_reg[46] was removed.  [E:/AMD_FPGA/Projects/Sim_GPU - Copy/rtl/top/vision_top.v:357]
WARNING: [Synth 8-6014] Unused sequential element act_mem_reg[47] was removed.  [E:/AMD_FPGA/Projects/Sim_GPU - Copy/rtl/top/vision_top.v:357]
WARNING: [Synth 8-6014] Unused sequential element act_mem_reg[48] was removed.  [E:/AMD_FPGA/Projects/Sim_GPU - Copy/rtl/top/vision_top.v:357]
WARNING: [Synth 8-6014] Unused sequential element act_mem_reg[49] was removed.  [E:/AMD_FPGA/Projects/Sim_GPU - Copy/rtl/top/vision_top.v:357]
WARNING: [Synth 8-6014] Unused sequential element act_mem_reg[50] was removed.  [E:/AMD_FPGA/Projects/Sim_GPU - Copy/rtl/top/vision_top.v:357]
WARNING: [Synth 8-6014] Unused sequential element act_mem_reg[51] was removed.  [E:/AMD_FPGA/Projects/Sim_GPU - Copy/rtl/top/vision_top.v:357]
WARNING: [Synth 8-6014] Unused sequential element act_mem_reg[52] was removed.  [E:/AMD_FPGA/Projects/Sim_GPU - Copy/rtl/top/vision_top.v:357]
WARNING: [Synth 8-6014] Unused sequential element act_mem_reg[53] was removed.  [E:/AMD_FPGA/Projects/Sim_GPU - Copy/rtl/top/vision_top.v:357]
WARNING: [Synth 8-6014] Unused sequential element act_mem_reg[54] was removed.  [E:/AMD_FPGA/Projects/Sim_GPU - Copy/rtl/top/vision_top.v:357]
WARNING: [Synth 8-6014] Unused sequential element act_mem_reg[55] was removed.  [E:/AMD_FPGA/Projects/Sim_GPU - Copy/rtl/top/vision_top.v:357]
WARNING: [Synth 8-6014] Unused sequential element act_mem_reg[56] was removed.  [E:/AMD_FPGA/Projects/Sim_GPU - Copy/rtl/top/vision_top.v:357]
WARNING: [Synth 8-6014] Unused sequential element act_mem_reg[57] was removed.  [E:/AMD_FPGA/Projects/Sim_GPU - Copy/rtl/top/vision_top.v:357]
WARNING: [Synth 8-6014] Unused sequential element act_mem_reg[58] was removed.  [E:/AMD_FPGA/Projects/Sim_GPU - Copy/rtl/top/vision_top.v:357]
WARNING: [Synth 8-6014] Unused sequential element act_mem_reg[59] was removed.  [E:/AMD_FPGA/Projects/Sim_GPU - Copy/rtl/top/vision_top.v:357]
WARNING: [Synth 8-6014] Unused sequential element act_mem_reg[60] was removed.  [E:/AMD_FPGA/Projects/Sim_GPU - Copy/rtl/top/vision_top.v:357]
WARNING: [Synth 8-6014] Unused sequential element act_mem_reg[61] was removed.  [E:/AMD_FPGA/Projects/Sim_GPU - Copy/rtl/top/vision_top.v:357]
WARNING: [Synth 8-6014] Unused sequential element act_mem_reg[62] was removed.  [E:/AMD_FPGA/Projects/Sim_GPU - Copy/rtl/top/vision_top.v:357]
WARNING: [Synth 8-6014] Unused sequential element act_mem_reg[63] was removed.  [E:/AMD_FPGA/Projects/Sim_GPU - Copy/rtl/top/vision_top.v:357]
WARNING: [Synth 8-3848] Net mu_rready in module/entity vision_top does not have driver. [E:/AMD_FPGA/Projects/Sim_GPU - Copy/rtl/top/vision_top.v:254]
WARNING: [Synth 8-3848] Net mu_rdata in module/entity vision_top does not have driver. [E:/AMD_FPGA/Projects/Sim_GPU - Copy/rtl/top/vision_top.v:256]
WARNING: [Synth 8-3848] Net fw_rdata in module/entity vision_top does not have driver. [E:/AMD_FPGA/Projects/Sim_GPU - Copy/rtl/top/vision_top.v:248]
WARNING: [Synth 8-7129] Port disp_y[5] in module color_map is either unconnected or has no load
WARNING: [Synth 8-7129] Port disp_y[4] in module color_map is either unconnected or has no load
WARNING: [Synth 8-7129] Port disp_y[3] in module color_map is either unconnected or has no load
WARNING: [Synth 8-7129] Port disp_y[2] in module color_map is either unconnected or has no load
WARNING: [Synth 8-7129] Port disp_y[1] in module color_map is either unconnected or has no load
WARNING: [Synth 8-7129] Port disp_y[0] in module color_map is either unconnected or has no load
WARNING: [Synth 8-7129] Port waddr[19] in module framebuf_pp is either unconnected or has no load
WARNING: [Synth 8-7129] Port raddr[19] in module framebuf_pp is either unconnected or has no load
WARNING: [Synth 8-7129] Port s_wdata[31] in module axi_crossbar_wrap is either unconnected or has no load
WARNING: [Synth 8-7129] Port s_wdata[30] in module axi_crossbar_wrap is either unconnected or has no load
WARNING: [Synth 8-7129] Port s_wdata[29] in module axi_crossbar_wrap is either unconnected or has no load
WARNING: [Synth 8-7129] Port s_wdata[28] in module axi_crossbar_wrap is either unconnected or has no load
WARNING: [Synth 8-7129] Port s_wdata[27] in module axi_crossbar_wrap is either unconnected or has no load
WARNING: [Synth 8-7129] Port s_wdata[26] in module axi_crossbar_wrap is either unconnected or has no load
WARNING: [Synth 8-7129] Port s_wdata[25] in module axi_crossbar_wrap is either unconnected or has no load
WARNING: [Synth 8-7129] Port s_wdata[24] in module axi_crossbar_wrap is either unconnected or has no load
WARNING: [Synth 8-7129] Port s_bready in module axi_crossbar_wrap is either unconnected or has no load
WARNING: [Synth 8-7129] Port s_rready in module axi_crossbar_wrap is either unconnected or has no load
WARNING: [Synth 8-7129] Port m_awready in module vexriscv_wrapper is either unconnected or has no load
WARNING: [Synth 8-7129] Port m_wready in module vexriscv_wrapper is either unconnected or has no load
WARNING: [Synth 8-7129] Port m_arready in module vexriscv_wrapper is either unconnected or has no load
WARNING: [Synth 8-7129] Port m_rdata[31] in module vexriscv_wrapper is either unconnected or has no load
WARNING: [Synth 8-7129] Port m_rdata[30] in module vexriscv_wrapper is either unconnected or has no load
WARNING: [Synth 8-7129] Port m_rdata[29] in module vexriscv_wrapper is either unconnected or has no load
WARNING: [Synth 8-7129] Port m_rdata[28] in module vexriscv_wrapper is either unconnected or has no load
WARNING: [Synth 8-7129] Port m_rdata[27] in module vexriscv_wrapper is either unconnected or has no load
WARNING: [Synth 8-7129] Port m_rdata[26] in module vexriscv_wrapper is either unconnected or has no load
WARNING: [Synth 8-7129] Port m_rdata[25] in module vexriscv_wrapper is either unconnected or has no load
WARNING: [Synth 8-7129] Port m_rdata[24] in module vexriscv_wrapper is either unconnected or has no load
WARNING: [Synth 8-7129] Port m_rdata[23] in module vexriscv_wrapper is either unconnected or has no load
WARNING: [Synth 8-7129] Port m_rdata[22] in module vexriscv_wrapper is either unconnected or has no load
WARNING: [Synth 8-7129] Port m_rdata[21] in module vexriscv_wrapper is either unconnected or has no load
WARNING: [Synth 8-7129] Port m_rdata[20] in module vexriscv_wrapper is either unconnected or has no load
WARNING: [Synth 8-7129] Port m_rdata[19] in module vexriscv_wrapper is either unconnected or has no load
WARNING: [Synth 8-7129] Port m_rdata[18] in module vexriscv_wrapper is either unconnected or has no load
WARNING: [Synth 8-7129] Port m_rdata[17] in module vexriscv_wrapper is either unconnected or has no load
WARNING: [Synth 8-7129] Port m_rdata[16] in module vexriscv_wrapper is either unconnected or has no load
WARNING: [Synth 8-7129] Port m_rdata[15] in module vexriscv_wrapper is either unconnected or has no load
WARNING: [Synth 8-7129] Port m_rdata[14] in module vexriscv_wrapper is either unconnected or has no load
WARNING: [Synth 8-7129] Port m_rdata[13] in module vexriscv_wrapper is either unconnected or has no load
WARNING: [Synth 8-7129] Port m_rdata[12] in module vexriscv_wrapper is either unconnected or has no load
WARNING: [Synth 8-7129] Port m_rdata[11] in module vexriscv_wrapper is either unconnected or has no load
WARNING: [Synth 8-7129] Port m_rdata[10] in module vexriscv_wrapper is either unconnected or has no load
WARNING: [Synth 8-7129] Port m_rdata[9] in module vexriscv_wrapper is either unconnected or has no load
WARNING: [Synth 8-7129] Port m_rdata[8] in module vexriscv_wrapper is either unconnected or has no load
WARNING: [Synth 8-7129] Port m_rdata[7] in module vexriscv_wrapper is either unconnected or has no load
WARNING: [Synth 8-7129] Port m_rdata[6] in module vexriscv_wrapper is either unconnected or has no load
WARNING: [Synth 8-7129] Port m_rdata[5] in module vexriscv_wrapper is either unconnected or has no load
WARNING: [Synth 8-7129] Port m_rdata[4] in module vexriscv_wrapper is either unconnected or has no load
WARNING: [Synth 8-7129] Port m_rdata[3] in module vexriscv_wrapper is either unconnected or has no load
WARNING: [Synth 8-7129] Port m_rdata[2] in module vexriscv_wrapper is either unconnected or has no load
WARNING: [Synth 8-7129] Port m_rdata[1] in module vexriscv_wrapper is either unconnected or has no load
WARNING: [Synth 8-7129] Port m_rdata[0] in module vexriscv_wrapper is either unconnected or has no load
WARNING: [Synth 8-7129] Port vsync in module ov5640_ctrl is either unconnected or has no load
WARNING: [Synth 8-7129] Port m_axis_tready in module ov5640_ctrl is either unconnected or has no load
WARNING: [Synth 8-7129] Port m_rready in module axi_mcu_bridge is either unconnected or has no load
WARNING: [Synth 8-7129] Port s_eol in module hysteresis is either unconnected or has no load
WARNING: [Synth 8-7129] Port s_eol in module nms is either unconnected or has no load
WARNING: [Synth 8-7129] Port s_eof in module nms is either unconnected or has no load
WARNING: [Synth 8-7129] Port s_eol in module median_3x3 is either unconnected or has no load
WARNING: [Synth 8-7129] Port s_eof in module median_3x3 is either unconnected or has no load
WARNING: [Synth 8-7129] Port s_eol in module canny_top is either unconnected or has no load
WARNING: [Synth 8-7129] Port s_eof in module canny_top is either unconnected or has no load
WARNING: [Synth 8-7129] Port sim_s_sof[3] in module vision_top is either unconnected or has no load
WARNING: [Synth 8-7129] Port sim_s_sof[2] in module vision_top is either unconnected or has no load
WARNING: [Synth 8-7129] Port sim_s_sof[1] in module vision_top is either unconnected or has no load
WARNING: [Synth 8-7129] Port sim_s_sof[0] in module vision_top is either unconnected or has no load
---------------------------------------------------------------------------------
Finished RTL Elaboration : Time (s): cpu = 00:00:06 ; elapsed = 00:00:06 . Memory (MB): peak = 1483.164 ; gain = 722.426
---------------------------------------------------------------------------------
---------------------------------------------------------------------------------
Start Handling Custom Attributes
---------------------------------------------------------------------------------
---------------------------------------------------------------------------------
Finished Handling Custom Attributes : Time (s): cpu = 00:00:07 ; elapsed = 00:00:07 . Memory (MB): peak = 1483.164 ; gain = 722.426
---------------------------------------------------------------------------------
---------------------------------------------------------------------------------
Finished RTL Optimization Phase 1 : Time (s): cpu = 00:00:07 ; elapsed = 00:00:07 . Memory (MB): peak = 1483.164 ; gain = 722.426
---------------------------------------------------------------------------------
Netlist sorting complete. Time (s): cpu = 00:00:00 ; elapsed = 00:00:00.218 . Memory (MB): peak = 1483.164 ; gain = 0.000
INFO: [Netlist 29-17] Analyzing 1 Unisim elements for replacement
INFO: [Netlist 29-28] Unisim Transformation completed in 0 CPU seconds
INFO: [Project 1-570] Preparing netlist for logic optimization

Processing XDC Constraints
Initializing timing engine
Parsing XDC File [E:/AMD_FPGA/Projects/Sim_GPU - Copy/constraints/pins.xdc]
Finished Parsing XDC File [E:/AMD_FPGA/Projects/Sim_GPU - Copy/constraints/pins.xdc]
INFO: [Project 1-236] Implementation specific constraints were found while reading constraint file [E:/AMD_FPGA/Projects/Sim_GPU - Copy/constraints/pins.xdc]. These constraints will be ignored for synthesis but will be used in implementation. Impacted constraints are listed in the file [.Xil/vision_top_propImpl.xdc].
Resolution: To avoid this warning, move constraints listed in [.Xil/vision_top_propImpl.xdc] to another XDC file and exclude this new file from synthesis with the used_in_synthesis property (File Properties dialog in GUI) and re-run elaboration/synthesis.
Parsing XDC File [E:/AMD_FPGA/Projects/Sim_GPU - Copy/constraints/timing.xdc]
INFO: [Timing 38-2] Deriving generated clocks [E:/AMD_FPGA/Projects/Sim_GPU - Copy/constraints/timing.xdc:7]
WARNING: [Constraints 18-401] set_false_path: 'u_rp/clk' is not a valid endpoint. [E:/AMD_FPGA/Projects/Sim_GPU - Copy/constraints/timing.xdc:14]
Resolution: A valid end point is a data pin of a sequential cell or a primary output or inout port. Please validate that all the objects returned by your query belong to this list.
WARNING: [Constraints 18-401] set_false_path: 'u_rp/d_in' is not a valid endpoint. [E:/AMD_FPGA/Projects/Sim_GPU - Copy/constraints/timing.xdc:14]
Resolution: A valid end point is a data pin of a sequential cell or a primary output or inout port. Please validate that all the objects returned by your query belong to this list.
WARNING: [Constraints 18-401] set_false_path: 'u_rp/q_out' is not a valid endpoint. [E:/AMD_FPGA/Projects/Sim_GPU - Copy/constraints/timing.xdc:14]
Resolution: A valid end point is a data pin of a sequential cell or a primary output or inout port. Please validate that all the objects returned by your query belong to this list.
WARNING: [Constraints 18-401] set_false_path: 'u_rp/rst_n' is not a valid endpoint. [E:/AMD_FPGA/Projects/Sim_GPU - Copy/constraints/timing.xdc:14]
Resolution: A valid end point is a data pin of a sequential cell or a primary output or inout port. Please validate that all the objects returned by your query belong to this list.
WARNING: [Constraints 18-401] set_false_path: 'u_rp/sync_ff_reg[0]/Q' is not a valid endpoint. [E:/AMD_FPGA/Projects/Sim_GPU - Copy/constraints/timing.xdc:14]
Resolution: A valid end point is a data pin of a sequential cell or a primary output or inout port. Please validate that all the objects returned by your query belong to this list.
WARNING: [Constraints 18-401] set_false_path: 'u_rp/sync_ff_reg[1]/Q' is not a valid endpoint. [E:/AMD_FPGA/Projects/Sim_GPU - Copy/constraints/timing.xdc:14]
Resolution: A valid end point is a data pin of a sequential cell or a primary output or inout port. Please validate that all the objects returned by your query belong to this list.
WARNING: [Constraints 18-401] set_false_path: 'th_hi_p1_reg[0]/PRE' is not a valid endpoint. [E:/AMD_FPGA/Projects/Sim_GPU - Copy/constraints/timing.xdc:15]
Resolution: A valid end point is a data pin of a sequential cell or a primary output or inout port. Please validate that all the objects returned by your query belong to this list.
WARNING: [Constraints 18-401] set_false_path: 'th_hi_p1_reg[0]/Q' is not a valid endpoint. [E:/AMD_FPGA/Projects/Sim_GPU - Copy/constraints/timing.xdc:15]
Resolution: A valid end point is a data pin of a sequential cell or a primary output or inout port. Please validate that all the objects returned by your query belong to this list.
WARNING: [Constraints 18-401] set_false_path: 'th_hi_p1_reg[10]/PRE' is not a valid endpoint. [E:/AMD_FPGA/Projects/Sim_GPU - Copy/constraints/timing.xdc:15]
Resolution: A valid end point is a data pin of a sequential cell or a primary output or inout port. Please validate that all the objects returned by your query belong to this list.
WARNING: [Constraints 18-401] set_false_path: 'th_hi_p1_reg[10]/Q' is not a valid endpoint. [E:/AMD_FPGA/Projects/Sim_GPU - Copy/constraints/timing.xdc:15]
Resolution: A valid end point is a data pin of a sequential cell or a primary output or inout port. Please validate that all the objects returned by your query belong to this list.
WARNING: [Constraints 18-401] set_false_path: 'th_hi_p1_reg[11]/PRE' is not a valid endpoint. [E:/AMD_FPGA/Projects/Sim_GPU - Copy/constraints/timing.xdc:15]
Resolution: A valid end point is a data pin of a sequential cell or a primary output or inout port. Please validate that all the objects returned by your query belong to this list.
WARNING: [Constraints 18-401] set_false_path: 'th_hi_p1_reg[11]/Q' is not a valid endpoint. [E:/AMD_FPGA/Projects/Sim_GPU - Copy/constraints/timing.xdc:15]
Resolution: A valid end point is a data pin of a sequential cell or a primary output or inout port. Please validate that all the objects returned by your query belong to this list.
WARNING: [Constraints 18-401] set_false_path: 'th_hi_p1_reg[1]/PRE' is not a valid endpoint. [E:/AMD_FPGA/Projects/Sim_GPU - Copy/constraints/timing.xdc:15]
Resolution: A valid end point is a data pin of a sequential cell or a primary output or inout port. Please validate that all the objects returned by your query belong to this list.
WARNING: [Constraints 18-401] set_false_path: 'th_hi_p1_reg[1]/Q' is not a valid endpoint. [E:/AMD_FPGA/Projects/Sim_GPU - Copy/constraints/timing.xdc:15]
Resolution: A valid end point is a data pin of a sequential cell or a primary output or inout port. Please validate that all the objects returned by your query belong to this list.
WARNING: [Constraints 18-401] set_false_path: 'th_hi_p1_reg[2]/PRE' is not a valid endpoint. [E:/AMD_FPGA/Projects/Sim_GPU - Copy/constraints/timing.xdc:15]
Resolution: A valid end point is a data pin of a sequential cell or a primary output or inout port. Please validate that all the objects returned by your query belong to this list.
WARNING: [Constraints 18-401] set_false_path: 'th_hi_p1_reg[2]/Q' is not a valid endpoint. [E:/AMD_FPGA/Projects/Sim_GPU - Copy/constraints/timing.xdc:15]
Resolution: A valid end point is a data pin of a sequential cell or a primary output or inout port. Please validate that all the objects returned by your query belong to this list.
WARNING: [Constraints 18-401] set_false_path: 'th_hi_p1_reg[3]/CLR' is not a valid endpoint. [E:/AMD_FPGA/Projects/Sim_GPU - Copy/constraints/timing.xdc:15]
Resolution: A valid end point is a data pin of a sequential cell or a primary output or inout port. Please validate that all the objects returned by your query belong to this list.
WARNING: [Constraints 18-401] set_false_path: 'th_hi_p1_reg[3]/Q' is not a valid endpoint. [E:/AMD_FPGA/Projects/Sim_GPU - Copy/constraints/timing.xdc:15]
Resolution: A valid end point is a data pin of a sequential cell or a primary output or inout port. Please validate that all the objects returned by your query belong to this list.
WARNING: [Constraints 18-401] set_false_path: 'th_hi_p1_reg[4]/CLR' is not a valid endpoint. [E:/AMD_FPGA/Projects/Sim_GPU - Copy/constraints/timing.xdc:15]
Resolution: A valid end point is a data pin of a sequential cell or a primary output or inout port. Please validate that all the objects returned by your query belong to this list.
WARNING: [Constraints 18-401] set_false_path: 'th_hi_p1_reg[4]/Q' is not a valid endpoint. [E:/AMD_FPGA/Projects/Sim_GPU - Copy/constraints/timing.xdc:15]
Resolution: A valid end point is a data pin of a sequential cell or a primary output or inout port. Please validate that all the objects returned by your query belong to this list.
WARNING: [Constraints 18-401] set_false_path: 'th_hi_p1_reg[5]/PRE' is not a valid endpoint. [E:/AMD_FPGA/Projects/Sim_GPU - Copy/constraints/timing.xdc:15]
Resolution: A valid end point is a data pin of a sequential cell or a primary output or inout port. Please validate that all the objects returned by your query belong to this list.
WARNING: [Constraints 18-401] set_false_path: 'th_hi_p1_reg[5]/Q' is not a valid endpoint. [E:/AMD_FPGA/Projects/Sim_GPU - Copy/constraints/timing.xdc:15]
Resolution: A valid end point is a data pin of a sequential cell or a primary output or inout port. Please validate that all the objects returned by your query belong to this list.
WARNING: [Constraints 18-401] set_false_path: 'th_hi_p1_reg[6]/CLR' is not a valid endpoint. [E:/AMD_FPGA/Projects/Sim_GPU - Copy/constraints/timing.xdc:15]
Resolution: A valid end point is a data pin of a sequential cell or a primary output or inout port. Please validate that all the objects returned by your query belong to this list.
WARNING: [Constraints 18-401] set_false_path: 'th_hi_p1_reg[6]/Q' is not a valid endpoint. [E:/AMD_FPGA/Projects/Sim_GPU - Copy/constraints/timing.xdc:15]
Resolution: A valid end point is a data pin of a sequential cell or a primary output or inout port. Please validate that all the objects returned by your query belong to this list.
WARNING: [Constraints 18-401] set_false_path: 'th_hi_p1_reg[7]/PRE' is not a valid endpoint. [E:/AMD_FPGA/Projects/Sim_GPU - Copy/constraints/timing.xdc:15]
Resolution: A valid end point is a data pin of a sequential cell or a primary output or inout port. Please validate that all the objects returned by your query belong to this list.
WARNING: [Constraints 18-401] set_false_path: 'th_hi_p1_reg[7]/Q' is not a valid endpoint. [E:/AMD_FPGA/Projects/Sim_GPU - Copy/constraints/timing.xdc:15]
Resolution: A valid end point is a data pin of a sequential cell or a primary output or inout port. Please validate that all the objects returned by your query belong to this list.
WARNING: [Constraints 18-401] set_false_path: 'th_hi_p1_reg[8]/PRE' is not a valid endpoint. [E:/AMD_FPGA/Projects/Sim_GPU - Copy/constraints/timing.xdc:15]
Resolution: A valid end point is a data pin of a sequential cell or a primary output or inout port. Please validate that all the objects returned by your query belong to this list.
WARNING: [Constraints 18-401] set_false_path: 'th_hi_p1_reg[8]/Q' is not a valid endpoint. [E:/AMD_FPGA/Projects/Sim_GPU - Copy/constraints/timing.xdc:15]
Resolution: A valid end point is a data pin of a sequential cell or a primary output or inout port. Please validate that all the objects returned by your query belong to this list.
WARNING: [Constraints 18-401] set_false_path: 'th_hi_p1_reg[9]/CLR' is not a valid endpoint. [E:/AMD_FPGA/Projects/Sim_GPU - Copy/constraints/timing.xdc:15]
Resolution: A valid end point is a data pin of a sequential cell or a primary output or inout port. Please validate that all the objects returned by your query belong to this list.
WARNING: [Constraints 18-401] set_false_path: 'th_hi_p1_reg[9]/Q' is not a valid endpoint. [E:/AMD_FPGA/Projects/Sim_GPU - Copy/constraints/timing.xdc:15]
Resolution: A valid end point is a data pin of a sequential cell or a primary output or inout port. Please validate that all the objects returned by your query belong to this list.
WARNING: [Constraints 18-401] set_false_path: 'th_lo_p1_reg[0]/PRE' is not a valid endpoint. [E:/AMD_FPGA/Projects/Sim_GPU - Copy/constraints/timing.xdc:16]
Resolution: A valid end point is a data pin of a sequential cell or a primary output or inout port. Please validate that all the objects returned by your query belong to this list.
WARNING: [Constraints 18-401] set_false_path: 'th_lo_p1_reg[0]/Q' is not a valid endpoint. [E:/AMD_FPGA/Projects/Sim_GPU - Copy/constraints/timing.xdc:16]
Resolution: A valid end point is a data pin of a sequential cell or a primary output or inout port. Please validate that all the objects returned by your query belong to this list.
WARNING: [Constraints 18-401] set_false_path: 'th_lo_p1_reg[10]/PRE' is not a valid endpoint. [E:/AMD_FPGA/Projects/Sim_GPU - Copy/constraints/timing.xdc:16]
Resolution: A valid end point is a data pin of a sequential cell or a primary output or inout port. Please validate that all the objects returned by your query belong to this list.
WARNING: [Constraints 18-401] set_false_path: 'th_lo_p1_reg[10]/Q' is not a valid endpoint. [E:/AMD_FPGA/Projects/Sim_GPU - Copy/constraints/timing.xdc:16]
Resolution: A valid end point is a data pin of a sequential cell or a primary output or inout port. Please validate that all the objects returned by your query belong to this list.
WARNING: [Constraints 18-401] set_false_path: 'th_lo_p1_reg[11]/PRE' is not a valid endpoint. [E:/AMD_FPGA/Projects/Sim_GPU - Copy/constraints/timing.xdc:16]
Resolution: A valid end point is a data pin of a sequential cell or a primary output or inout port. Please validate that all the objects returned by your query belong to this list.
WARNING: [Constraints 18-401] set_false_path: 'th_lo_p1_reg[11]/Q' is not a valid endpoint. [E:/AMD_FPGA/Projects/Sim_GPU - Copy/constraints/timing.xdc:16]
Resolution: A valid end point is a data pin of a sequential cell or a primary output or inout port. Please validate that all the objects returned by your query belong to this list.
WARNING: [Constraints 18-401] set_false_path: 'th_lo_p1_reg[1]/PRE' is not a valid endpoint. [E:/AMD_FPGA/Projects/Sim_GPU - Copy/constraints/timing.xdc:16]
Resolution: A valid end point is a data pin of a sequential cell or a primary output or inout port. Please validate that all the objects returned by your query belong to this list.
WARNING: [Constraints 18-401] set_false_path: 'th_lo_p1_reg[1]/Q' is not a valid endpoint. [E:/AMD_FPGA/Projects/Sim_GPU - Copy/constraints/timing.xdc:16]
Resolution: A valid end point is a data pin of a sequential cell or a primary output or inout port. Please validate that all the objects returned by your query belong to this list.
WARNING: [Constraints 18-401] set_false_path: 'th_lo_p1_reg[2]/PRE' is not a valid endpoint. [E:/AMD_FPGA/Projects/Sim_GPU - Copy/constraints/timing.xdc:16]
Resolution: A valid end point is a data pin of a sequential cell or a primary output or inout port. Please validate that all the objects returned by your query belong to this list.
WARNING: [Constraints 18-401] set_false_path: 'th_lo_p1_reg[2]/Q' is not a valid endpoint. [E:/AMD_FPGA/Projects/Sim_GPU - Copy/constraints/timing.xdc:16]
Resolution: A valid end point is a data pin of a sequential cell or a primary output or inout port. Please validate that all the objects returned by your query belong to this list.
WARNING: [Constraints 18-401] set_false_path: 'th_lo_p1_reg[3]/CLR' is not a valid endpoint. [E:/AMD_FPGA/Projects/Sim_GPU - Copy/constraints/timing.xdc:16]
Resolution: A valid end point is a data pin of a sequential cell or a primary output or inout port. Please validate that all the objects returned by your query belong to this list.
WARNING: [Constraints 18-401] set_false_path: 'th_lo_p1_reg[3]/Q' is not a valid endpoint. [E:/AMD_FPGA/Projects/Sim_GPU - Copy/constraints/timing.xdc:16]
Resolution: A valid end point is a data pin of a sequential cell or a primary output or inout port. Please validate that all the objects returned by your query belong to this list.
WARNING: [Constraints 18-401] set_false_path: 'th_lo_p1_reg[4]/PRE' is not a valid endpoint. [E:/AMD_FPGA/Projects/Sim_GPU - Copy/constraints/timing.xdc:16]
Resolution: A valid end point is a data pin of a sequential cell or a primary output or inout port. Please validate that all the objects returned by your query belong to this list.
WARNING: [Constraints 18-401] set_false_path: 'th_lo_p1_reg[4]/Q' is not a valid endpoint. [E:/AMD_FPGA/Projects/Sim_GPU - Copy/constraints/timing.xdc:16]
Resolution: A valid end point is a data pin of a sequential cell or a primary output or inout port. Please validate that all the objects returned by your query belong to this list.
WARNING: [Constraints 18-401] set_false_path: 'th_lo_p1_reg[5]/PRE' is not a valid endpoint. [E:/AMD_FPGA/Projects/Sim_GPU - Copy/constraints/timing.xdc:16]
Resolution: A valid end point is a data pin of a sequential cell or a primary output or inout port. Please validate that all the objects returned by your query belong to this list.
WARNING: [Constraints 18-401] set_false_path: 'th_lo_p1_reg[5]/Q' is not a valid endpoint. [E:/AMD_FPGA/Projects/Sim_GPU - Copy/constraints/timing.xdc:16]
Resolution: A valid end point is a data pin of a sequential cell or a primary output or inout port. Please validate that all the objects returned by your query belong to this list.
WARNING: [Constraints 18-401] set_false_path: 'th_lo_p1_reg[6]/CLR' is not a valid endpoint. [E:/AMD_FPGA/Projects/Sim_GPU - Copy/constraints/timing.xdc:16]
Resolution: A valid end point is a data pin of a sequential cell or a primary output or inout port. Please validate that all the objects returned by your query belong to this list.
WARNING: [Constraints 18-401] set_false_path: 'th_lo_p1_reg[6]/Q' is not a valid endpoint. [E:/AMD_FPGA/Projects/Sim_GPU - Copy/constraints/timing.xdc:16]
Resolution: A valid end point is a data pin of a sequential cell or a primary output or inout port. Please validate that all the objects returned by your query belong to this list.
WARNING: [Constraints 18-401] set_false_path: 'th_lo_p1_reg[7]/CLR' is not a valid endpoint. [E:/AMD_FPGA/Projects/Sim_GPU - Copy/constraints/timing.xdc:16]
Resolution: A valid end point is a data pin of a sequential cell or a primary output or inout port. Please validate that all the objects returned by your query belong to this list.
WARNING: [Constraints 18-401] set_false_path: 'th_lo_p1_reg[7]/Q' is not a valid endpoint. [E:/AMD_FPGA/Projects/Sim_GPU - Copy/constraints/timing.xdc:16]
Resolution: A valid end point is a data pin of a sequential cell or a primary output or inout port. Please validate that all the objects returned by your query belong to this list.
WARNING: [Constraints 18-401] set_false_path: 'th_lo_p1_reg[8]/PRE' is not a valid endpoint. [E:/AMD_FPGA/Projects/Sim_GPU - Copy/constraints/timing.xdc:16]
Resolution: A valid end point is a data pin of a sequential cell or a primary output or inout port. Please validate that all the objects returned by your query belong to this list.
WARNING: [Constraints 18-401] set_false_path: 'th_lo_p1_reg[8]/Q' is not a valid endpoint. [E:/AMD_FPGA/Projects/Sim_GPU - Copy/constraints/timing.xdc:16]
Resolution: A valid end point is a data pin of a sequential cell or a primary output or inout port. Please validate that all the objects returned by your query belong to this list.
WARNING: [Constraints 18-401] set_false_path: 'th_lo_p1_reg[9]/PRE' is not a valid endpoint. [E:/AMD_FPGA/Projects/Sim_GPU - Copy/constraints/timing.xdc:16]
Resolution: A valid end point is a data pin of a sequential cell or a primary output or inout port. Please validate that all the objects returned by your query belong to this list.
WARNING: [Constraints 18-401] set_false_path: 'th_lo_p1_reg[9]/Q' is not a valid endpoint. [E:/AMD_FPGA/Projects/Sim_GPU - Copy/constraints/timing.xdc:16]
Resolution: A valid end point is a data pin of a sequential cell or a primary output or inout port. Please validate that all the objects returned by your query belong to this list.
WARNING: [Constraints 18-401] set_false_path: 'snn_run_tgl_p1_reg/Q' is not a valid endpoint. [E:/AMD_FPGA/Projects/Sim_GPU - Copy/constraints/timing.xdc:19]
Resolution: A valid end point is a data pin of a sequential cell or a primary output or inout port. Please validate that all the objects returned by your query belong to this list.
WARNING: [Constraints 18-401] set_false_path: 'g_mcu_ctrl.u_mcu_bridge/st_p1_reg[0]/Q' is not a valid endpoint. [E:/AMD_FPGA/Projects/Sim_GPU - Copy/constraints/timing.xdc:22]
Resolution: A valid end point is a data pin of a sequential cell or a primary output or inout port. Please validate that all the objects returned by your query belong to this list.
WARNING: [Constraints 18-401] set_false_path: 'g_mcu_ctrl.u_mcu_bridge/st_p1_reg[1]/Q' is not a valid endpoint. [E:/AMD_FPGA/Projects/Sim_GPU - Copy/constraints/timing.xdc:22]
Resolution: A valid end point is a data pin of a sequential cell or a primary output or inout port. Please validate that all the objects returned by your query belong to this list.
WARNING: [Constraints 18-401] set_false_path: 'g_mcu_ctrl.u_mcu_bridge/st_p1_reg[2]/Q' is not a valid endpoint. [E:/AMD_FPGA/Projects/Sim_GPU - Copy/constraints/timing.xdc:22]
Resolution: A valid end point is a data pin of a sequential cell or a primary output or inout port. Please validate that all the objects returned by your query belong to this list.
WARNING: [Constraints 18-401] set_false_path: 'g_mcu_ctrl.u_mcu_bridge/st_p1_reg[3]/Q' is not a valid endpoint. [E:/AMD_FPGA/Projects/Sim_GPU - Copy/constraints/timing.xdc:22]
Resolution: A valid end point is a data pin of a sequential cell or a primary output or inout port. Please validate that all the objects returned by your query belong to this list.
WARNING: [Constraints 18-401] set_false_path: 'g_mcu_ctrl.u_mcu_bridge/st_p1_reg[4]/Q' is not a valid endpoint. [E:/AMD_FPGA/Projects/Sim_GPU - Copy/constraints/timing.xdc:22]
Resolution: A valid end point is a data pin of a sequential cell or a primary output or inout port. Please validate that all the objects returned by your query belong to this list.
WARNING: [Constraints 18-401] set_false_path: 'act_wr_p1_reg/Q' is not a valid endpoint. [E:/AMD_FPGA/Projects/Sim_GPU - Copy/constraints/timing.xdc:25]
Resolution: A valid end point is a data pin of a sequential cell or a primary output or inout port. Please validate that all the objects returned by your query belong to this list.
WARNING: [Constraints 18-401] set_false_path: 'u_snn/act_reg[0]_i' is not a valid endpoint. [E:/AMD_FPGA/Projects/Sim_GPU - Copy/constraints/timing.xdc:28]
Resolution: A valid end point is a data pin of a sequential cell or a primary output or inout port. Please validate that all the objects returned by your query belong to this list.
WARNING: [Constraints 18-401] set_false_path: 'u_snn/act_reg[10]_i' is not a valid endpoint. [E:/AMD_FPGA/Projects/Sim_GPU - Copy/constraints/timing.xdc:28]
Resolution: A valid end point is a data pin of a sequential cell or a primary output or inout port. Please validate that all the objects returned by your query belong to this list.
WARNING: [Constraints 18-401] set_false_path: 'u_snn/act_reg[11]_i' is not a valid endpoint. [E:/AMD_FPGA/Projects/Sim_GPU - Copy/constraints/timing.xdc:28]
Resolution: A valid end point is a data pin of a sequential cell or a primary output or inout port. Please validate that all the objects returned by your query belong to this list.
WARNING: [Constraints 18-401] set_false_path: 'u_snn/act_reg[12]_i' is not a valid endpoint. [E:/AMD_FPGA/Projects/Sim_GPU - Copy/constraints/timing.xdc:28]
Resolution: A valid end point is a data pin of a sequential cell or a primary output or inout port. Please validate that all the objects returned by your query belong to this list.
WARNING: [Constraints 18-401] set_false_path: 'u_snn/act_reg[13]_i' is not a valid endpoint. [E:/AMD_FPGA/Projects/Sim_GPU - Copy/constraints/timing.xdc:28]
Resolution: A valid end point is a data pin of a sequential cell or a primary output or inout port. Please validate that all the objects returned by your query belong to this list.
WARNING: [Constraints 18-401] set_false_path: 'u_snn/act_reg[14]_i' is not a valid endpoint. [E:/AMD_FPGA/Projects/Sim_GPU - Copy/constraints/timing.xdc:28]
Resolution: A valid end point is a data pin of a sequential cell or a primary output or inout port. Please validate that all the objects returned by your query belong to this list.
WARNING: [Constraints 18-401] set_false_path: 'u_snn/act_reg[15]_i' is not a valid endpoint. [E:/AMD_FPGA/Projects/Sim_GPU - Copy/constraints/timing.xdc:28]
Resolution: A valid end point is a data pin of a sequential cell or a primary output or inout port. Please validate that all the objects returned by your query belong to this list.
WARNING: [Constraints 18-401] set_false_path: 'u_snn/act_reg[16]_i' is not a valid endpoint. [E:/AMD_FPGA/Projects/Sim_GPU - Copy/constraints/timing.xdc:28]
Resolution: A valid end point is a data pin of a sequential cell or a primary output or inout port. Please validate that all the objects returned by your query belong to this list.
WARNING: [Constraints 18-401] set_false_path: 'u_snn/act_reg[17]_i' is not a valid endpoint. [E:/AMD_FPGA/Projects/Sim_GPU - Copy/constraints/timing.xdc:28]
Resolution: A valid end point is a data pin of a sequential cell or a primary output or inout port. Please validate that all the objects returned by your query belong to this list.
WARNING: [Constraints 18-401] set_false_path: 'u_snn/act_reg[18]_i' is not a valid endpoint. [E:/AMD_FPGA/Projects/Sim_GPU - Copy/constraints/timing.xdc:28]
Resolution: A valid end point is a data pin of a sequential cell or a primary output or inout port. Please validate that all the objects returned by your query belong to this list.
WARNING: [Constraints 18-401] set_false_path: 'u_snn/act_reg[19]_i' is not a valid endpoint. [E:/AMD_FPGA/Projects/Sim_GPU - Copy/constraints/timing.xdc:28]
Resolution: A valid end point is a data pin of a sequential cell or a primary output or inout port. Please validate that all the objects returned by your query belong to this list.
WARNING: [Constraints 18-401] set_false_path: 'u_snn/act_reg[1]_i' is not a valid endpoint. [E:/AMD_FPGA/Projects/Sim_GPU - Copy/constraints/timing.xdc:28]
Resolution: A valid end point is a data pin of a sequential cell or a primary output or inout port. Please validate that all the objects returned by your query belong to this list.
WARNING: [Constraints 18-401] set_false_path: 'u_snn/act_reg[20]_i' is not a valid endpoint. [E:/AMD_FPGA/Projects/Sim_GPU - Copy/constraints/timing.xdc:28]
Resolution: A valid end point is a data pin of a sequential cell or a primary output or inout port. Please validate that all the objects returned by your query belong to this list.
WARNING: [Constraints 18-401] set_false_path: 'u_snn/act_reg[21]_i' is not a valid endpoint. [E:/AMD_FPGA/Projects/Sim_GPU - Copy/constraints/timing.xdc:28]
Resolution: A valid end point is a data pin of a sequential cell or a primary output or inout port. Please validate that all the objects returned by your query belong to this list.
WARNING: [Constraints 18-401] set_false_path: 'u_snn/act_reg[22]_i' is not a valid endpoint. [E:/AMD_FPGA/Projects/Sim_GPU - Copy/constraints/timing.xdc:28]
Resolution: A valid end point is a data pin of a sequential cell or a primary output or inout port. Please validate that all the objects returned by your query belong to this list.
WARNING: [Constraints 18-401] set_false_path: 'u_snn/act_reg[23]_i' is not a valid endpoint. [E:/AMD_FPGA/Projects/Sim_GPU - Copy/constraints/timing.xdc:28]
Resolution: A valid end point is a data pin of a sequential cell or a primary output or inout port. Please validate that all the objects returned by your query belong to this list.
WARNING: [Constraints 18-401] set_false_path: 'u_snn/act_reg[24]_i' is not a valid endpoint. [E:/AMD_FPGA/Projects/Sim_GPU - Copy/constraints/timing.xdc:28]
Resolution: A valid end point is a data pin of a sequential cell or a primary output or inout port. Please validate that all the objects returned by your query belong to this list.
WARNING: [Constraints 18-401] set_false_path: 'u_snn/act_reg[25]_i' is not a valid endpoint. [E:/AMD_FPGA/Projects/Sim_GPU - Copy/constraints/timing.xdc:28]
Resolution: A valid end point is a data pin of a sequential cell or a primary output or inout port. Please validate that all the objects returned by your query belong to this list.
WARNING: [Constraints 18-401] set_false_path: 'u_snn/act_reg[26]_i' is not a valid endpoint. [E:/AMD_FPGA/Projects/Sim_GPU - Copy/constraints/timing.xdc:28]
Resolution: A valid end point is a data pin of a sequential cell or a primary output or inout port. Please validate that all the objects returned by your query belong to this list.
WARNING: [Constraints 18-401] set_false_path: 'u_snn/act_reg[27]_i' is not a valid endpoint. [E:/AMD_FPGA/Projects/Sim_GPU - Copy/constraints/timing.xdc:28]
Resolution: A valid end point is a data pin of a sequential cell or a primary output or inout port. Please validate that all the objects returned by your query belong to this list.
WARNING: [Constraints 18-401] set_false_path: 'u_snn/act_reg[28]_i' is not a valid endpoint. [E:/AMD_FPGA/Projects/Sim_GPU - Copy/constraints/timing.xdc:28]
Resolution: A valid end point is a data pin of a sequential cell or a primary output or inout port. Please validate that all the objects returned by your query belong to this list.
WARNING: [Constraints 18-401] set_false_path: 'u_snn/act_reg[29]_i' is not a valid endpoint. [E:/AMD_FPGA/Projects/Sim_GPU - Copy/constraints/timing.xdc:28]
Resolution: A valid end point is a data pin of a sequential cell or a primary output or inout port. Please validate that all the objects returned by your query belong to this list.
WARNING: [Constraints 18-401] set_false_path: 'u_snn/act_reg[2]_i' is not a valid endpoint. [E:/AMD_FPGA/Projects/Sim_GPU - Copy/constraints/timing.xdc:28]
Resolution: A valid end point is a data pin of a sequential cell or a primary output or inout port. Please validate that all the objects returned by your query belong to this list.
WARNING: [Constraints 18-401] set_false_path: 'u_snn/act_reg[30]_i' is not a valid endpoint. [E:/AMD_FPGA/Projects/Sim_GPU - Copy/constraints/timing.xdc:28]
Resolution: A valid end point is a data pin of a sequential cell or a primary output or inout port. Please validate that all the objects returned by your query belong to this list.
WARNING: [Constraints 18-401] set_false_path: 'u_snn/act_reg[31]_i' is not a valid endpoint. [E:/AMD_FPGA/Projects/Sim_GPU - Copy/constraints/timing.xdc:28]
Resolution: A valid end point is a data pin of a sequential cell or a primary output or inout port. Please validate that all the objects returned by your query belong to this list.
WARNING: [Constraints 18-401] set_false_path: 'u_snn/act_reg[32]_i' is not a valid endpoint. [E:/AMD_FPGA/Projects/Sim_GPU - Copy/constraints/timing.xdc:28]
Resolution: A valid end point is a data pin of a sequential cell or a primary output or inout port. Please validate that all the objects returned by your query belong to this list.
WARNING: [Constraints 18-401] set_false_path: 'u_snn/act_reg[33]_i' is not a valid endpoint. [E:/AMD_FPGA/Projects/Sim_GPU - Copy/constraints/timing.xdc:28]
Resolution: A valid end point is a data pin of a sequential cell or a primary output or inout port. Please validate that all the objects returned by your query belong to this list.
WARNING: [Constraints 18-401] set_false_path: 'u_snn/act_reg[34]_i' is not a valid endpoint. [E:/AMD_FPGA/Projects/Sim_GPU - Copy/constraints/timing.xdc:28]
Resolution: A valid end point is a data pin of a sequential cell or a primary output or inout port. Please validate that all the objects returned by your query belong to this list.
WARNING: [Constraints 18-401] set_false_path: 'u_snn/act_reg[35]_i' is not a valid endpoint. [E:/AMD_FPGA/Projects/Sim_GPU - Copy/constraints/timing.xdc:28]
Resolution: A valid end point is a data pin of a sequential cell or a primary output or inout port. Please validate that all the objects returned by your query belong to this list.
WARNING: [Constraints 18-401] set_false_path: 'u_snn/act_reg[36]_i' is not a valid endpoint. [E:/AMD_FPGA/Projects/Sim_GPU - Copy/constraints/timing.xdc:28]
Resolution: A valid end point is a data pin of a sequential cell or a primary output or inout port. Please validate that all the objects returned by your query belong to this list.
WARNING: [Constraints 18-401] set_false_path: 'u_snn/act_reg[37]_i' is not a valid endpoint. [E:/AMD_FPGA/Projects/Sim_GPU - Copy/constraints/timing.xdc:28]
Resolution: A valid end point is a data pin of a sequential cell or a primary output or inout port. Please validate that all the objects returned by your query belong to this list.
WARNING: [Constraints 18-401] set_false_path: 'u_snn/act_reg[38]_i' is not a valid endpoint. [E:/AMD_FPGA/Projects/Sim_GPU - Copy/constraints/timing.xdc:28]
Resolution: A valid end point is a data pin of a sequential cell or a primary output or inout port. Please validate that all the objects returned by your query belong to this list.
WARNING: [Constraints 18-401] set_false_path: 'u_snn/act_reg[39]_i' is not a valid endpoint. [E:/AMD_FPGA/Projects/Sim_GPU - Copy/constraints/timing.xdc:28]
Resolution: A valid end point is a data pin of a sequential cell or a primary output or inout port. Please validate that all the objects returned by your query belong to this list.
WARNING: [Constraints 18-401] set_false_path: 'u_snn/act_reg[3]_i' is not a valid endpoint. [E:/AMD_FPGA/Projects/Sim_GPU - Copy/constraints/timing.xdc:28]
Resolution: A valid end point is a data pin of a sequential cell or a primary output or inout port. Please validate that all the objects returned by your query belong to this list.
WARNING: [Constraints 18-401] set_false_path: 'u_snn/act_reg[40]_i' is not a valid endpoint. [E:/AMD_FPGA/Projects/Sim_GPU - Copy/constraints/timing.xdc:28]
Resolution: A valid end point is a data pin of a sequential cell or a primary output or inout port. Please validate that all the objects returned by your query belong to this list.
WARNING: [Constraints 18-401] set_false_path: 'u_snn/act_reg[41]_i' is not a valid endpoint. [E:/AMD_FPGA/Projects/Sim_GPU - Copy/constraints/timing.xdc:28]
Resolution: A valid end point is a data pin of a sequential cell or a primary output or inout port. Please validate that all the objects returned by your query belong to this list.
WARNING: [Constraints 18-401] set_false_path: 'u_snn/act_reg[42]_i' is not a valid endpoint. [E:/AMD_FPGA/Projects/Sim_GPU - Copy/constraints/timing.xdc:28]
Resolution: A valid end point is a data pin of a sequential cell or a primary output or inout port. Please validate that all the objects returned by your query belong to this list.
WARNING: [Constraints 18-401] set_false_path: 'u_snn/act_reg[43]_i' is not a valid endpoint. [E:/AMD_FPGA/Projects/Sim_GPU - Copy/constraints/timing.xdc:28]
Resolution: A valid end point is a data pin of a sequential cell or a primary output or inout port. Please validate that all the objects returned by your query belong to this list.
WARNING: [Constraints 18-401] set_false_path: 'u_snn/act_reg[44]_i' is not a valid endpoint. [E:/AMD_FPGA/Projects/Sim_GPU - Copy/constraints/timing.xdc:28]
Resolution: A valid end point is a data pin of a sequential cell or a primary output or inout port. Please validate that all the objects returned by your query belong to this list.
INFO: [Common 17-14] Message 'Constraints 18-401' appears 100 times and further instances of the messages will be disabled. Use the Tcl command set_msg_config to change the current settings. [E:/AMD_FPGA/Projects/Sim_GPU - Copy/constraints/timing.xdc:28]
Finished Parsing XDC File [E:/AMD_FPGA/Projects/Sim_GPU - Copy/constraints/timing.xdc]
Parsing XDC File [E:/AMD_FPGA/Projects/Sim_GPU - Copy/constraints/io_standard.xdc]
Finished Parsing XDC File [E:/AMD_FPGA/Projects/Sim_GPU - Copy/constraints/io_standard.xdc]
Completed Processing XDC Constraints

Netlist sorting complete. Time (s): cpu = 00:00:00 ; elapsed = 00:00:00.008 . Memory (MB): peak = 1556.613 ; gain = 0.000
INFO: [Project 1-111] Unisim Transformation Summary:
  A total of 1 instances were transformed.
  MMCME2_BASE => MMCME2_ADV: 1 instance 

Constraint Validation Runtime : Time (s): cpu = 00:00:00 ; elapsed = 00:00:00.165 . Memory (MB): peak = 1556.613 ; gain = 0.000
---------------------------------------------------------------------------------
Finished Constraint Validation : Time (s): cpu = 00:00:23 ; elapsed = 00:00:23 . Memory (MB): peak = 1556.613 ; gain = 795.875
---------------------------------------------------------------------------------
---------------------------------------------------------------------------------
Start Loading Part and Timing Information
---------------------------------------------------------------------------------
Loading part: xc7z020clg484-1
---------------------------------------------------------------------------------
Finished Loading Part and Timing Information : Time (s): cpu = 00:00:23 ; elapsed = 00:00:23 . Memory (MB): peak = 1556.613 ; gain = 795.875
---------------------------------------------------------------------------------
---------------------------------------------------------------------------------
Start Applying 'set_property' XDC Constraints
---------------------------------------------------------------------------------
---------------------------------------------------------------------------------
Finished applying 'set_property' XDC Constraints : Time (s): cpu = 00:00:23 ; elapsed = 00:00:23 . Memory (MB): peak = 1556.613 ; gain = 795.875
---------------------------------------------------------------------------------
INFO: [Synth 8-802] inferred FSM for state register 'phase_reg' in module 'hysteresis'
INFO: [Synth 8-802] inferred FSM for state register 'state_reg' in module 'mcu8'
INFO: [Synth 8-802] inferred FSM for state register 'afs_reg' in module 'axi_mcu_bridge'
INFO: [Synth 8-802] inferred FSM for state register 'state_reg' in module 'sccb_master'
INFO: [Synth 8-802] inferred FSM for state register 'cstate_reg' in module 'ov5640_ctrl'
INFO: [Synth 8-802] inferred FSM for state register 'g_soft.state_reg' in module 'vexriscv_wrapper'
INFO: [Synth 8-802] inferred FSM for state register 'state_reg' in module 'snn_top'
---------------------------------------------------------------------------------------------------
                   State |                     New Encoding |                Previous Encoding 
---------------------------------------------------------------------------------------------------
                 PH_IDLE |                            00001 |                              000
                 PH_CAPT |                            10000 |                              001
                 PH_PASS |                            01000 |                              010
                PH_CHECK |                            00100 |                              011
               PH_OUTPUT |                            00010 |                              100
---------------------------------------------------------------------------------------------------
INFO: [Synth 8-3354] encoded FSM with state register 'phase_reg' using encoding 'one-hot' in module 'hysteresis'
---------------------------------------------------------------------------------------------------
                   State |                     New Encoding |                Previous Encoding 
---------------------------------------------------------------------------------------------------
                  S_BOOT |                             0001 |                               00
                 S_FETCH |                             0010 |                               01
                  S_EXEC |                             0100 |                               10
                  S_WAIT |                             1000 |                               11
---------------------------------------------------------------------------------------------------
INFO: [Synth 8-3354] encoded FSM with state register 'state_reg' using encoding 'one-hot' in module 'mcu8'
---------------------------------------------------------------------------------------------------
                   State |                     New Encoding |                Previous Encoding 
---------------------------------------------------------------------------------------------------
                  A_IDLE |                              000 |                              000
                  A_WCMD |                              001 |                              001
                 A_WWAIT |                              010 |                              010
                  A_RCMD |                              011 |                              011
                 A_RWAIT |                              100 |                              100
---------------------------------------------------------------------------------------------------
INFO: [Synth 8-3354] encoded FSM with state register 'afs_reg' using encoding 'sequential' in module 'axi_mcu_bridge'
---------------------------------------------------------------------------------------------------
                   State |                     New Encoding |                Previous Encoding 
---------------------------------------------------------------------------------------------------
                  S_IDLE |                              000 |                             0000
                 S_START |                              001 |                             0001
                   S_BIT |                              010 |                             0010
                 S_RDBIT |                              011 |                             0100
                  S_STOP |                              100 |                             0101
                  S_DONE |                              101 |                             0110
                S_RSTART |                              110 |                             0011
---------------------------------------------------------------------------------------------------
INFO: [Synth 8-3354] encoded FSM with state register 'state_reg' using encoding 'sequential' in module 'sccb_master'
---------------------------------------------------------------------------------------------------
                   State |                     New Encoding |                Previous Encoding 
---------------------------------------------------------------------------------------------------
               C_RST_LOW |                             0000 |                             0000
              C_RST_WAIT |                             0001 |                             0001
                   C_ID1 |                             0010 |                             0010
                   C_ID2 |                             0011 |                             0011
                 C_CHECK |                             0100 |                             0100
                 C_ENTRY |                             0101 |                             0101
                  C_DONE |                             0110 |                             1000
                 C_DELAY |                             0111 |                             0111
               C_WR_WAIT |                             1000 |                             0110
---------------------------------------------------------------------------------------------------
INFO: [Synth 8-3354] encoded FSM with state register 'cstate_reg' using encoding 'sequential' in module 'ov5640_ctrl'
---------------------------------------------------------------------------------------------------
                   State |                     New Encoding |                Previous Encoding 
---------------------------------------------------------------------------------------------------
                   S_RST |                            00001 |                             0000
                 S_WR0_A |                            00010 |                             0011
                 S_WR0_W |                            00100 |                             0100
               S_RD_ID_W |                            01000 |                             0010
                  S_DONE |                            10000 |                             0110
---------------------------------------------------------------------------------------------------
INFO: [Synth 8-3354] encoded FSM with state register 'g_soft.state_reg' using encoding 'one-hot' in module 'vexriscv_wrapper'
---------------------------------------------------------------------------------------------------
                   State |                     New Encoding |                Previous Encoding 
---------------------------------------------------------------------------------------------------
                  S_IDLE |                             0001 |                               00
                   S_RUN |                             0010 |                               01
                  S_TAIL |                             0100 |                               10
                  S_DONE |                             1000 |                               11
---------------------------------------------------------------------------------------------------
INFO: [Synth 8-3354] encoded FSM with state register 'state_reg' using encoding 'one-hot' in module 'snn_top'
---------------------------------------------------------------------------------
Finished RTL Optimization Phase 2 : Time (s): cpu = 00:00:25 ; elapsed = 00:00:25 . Memory (MB): peak = 1556.613 ; gain = 795.875
---------------------------------------------------------------------------------
---------------------------------------------------------------------------------
Start RTL Component Statistics 
---------------------------------------------------------------------------------
Detailed RTL Component Info : 
+---Adders : 
	   2 Input   32 Bit       Adders := 48    
	   3 Input   26 Bit       Adders := 16    
	   2 Input   26 Bit       Adders := 17    
	   2 Input   19 Bit       Adders := 12    
	   4 Input   18 Bit       Adders := 4     
	   2 Input   16 Bit       Adders := 14    
	   3 Input   15 Bit       Adders := 4     
	   3 Input   14 Bit       Adders := 4     
	   3 Input   13 Bit       Adders := 28    
	   5 Input   13 Bit       Adders := 4     
	   2 Input   13 Bit       Adders := 22    
	   4 Input   13 Bit       Adders := 8     
	   2 Input   12 Bit       Adders := 21    
	   2 Input   11 Bit       Adders := 84    
	   2 Input   10 Bit       Adders := 46    
	   2 Input    9 Bit       Adders := 21    
	   3 Input    9 Bit       Adders := 1     
	   2 Input    8 Bit       Adders := 40    
	   3 Input    8 Bit       Adders := 1     
	   2 Input    4 Bit       Adders := 3     
	   8 Input    4 Bit       Adders := 3     
	   9 Input    4 Bit       Adders := 3     
	  12 Input    4 Bit       Adders := 3     
	   2 Input    3 Bit       Adders := 18    
	   2 Input    2 Bit       Adders := 17    
+---XORs : 
	   2 Input     12 Bit         XORs := 8     
	   2 Input      8 Bit         XORs := 1     
	   2 Input      1 Bit         XORs := 21    
+---Registers : 
	               64 Bit    Registers := 1     
	               36 Bit    Registers := 16    
	               32 Bit    Registers := 5     
	               26 Bit    Registers := 45    
	               24 Bit    Registers := 23    
	               20 Bit    Registers := 2     
	               19 Bit    Registers := 12    
	               18 Bit    Registers := 2     
	               16 Bit    Registers := 22    
	               15 Bit    Registers := 8     
	               14 Bit    Registers := 268   
	               13 Bit    Registers := 41    
	               12 Bit    Registers := 127   
	               11 Bit    Registers := 44    
	               10 Bit    Registers := 95    
	                9 Bit    Registers := 64    
	                8 Bit    Registers := 525   
	                6 Bit    Registers := 3     
	                5 Bit    Registers := 2     
	                4 Bit    Registers := 9     
	                3 Bit    Registers := 6     
	                2 Bit    Registers := 153   
	                1 Bit    Registers := 588   
+---RAMs : 
	             300K Bit	(307200 X 1 bit)          RAMs := 10    
	              16K Bit	(2048 X 8 bit)          RAMs := 4     
+---ROMs : 
	                    ROMs := 2     
+---Muxes : 
	   2 Input   45 Bit        Muxes := 1     
	   4 Input   45 Bit        Muxes := 1     
	   2 Input   32 Bit        Muxes := 2     
	   2 Input   26 Bit        Muxes := 1     
	   9 Input   26 Bit        Muxes := 1     
	   5 Input   24 Bit        Muxes := 16    
	   2 Input   24 Bit        Muxes := 34    
	   4 Input   24 Bit        Muxes := 1     
	   5 Input   19 Bit        Muxes := 12    
	   2 Input   19 Bit        Muxes := 12    
	   2 Input   16 Bit        Muxes := 3     
	   4 Input   16 Bit        Muxes := 3     
	   9 Input   16 Bit        Muxes := 1     
	   2 Input   14 Bit        Muxes := 64    
	   3 Input   14 Bit        Muxes := 32    
	   2 Input   13 Bit        Muxes := 2     
	   2 Input   12 Bit        Muxes := 172   
	   4 Input   12 Bit        Muxes := 8     
	   5 Input   12 Bit        Muxes := 5     
	   2 Input   11 Bit        Muxes := 80    
	   2 Input   10 Bit        Muxes := 78    
	   4 Input   10 Bit        Muxes := 2     
	   5 Input   10 Bit        Muxes := 1     
	   4 Input    8 Bit        Muxes := 18    
	   2 Input    8 Bit        Muxes := 162   
	   3 Input    8 Bit        Muxes := 16    
	   5 Input    8 Bit        Muxes := 4     
	   7 Input    8 Bit        Muxes := 1     
	   5 Input    5 Bit        Muxes := 5     
	   2 Input    5 Bit        Muxes := 7     
	   4 Input    4 Bit        Muxes := 2     
	   2 Input    4 Bit        Muxes := 8     
	   7 Input    4 Bit        Muxes := 1     
	   9 Input    4 Bit        Muxes := 1     
	   3 Input    4 Bit        Muxes := 1     
	   5 Input    3 Bit        Muxes := 6     
	   2 Input    3 Bit        Muxes := 8     
	   7 Input    3 Bit        Muxes := 2     
	   2 Input    2 Bit        Muxes := 48    
	   3 Input    2 Bit        Muxes := 16    
	   7 Input    2 Bit        Muxes := 1     
	   2 Input    1 Bit        Muxes := 531   
	   5 Input    1 Bit        Muxes := 61    
	   4 Input    1 Bit        Muxes := 43    
	   7 Input    1 Bit        Muxes := 15    
	   9 Input    1 Bit        Muxes := 12    
	   8 Input    1 Bit        Muxes := 18    
	  12 Input    1 Bit        Muxes := 4     
	   3 Input    1 Bit        Muxes := 1     
---------------------------------------------------------------------------------
Finished RTL Component Statistics 
---------------------------------------------------------------------------------
---------------------------------------------------------------------------------
Start Part Resource Summary
---------------------------------------------------------------------------------
Part Resources:
DSPs: 220 (col length:60)
BRAMs: 280 (col length: RAMB18 60 RAMB36 30)
---------------------------------------------------------------------------------
Finished Part Resource Summary
---------------------------------------------------------------------------------
---------------------------------------------------------------------------------
Start Cross Boundary and Area Optimization
---------------------------------------------------------------------------------
DSP Report: Generating DSP mul_x2, operation Mode is: (A:0x5e4e)*B.
DSP Report: operator mul_x2 is absorbed into DSP mul_x2.
DSP Report: Generating DSP mul_y, operation Mode is: (A:0x2710)*B.
DSP Report: operator mul_y is absorbed into DSP mul_y.
DSP Report: Generating DSP mul_x, operation Mode is: (A:0x102e)*B.
DSP Report: operator mul_x is absorbed into DSP mul_x.
DSP Report: Generating DSP delay_cnt0, operation Mode is: (A:0xc350)*B.
DSP Report: operator delay_cnt0 is absorbed into DSP delay_cnt0.
DSP Report: Generating DSP fb_waddr_c, operation Mode is: C+A*(B:0x280).
DSP Report: operator fb_waddr_c is absorbed into DSP fb_waddr_c.
DSP Report: operator fb_waddr_c0 is absorbed into DSP fb_waddr_c.
DSP Report: Generating DSP fb_raddr, operation Mode is: C+A*(B:0x280).
DSP Report: operator fb_raddr is absorbed into DSP fb_raddr.
DSP Report: operator fb_raddr0 is absorbed into DSP fb_raddr.
WARNING: [Synth 8-7129] Port sim_s_sof[3] in module vision_top is either unconnected or has no load
WARNING: [Synth 8-7129] Port sim_s_sof[2] in module vision_top is either unconnected or has no load
WARNING: [Synth 8-7129] Port sim_s_sof[1] in module vision_top is either unconnected or has no load
WARNING: [Synth 8-7129] Port sim_s_sof[0] in module vision_top is either unconnected or has no load
WARNING: [Synth 8-3332] Sequential element (strong_mem_reg_mux_sel_a_pos_1) is unused and will be removed from module hysteresis.
WARNING: [Synth 8-3332] Sequential element (strong_mem_reg_mux_sel_a_pos_2) is unused and will be removed from module hysteresis.
WARNING: [Synth 8-3332] Sequential element (strong_mem_reg_mux_sel_a_pos_2__0) is unused and will be removed from module hysteresis.
WARNING: [Synth 8-3332] Sequential element (strong_mem_reg_mux_sel_a_pos_1__0) is unused and will be removed from module hysteresis.
WARNING: [Synth 8-3332] Sequential element (strong_mem_reg_mux_sel_a_pos_2__1) is unused and will be removed from module hysteresis.
WARNING: [Synth 8-3332] Sequential element (weak_mem_reg_mux_sel_a_pos_1) is unused and will be removed from module hysteresis.
WARNING: [Synth 8-3332] Sequential element (weak_mem_reg_mux_sel_a_pos_2) is unused and will be removed from module hysteresis.
WARNING: [Synth 8-3332] Sequential element (weak_mem_reg_mux_sel_a_pos_2__0) is unused and will be removed from module hysteresis.
WARNING: [Synth 8-3332] Sequential element (weak_mem_reg_mux_sel_a_pos_1__0) is unused and will be removed from module hysteresis.
WARNING: [Synth 8-3332] Sequential element (weak_mem_reg_mux_sel_a_pos_2__1) is unused and will be removed from module hysteresis.
WARNING: [Synth 8-3332] Sequential element (mem0_reg_mux_sel_a_pos_1) is unused and will be removed from module framebuf_pp.
WARNING: [Synth 8-3332] Sequential element (mem0_reg_mux_sel_a_pos_2) is unused and will be removed from module framebuf_pp.
WARNING: [Synth 8-3332] Sequential element (mem0_reg_mux_sel_a_pos_2__0) is unused and will be removed from module framebuf_pp.
WARNING: [Synth 8-3332] Sequential element (mem0_reg_mux_sel_a_pos_1__0) is unused and will be removed from module framebuf_pp.
WARNING: [Synth 8-3332] Sequential element (mem0_reg_mux_sel_a_pos_2__1) is unused and will be removed from module framebuf_pp.
WARNING: [Synth 8-3332] Sequential element (mem1_reg_mux_sel_a_pos_1) is unused and will be removed from module framebuf_pp.
WARNING: [Synth 8-3332] Sequential element (mem1_reg_mux_sel_a_pos_2) is unused and will be removed from module framebuf_pp.
WARNING: [Synth 8-3332] Sequential element (mem1_reg_mux_sel_a_pos_2__0) is unused and will be removed from module framebuf_pp.
WARNING: [Synth 8-3332] Sequential element (mem1_reg_mux_sel_a_pos_1__0) is unused and will be removed from module framebuf_pp.
WARNING: [Synth 8-3332] Sequential element (mem1_reg_mux_sel_a_pos_2__1) is unused and will be removed from module framebuf_pp.
WARNING: [Synth 8-3332] Sequential element (FSM_onehot_g_soft.state_reg[4]) is unused and will be removed from module vexriscv_wrapper.
WARNING: [Synth 8-3332] Sequential element (FSM_onehot_g_soft.state_reg[3]) is unused and will be removed from module vexriscv_wrapper.
WARNING: [Synth 8-3332] Sequential element (FSM_onehot_g_soft.state_reg[2]) is unused and will be removed from module vexriscv_wrapper.
WARNING: [Synth 8-3332] Sequential element (FSM_onehot_g_soft.state_reg[1]) is unused and will be removed from module vexriscv_wrapper.
WARNING: [Synth 8-3332] Sequential element (FSM_onehot_g_soft.state_reg[0]) is unused and will be removed from module vexriscv_wrapper.
---------------------------------------------------------------------------------
Finished Cross Boundary and Area Optimization : Time (s): cpu = 00:00:50 ; elapsed = 00:00:51 . Memory (MB): peak = 1663.398 ; gain = 902.660
---------------------------------------------------------------------------------
 Sort Area is canny_top mul_x2_4 : 0 0 : 836 836 : Used 4 time 0
 Sort Area is canny_top mul_y_0 : 0 0 : 643 643 : Used 4 time 0
 Sort Area is canny_top mul_x_2 : 0 0 : 366 366 : Used 4 time 0
 Sort Area is vision_top__GCB1 delay_cnt0_6 : 0 0 : 303 303 : Used 1 time 0
 Sort Area is vision_top__GCB1 fb_raddr_a : 0 0 : 195 195 : Used 1 time 0
 Sort Area is vision_top__GCB1 fb_waddr_c_8 : 0 0 : 118 118 : Used 1 time 0
---------------------------------------------------------------------------------
Start ROM, RAM, DSP, Shift Register and Retiming Reporting
---------------------------------------------------------------------------------

ROM: Preliminary Mapping Report
+------------+----------------+---------------+----------------+
|Module Name | RTL Object     | Depth x Width | Implemented As | 
+------------+----------------+---------------+----------------+
|ov5640_ctrl | ov5640_cfg_rom | 256x23        | LUT            | 
|ov5640_ctrl | ov5640_cfg_rom | 256x23        | LUT            | 
+------------+----------------+---------------+----------------+


Block RAM: Preliminary Mapping Report (see note below)
+------------------+----------------+------------------------+---+---+------------------------+---+---+------------------+--------+--------+
|Module Name       | RTL Object     | PORT A (Depth x Width) | W | R | PORT B (Depth x Width) | W | R | Ports driving FF | RAMB18 | RAMB36 | 
+------------------+----------------+------------------------+---+---+------------------------+---+---+------------------+--------+--------+
|canny_top:/u_hyst | strong_mem_reg | 300 K x 1(READ_FIRST)  | W |   | 300 K x 1(WRITE_FIRST) |   | R | Port A and B     | 0      | 10     | 
|canny_top:/u_hyst | weak_mem_reg   | 300 K x 1(READ_FIRST)  | W |   | 300 K x 1(WRITE_FIRST) |   | R | Port A and B     | 0      | 10     | 
|canny_top:/u_hyst | strong_mem_reg | 300 K x 1(READ_FIRST)  | W |   | 300 K x 1(WRITE_FIRST) |   | R | Port A and B     | 0      | 10     | 
|canny_top:/u_hyst | weak_mem_reg   | 300 K x 1(READ_FIRST)  | W |   | 300 K x 1(WRITE_FIRST) |   | R | Port A and B     | 0      | 10     | 
|i_1/u_fb          | mem0_reg       | 300 K x 1(NO_CHANGE)   | W |   | 300 K x 1(WRITE_FIRST) |   | R | Port A and B     | 0      | 10     | 
|i_1/u_fb          | mem1_reg       | 300 K x 1(NO_CHANGE)   | W |   | 300 K x 1(WRITE_FIRST) |   | R | Port A and B     | 0      | 10     | 
+------------------+----------------+------------------------+---+---+------------------------+---+---+------------------+--------+--------+

Note: The table above is a preliminary report that shows the Block RAMs at the current stage of the synthesis flow. Some Block RAMs may be reimplemented as non Block RAM primitives later in the synthesis flow. Multiple instantiated Block RAMs are reported only once. 

Distributed RAM: Preliminary Mapping Report (see note below)
+----------------------+---------------------------+----------------+----------------------+--------------------------------+
|Module Name           | RTL Object                | Inference      | Size (Depth x Width) | Primitives                     | 
+----------------------+---------------------------+----------------+----------------------+--------------------------------+
|canny_top:/u_gauss    | u_win/g_bank[3].mem_b_reg | User Attribute | 1 K x 8              | RAM128X1S x 8 RAM256X1S x 16   | 
|canny_top:/u_gauss    | u_win/g_bank[2].mem_b_reg | User Attribute | 1 K x 8              | RAM128X1S x 8 RAM256X1S x 16   | 
|canny_top:/u_gauss    | u_win/g_bank[1].mem_b_reg | User Attribute | 1 K x 8              | RAM128X1S x 8 RAM256X1S x 16   | 
|canny_top:/u_gauss    | u_win/g_bank[0].mem_b_reg | User Attribute | 1 K x 8              | RAM128X1S x 8 RAM256X1S x 16   | 
|canny_top:/u_scharr   | u_win/g_bank[1].mem_b_reg | User Attribute | 1 K x 8              | RAM128X1S x 8 RAM256X1S x 16   | 
|canny_top:/u_scharr   | u_win/g_bank[0].mem_b_reg | User Attribute | 1 K x 8              | RAM128X1S x 8 RAM256X1S x 16   | 
|canny_top:/u_med      | u_win/g_bank[1].mem_b_reg | User Attribute | 1 K x 14             | RAM128X1S x 14 RAM256X1S x 28  | 
|canny_top:/u_med      | u_win/g_bank[0].mem_b_reg | User Attribute | 1 K x 14             | RAM128X1S x 14 RAM256X1S x 28  | 
|canny_top:/u_nms      | u_win/g_bank[1].mem_b_reg | User Attribute | 1 K x 14             | RAM128X1S x 14 RAM256X1S x 28  | 
|canny_top:/u_nms      | u_win/g_bank[0].mem_b_reg | User Attribute | 1 K x 14             | RAM128X1S x 14 RAM256X1S x 28  | 
|canny_top:/u_hyst     | u_win/g_bank[1].mem_b_reg | User Attribute | 1 K x 2              | RAM128X1S x 2 RAM256X1S x 4    | 
|canny_top:/u_hyst     | u_win/g_bank[0].mem_b_reg | User Attribute | 1 K x 2              | RAM128X1S x 2 RAM256X1S x 4    | 
|canny_top:/u_gauss    | u_win/g_bank[3].mem_b_reg | User Attribute | 1 K x 8              | RAM128X1S x 8 RAM256X1S x 16   | 
|canny_top:/u_gauss    | u_win/g_bank[2].mem_b_reg | User Attribute | 1 K x 8              | RAM128X1S x 8 RAM256X1S x 16   | 
|canny_top:/u_gauss    | u_win/g_bank[1].mem_b_reg | User Attribute | 1 K x 8              | RAM128X1S x 8 RAM256X1S x 16   | 
|canny_top:/u_gauss    | u_win/g_bank[0].mem_b_reg | User Attribute | 1 K x 8              | RAM128X1S x 8 RAM256X1S x 16   | 
|canny_top:/u_scharr   | u_win/g_bank[1].mem_b_reg | User Attribute | 1 K x 8              | RAM128X1S x 8 RAM256X1S x 16   | 
|canny_top:/u_scharr   | u_win/g_bank[0].mem_b_reg | User Attribute | 1 K x 8              | RAM128X1S x 8 RAM256X1S x 16   | 
|canny_top:/u_med      | u_win/g_bank[1].mem_b_reg | User Attribute | 1 K x 14             | RAM128X1S x 14 RAM256X1S x 28  | 
|canny_top:/u_med      | u_win/g_bank[0].mem_b_reg | User Attribute | 1 K x 14             | RAM128X1S x 14 RAM256X1S x 28  | 
|canny_top:/u_nms      | u_win/g_bank[1].mem_b_reg | User Attribute | 1 K x 14             | RAM128X1S x 14 RAM256X1S x 28  | 
|canny_top:/u_nms      | u_win/g_bank[0].mem_b_reg | User Attribute | 1 K x 14             | RAM128X1S x 14 RAM256X1S x 28  | 
|canny_top:/u_hyst     | u_win/g_bank[1].mem_b_reg | User Attribute | 1 K x 2              | RAM128X1S x 2 RAM256X1S x 4    | 
|canny_top:/u_hyst     | u_win/g_bank[0].mem_b_reg | User Attribute | 1 K x 2              | RAM128X1S x 2 RAM256X1S x 4    | 
|i_1/\g_chan[3].u_cdc  | mem_reg                   | Implied        | 2 K x 8              | RAM64M x 96                    | 
|i_1/\g_chan[2].u_cdc  | mem_reg                   | Implied        | 2 K x 8              | RAM64M x 96                    | 
|i_1/\g_chan[1].u_cdc  | mem_reg                   | Implied        | 2 K x 8              | RAM64M x 96                    | 
|i_1/\g_chan[0].u_cdc  | mem_reg                   | Implied        | 2 K x 8              | RAM64M x 96                    | 
+----------------------+---------------------------+----------------+----------------------+--------------------------------+

Note: The table above is a preliminary report that shows the Distributed RAMs at the current stage of the synthesis flow. Some Distributed RAMs may be reimplemented as non Distributed RAM primitives later in the synthesis flow. Multiple instantiated RAMs are reported only once.

DSP: Preliminary Mapping Report (see note below. The ' indicates corresponding REG is set)
+-----------------+---------------+--------+--------+--------+--------+--------+------+------+------+------+-------+------+------+
|Module Name      | DSP Mapping   | A Size | B Size | C Size | D Size | P Size | AREG | BREG | CREG | DREG | ADREG | MREG | PREG | 
+-----------------+---------------+--------+--------+--------+--------+--------+------+------+------+------+-------+------+------+
|gradient_mag_dir | (A:0x5e4e)*B  | 12     | 15     | -      | -      | 27     | 0    | 0    | -    | -    | -     | 0    | 0    | 
|gradient_mag_dir | (A:0x2710)*B  | 12     | 14     | -      | -      | 26     | 0    | 0    | -    | -    | -     | 0    | 0    | 
|gradient_mag_dir | (A:0x102e)*B  | 12     | 13     | -      | -      | 25     | 0    | 0    | -    | -    | -     | 0    | 0    | 
|ov5640_ctrl      | (A:0xc350)*B  | 8      | 16     | -      | -      | 24     | 0    | 0    | -    | -    | -     | 0    | 0    | 
|vision_top       | C+A*(B:0x280) | 10     | 10     | 10     | -      | 20     | 0    | 0    | 0    | -    | -     | 0    | 0    | 
|vision_top       | C+A*(B:0x280) | 13     | 10     | 13     | -      | 20     | 0    | 0    | 0    | -    | -     | 0    | 0    | 
+-----------------+---------------+--------+--------+--------+--------+--------+------+------+------+------+-------+------+------+

Note: The table above is a preliminary report that shows the DSPs inferred at the current stage of the synthesis flow. Some DSP may be reimplemented as non DSP primitives later in the synthesis flow. Multiple instantiated DSPs are reported only once.
---------------------------------------------------------------------------------
Finished ROM, RAM, DSP, Shift Register and Retiming Reporting
---------------------------------------------------------------------------------
---------------------------------------------------------------------------------
Start Applying XDC Timing Constraints
---------------------------------------------------------------------------------
---------------------------------------------------------------------------------
Finished Applying XDC Timing Constraints : Time (s): cpu = 00:00:57 ; elapsed = 00:00:57 . Memory (MB): peak = 1796.836 ; gain = 1036.098
---------------------------------------------------------------------------------
---------------------------------------------------------------------------------
Start Timing Optimization
---------------------------------------------------------------------------------
---------------------------------------------------------------------------------
Finished Timing Optimization : Time (s): cpu = 00:00:59 ; elapsed = 00:01:00 . Memory (MB): peak = 1842.941 ; gain = 1082.203
---------------------------------------------------------------------------------
---------------------------------------------------------------------------------
Start ROM, RAM, DSP, Shift Register and Retiming Reporting
---------------------------------------------------------------------------------

Block RAM: Final Mapping Report
+------------------+----------------+------------------------+---+---+------------------------+---+---+------------------+--------+--------+
|Module Name       | RTL Object     | PORT A (Depth x Width) | W | R | PORT B (Depth x Width) | W | R | Ports driving FF | RAMB18 | RAMB36 | 
+------------------+----------------+------------------------+---+---+------------------------+---+---+------------------+--------+--------+
|canny_top:/u_hyst | strong_mem_reg | 300 K x 1(READ_FIRST)  | W |   | 300 K x 1(WRITE_FIRST) |   | R | Port A and B     | 0      | 10     | 
|canny_top:/u_hyst | weak_mem_reg   | 300 K x 1(READ_FIRST)  | W |   | 300 K x 1(WRITE_FIRST) |   | R | Port A and B     | 0      | 10     | 
|canny_top:/u_hyst | strong_mem_reg | 300 K x 1(READ_FIRST)  | W |   | 300 K x 1(WRITE_FIRST) |   | R | Port A and B     | 0      | 10     | 
|canny_top:/u_hyst | weak_mem_reg   | 300 K x 1(READ_FIRST)  | W |   | 300 K x 1(WRITE_FIRST) |   | R | Port A and B     | 0      | 10     | 
|i_1/u_fb          | mem0_reg       | 300 K x 1(NO_CHANGE)   | W |   | 300 K x 1(WRITE_FIRST) |   | R | Port A and B     | 0      | 10     | 
|i_1/u_fb          | mem1_reg       | 300 K x 1(NO_CHANGE)   | W |   | 300 K x 1(WRITE_FIRST) |   | R | Port A and B     | 0      | 10     | 
+------------------+----------------+------------------------+---+---+------------------------+---+---+------------------+--------+--------+


Distributed RAM: Final Mapping Report
+----------------------+---------------------------+----------------+----------------------+--------------------------------+
|Module Name           | RTL Object                | Inference      | Size (Depth x Width) | Primitives                     | 
+----------------------+---------------------------+----------------+----------------------+--------------------------------+
|canny_top:/u_gauss    | u_win/g_bank[3].mem_b_reg | User Attribute | 1 K x 8              | RAM128X1S x 8 RAM256X1S x 16   | 
|canny_top:/u_gauss    | u_win/g_bank[2].mem_b_reg | User Attribute | 1 K x 8              | RAM128X1S x 8 RAM256X1S x 16   | 
|canny_top:/u_gauss    | u_win/g_bank[1].mem_b_reg | User Attribute | 1 K x 8              | RAM128X1S x 8 RAM256X1S x 16   | 
|canny_top:/u_gauss    | u_win/g_bank[0].mem_b_reg | User Attribute | 1 K x 8              | RAM128X1S x 8 RAM256X1S x 16   | 
|canny_top:/u_scharr   | u_win/g_bank[1].mem_b_reg | User Attribute | 1 K x 8              | RAM128X1S x 8 RAM256X1S x 16   | 
|canny_top:/u_scharr   | u_win/g_bank[0].mem_b_reg | User Attribute | 1 K x 8              | RAM128X1S x 8 RAM256X1S x 16   | 
|canny_top:/u_med      | u_win/g_bank[1].mem_b_reg | User Attribute | 1 K x 14             | RAM128X1S x 14 RAM256X1S x 28  | 
|canny_top:/u_med      | u_win/g_bank[0].mem_b_reg | User Attribute | 1 K x 14             | RAM128X1S x 14 RAM256X1S x 28  | 
|canny_top:/u_nms      | u_win/g_bank[1].mem_b_reg | User Attribute | 1 K x 14             | RAM128X1S x 14 RAM256X1S x 28  | 
|canny_top:/u_nms      | u_win/g_bank[0].mem_b_reg | User Attribute | 1 K x 14             | RAM128X1S x 14 RAM256X1S x 28  | 
|canny_top:/u_hyst     | u_win/g_bank[1].mem_b_reg | User Attribute | 1 K x 2              | RAM128X1S x 2 RAM256X1S x 4    | 
|canny_top:/u_hyst     | u_win/g_bank[0].mem_b_reg | User Attribute | 1 K x 2              | RAM128X1S x 2 RAM256X1S x 4    | 
|canny_top:/u_gauss    | u_win/g_bank[3].mem_b_reg | User Attribute | 1 K x 8              | RAM128X1S x 8 RAM256X1S x 16   | 
|canny_top:/u_gauss    | u_win/g_bank[2].mem_b_reg | User Attribute | 1 K x 8              | RAM128X1S x 8 RAM256X1S x 16   | 
|canny_top:/u_gauss    | u_win/g_bank[1].mem_b_reg | User Attribute | 1 K x 8              | RAM128X1S x 8 RAM256X1S x 16   | 
|canny_top:/u_gauss    | u_win/g_bank[0].mem_b_reg | User Attribute | 1 K x 8              | RAM128X1S x 8 RAM256X1S x 16   | 
|canny_top:/u_scharr   | u_win/g_bank[1].mem_b_reg | User Attribute | 1 K x 8              | RAM128X1S x 8 RAM256X1S x 16   | 
|canny_top:/u_scharr   | u_win/g_bank[0].mem_b_reg | User Attribute | 1 K x 8              | RAM128X1S x 8 RAM256X1S x 16   | 
|canny_top:/u_med      | u_win/g_bank[1].mem_b_reg | User Attribute | 1 K x 14             | RAM128X1S x 14 RAM256X1S x 28  | 
|canny_top:/u_med      | u_win/g_bank[0].mem_b_reg | User Attribute | 1 K x 14             | RAM128X1S x 14 RAM256X1S x 28  | 
|canny_top:/u_nms      | u_win/g_bank[1].mem_b_reg | User Attribute | 1 K x 14             | RAM128X1S x 14 RAM256X1S x 28  | 
|canny_top:/u_nms      | u_win/g_bank[0].mem_b_reg | User Attribute | 1 K x 14             | RAM128X1S x 14 RAM256X1S x 28  | 
|canny_top:/u_hyst     | u_win/g_bank[1].mem_b_reg | User Attribute | 1 K x 2              | RAM128X1S x 2 RAM256X1S x 4    | 
|canny_top:/u_hyst     | u_win/g_bank[0].mem_b_reg | User Attribute | 1 K x 2              | RAM128X1S x 2 RAM256X1S x 4    | 
|i_1/\g_chan[3].u_cdc  | mem_reg                   | Implied        | 2 K x 8              | RAM64M x 96                    | 
|i_1/\g_chan[2].u_cdc  | mem_reg                   | Implied        | 2 K x 8              | RAM64M x 96                    | 
|i_1/\g_chan[1].u_cdc  | mem_reg                   | Implied        | 2 K x 8              | RAM64M x 96                    | 
|i_1/\g_chan[0].u_cdc  | mem_reg                   | Implied        | 2 K x 8              | RAM64M x 96                    | 
+----------------------+---------------------------+----------------+----------------------+--------------------------------+

---------------------------------------------------------------------------------
Finished ROM, RAM, DSP, Shift Register and Retiming Reporting
---------------------------------------------------------------------------------
---------------------------------------------------------------------------------
Start Technology Mapping
---------------------------------------------------------------------------------
Found timing loop:
     0: i_13915/O (LUT2)
      [E:/AMD_FPGA/Projects/Sim_GPU - Copy/rtl/common/fifo_async.v:34]
     1: i_13915/I1 (LUT2)
     2: i_13906/O (LUT2)
      [E:/AMD_FPGA/Projects/Sim_GPU - Copy/rtl/common/fifo_async.v:34]
     3: i_13906/I1 (LUT2)
     4: i_13913/CO[3] (CARRY4)
      [E:/AMD_FPGA/Projects/Sim_GPU - Copy/rtl/common/fifo_async.v:34]
     5: i_13913/S[0] (CARRY4)
     6: i_13888/O (LUT4)
      [E:/AMD_FPGA/Projects/Sim_GPU - Copy/rtl/common/fifo_async.v:71]
     7: i_13888/I3 (LUT4)
     8: i_13889/O (LUT5)
      [E:/AMD_FPGA/Projects/Sim_GPU - Copy/rtl/common/fifo_async.v:71]
     9: i_13889/I3 (LUT5)
    10: i_13910/O[3] (CARRY4)
      [E:/AMD_FPGA/Projects/Sim_GPU - Copy/rtl/common/fifo_async.v:34]
    11: i_13910/S[0] (CARRY4)
    12: i_13915/O (LUT2)
      [E:/AMD_FPGA/Projects/Sim_GPU - Copy/rtl/common/fifo_async.v:34]
CRITICAL WARNING: [Synth 8-295] found timing loop. [E:/AMD_FPGA/Projects/Sim_GPU - Copy/rtl/top/vision_top.v:14]
Inferred a: "set_disable_timing -from I1 -to O i_13915"
Found timing loop:
     0: i_13915/O (LUT2)
      [E:/AMD_FPGA/Projects/Sim_GPU - Copy/rtl/common/fifo_async.v:34]
     1: i_13915/O (LUT2)
CRITICAL WARNING: [Synth 8-295] found timing loop. [E:/AMD_FPGA/Projects/Sim_GPU - Copy/rtl/top/vision_top.v:14]
Found timing loop:
     0: i_13915/O (LUT2)
      [E:/AMD_FPGA/Projects/Sim_GPU - Copy/rtl/common/fifo_async.v:34]
     1: i_13915/O (LUT2)
CRITICAL WARNING: [Synth 8-295] found timing loop. [E:/AMD_FPGA/Projects/Sim_GPU - Copy/rtl/top/vision_top.v:14]
Found timing loop:
     0: i_13915/O (LUT2)
      [E:/AMD_FPGA/Projects/Sim_GPU - Copy/rtl/common/fifo_async.v:34]
     1: i_13915/O (LUT2)
CRITICAL WARNING: [Synth 8-295] found timing loop. [E:/AMD_FPGA/Projects/Sim_GPU - Copy/rtl/top/vision_top.v:14]
Found timing loop:
     0: i_13910/CO[3] (CARRY4)
      [E:/AMD_FPGA/Projects/Sim_GPU - Copy/rtl/common/fifo_async.v:34]
     1: i_13910/S[0] (CARRY4)
     2: i_13915/O (LUT2)
      [E:/AMD_FPGA/Projects/Sim_GPU - Copy/rtl/common/fifo_async.v:34]
     3: i_13915/O (LUT2)
CRITICAL WARNING: [Synth 8-295] found timing loop. [E:/AMD_FPGA/Projects/Sim_GPU - Copy/rtl/top/vision_top.v:14]
Inferred a: "set_disable_timing -from S[0] -to CO[3] i_13910"
Found timing loop:
     0: i_13910/CO[3] (CARRY4)
      [E:/AMD_FPGA/Projects/Sim_GPU - Copy/rtl/common/fifo_async.v:34]
     1: i_13910/CO[3] (CARRY4)
CRITICAL WARNING: [Synth 8-295] found timing loop. [E:/AMD_FPGA/Projects/Sim_GPU - Copy/rtl/top/vision_top.v:14]
Found timing loop:
     0: i_13910/CO[3] (CARRY4)
      [E:/AMD_FPGA/Projects/Sim_GPU - Copy/rtl/common/fifo_async.v:34]
     1: i_13910/CO[3] (CARRY4)
CRITICAL WARNING: [Synth 8-295] found timing loop. [E:/AMD_FPGA/Projects/Sim_GPU - Copy/rtl/top/vision_top.v:14]
Found timing loop:
     0: i_13910/CO[3] (CARRY4)
      [E:/AMD_FPGA/Projects/Sim_GPU - Copy/rtl/common/fifo_async.v:34]
     1: i_13910/CO[3] (CARRY4)
CRITICAL WARNING: [Synth 8-295] found timing loop. [E:/AMD_FPGA/Projects/Sim_GPU - Copy/rtl/top/vision_top.v:14]
Found timing loop:
     0: i_13910/CO[3] (CARRY4)
      [E:/AMD_FPGA/Projects/Sim_GPU - Copy/rtl/common/fifo_async.v:34]
     1: i_13910/CO[3] (CARRY4)
CRITICAL WARNING: [Synth 8-295] found timing loop. [E:/AMD_FPGA/Projects/Sim_GPU - Copy/rtl/top/vision_top.v:14]
Found timing loop:
     0: i_14104/O (LUT2)
      [E:/AMD_FPGA/Projects/Sim_GPU - Copy/rtl/common/fifo_async.v:34]
     1: i_14104/I1 (LUT2)
     2: i_14095/O (LUT2)
      [E:/AMD_FPGA/Projects/Sim_GPU - Copy/rtl/common/fifo_async.v:34]
     3: i_14095/I1 (LUT2)
     4: i_14102/CO[3] (CARRY4)
      [E:/AMD_FPGA/Projects/Sim_GPU - Copy/rtl/common/fifo_async.v:34]
     5: i_14102/S[0] (CARRY4)
     6: i_14077/O (LUT4)
      [E:/AMD_FPGA/Projects/Sim_GPU - Copy/rtl/common/fifo_async.v:71]
     7: i_14077/I3 (LUT4)
     8: i_14078/O (LUT5)
      [E:/AMD_FPGA/Projects/Sim_GPU - Copy/rtl/common/fifo_async.v:71]
     9: i_14078/I3 (LUT5)
    10: i_14099/O[3] (CARRY4)
      [E:/AMD_FPGA/Projects/Sim_GPU - Copy/rtl/common/fifo_async.v:34]
    11: i_14099/S[0] (CARRY4)
    12: i_14104/O (LUT2)
      [E:/AMD_FPGA/Projects/Sim_GPU - Copy/rtl/common/fifo_async.v:34]
CRITICAL WARNING: [Synth 8-295] found timing loop. [E:/AMD_FPGA/Projects/Sim_GPU - Copy/rtl/top/vision_top.v:14]
Inferred a: "set_disable_timing -from I1 -to O i_14104"
Found timing loop:
     0: i_14104/O (LUT2)
      [E:/AMD_FPGA/Projects/Sim_GPU - Copy/rtl/common/fifo_async.v:34]
     1: i_14104/O (LUT2)
CRITICAL WARNING: [Synth 8-295] found timing loop. [E:/AMD_FPGA/Projects/Sim_GPU - Copy/rtl/top/vision_top.v:14]
Found timing loop:
     0: i_14104/O (LUT2)
      [E:/AMD_FPGA/Projects/Sim_GPU - Copy/rtl/common/fifo_async.v:34]
     1: i_14104/O (LUT2)
CRITICAL WARNING: [Synth 8-295] found timing loop. [E:/AMD_FPGA/Projects/Sim_GPU - Copy/rtl/top/vision_top.v:14]
Found timing loop:
     0: i_14104/O (LUT2)
      [E:/AMD_FPGA/Projects/Sim_GPU - Copy/rtl/common/fifo_async.v:34]
     1: i_14104/O (LUT2)
CRITICAL WARNING: [Synth 8-295] found timing loop. [E:/AMD_FPGA/Projects/Sim_GPU - Copy/rtl/top/vision_top.v:14]
Found timing loop:
     0: i_14099/CO[3] (CARRY4)
      [E:/AMD_FPGA/Projects/Sim_GPU - Copy/rtl/common/fifo_async.v:34]
     1: i_14099/S[0] (CARRY4)
     2: i_14104/O (LUT2)
      [E:/AMD_FPGA/Projects/Sim_GPU - Copy/rtl/common/fifo_async.v:34]
     3: i_14104/O (LUT2)
CRITICAL WARNING: [Synth 8-295] found timing loop. [E:/AMD_FPGA/Projects/Sim_GPU - Copy/rtl/top/vision_top.v:14]
Inferred a: "set_disable_timing -from S[0] -to CO[3] i_14099"
Found timing loop:
     0: i_14099/CO[3] (CARRY4)
      [E:/AMD_FPGA/Projects/Sim_GPU - Copy/rtl/common/fifo_async.v:34]
     1: i_14099/CO[3] (CARRY4)
CRITICAL WARNING: [Synth 8-295] found timing loop. [E:/AMD_FPGA/Projects/Sim_GPU - Copy/rtl/top/vision_top.v:14]
Found timing loop:
     0: i_14099/CO[3] (CARRY4)
      [E:/AMD_FPGA/Projects/Sim_GPU - Copy/rtl/common/fifo_async.v:34]
     1: i_14099/CO[3] (CARRY4)
CRITICAL WARNING: [Synth 8-295] found timing loop. [E:/AMD_FPGA/Projects/Sim_GPU - Copy/rtl/top/vision_top.v:14]
Found timing loop:
     0: i_14099/CO[3] (CARRY4)
      [E:/AMD_FPGA/Projects/Sim_GPU - Copy/rtl/common/fifo_async.v:34]
     1: i_14099/CO[3] (CARRY4)
CRITICAL WARNING: [Synth 8-295] found timing loop. [E:/AMD_FPGA/Projects/Sim_GPU - Copy/rtl/top/vision_top.v:14]
Found timing loop:
     0: i_14099/CO[3] (CARRY4)
      [E:/AMD_FPGA/Projects/Sim_GPU - Copy/rtl/common/fifo_async.v:34]
     1: i_14099/CO[3] (CARRY4)
CRITICAL WARNING: [Synth 8-295] found timing loop. [E:/AMD_FPGA/Projects/Sim_GPU - Copy/rtl/top/vision_top.v:14]
Found timing loop:
     0: i_14293/O (LUT2)
      [E:/AMD_FPGA/Projects/Sim_GPU - Copy/rtl/common/fifo_async.v:34]
     1: i_14293/I1 (LUT2)
     2: i_14284/O (LUT2)
      [E:/AMD_FPGA/Projects/Sim_GPU - Copy/rtl/common/fifo_async.v:34]
     3: i_14284/I1 (LUT2)
     4: i_14291/CO[3] (CARRY4)
      [E:/AMD_FPGA/Projects/Sim_GPU - Copy/rtl/common/fifo_async.v:34]
     5: i_14291/S[0] (CARRY4)
     6: i_14266/O (LUT4)
      [E:/AMD_FPGA/Projects/Sim_GPU - Copy/rtl/common/fifo_async.v:71]
     7: i_14266/I3 (LUT4)
     8: i_14267/O (LUT5)
      [E:/AMD_FPGA/Projects/Sim_GPU - Copy/rtl/common/fifo_async.v:71]
     9: i_14267/I3 (LUT5)
    10: i_14288/O[3] (CARRY4)
      [E:/AMD_FPGA/Projects/Sim_GPU - Copy/rtl/common/fifo_async.v:34]
    11: i_14288/S[0] (CARRY4)
    12: i_14293/O (LUT2)
      [E:/AMD_FPGA/Projects/Sim_GPU - Copy/rtl/common/fifo_async.v:34]
CRITICAL WARNING: [Synth 8-295] found timing loop. [E:/AMD_FPGA/Projects/Sim_GPU - Copy/rtl/top/vision_top.v:14]
Inferred a: "set_disable_timing -from I1 -to O i_14293"
Found timing loop:
     0: i_14293/O (LUT2)
      [E:/AMD_FPGA/Projects/Sim_GPU - Copy/rtl/common/fifo_async.v:34]
     1: i_14293/O (LUT2)
CRITICAL WARNING: [Synth 8-295] found timing loop. [E:/AMD_FPGA/Projects/Sim_GPU - Copy/rtl/top/vision_top.v:14]
Found timing loop:
     0: i_14293/O (LUT2)
      [E:/AMD_FPGA/Projects/Sim_GPU - Copy/rtl/common/fifo_async.v:34]
     1: i_14293/O (LUT2)
CRITICAL WARNING: [Synth 8-295] found timing loop. [E:/AMD_FPGA/Projects/Sim_GPU - Copy/rtl/top/vision_top.v:14]
Found timing loop:
     0: i_14293/O (LUT2)
      [E:/AMD_FPGA/Projects/Sim_GPU - Copy/rtl/common/fifo_async.v:34]
     1: i_14293/O (LUT2)
CRITICAL WARNING: [Synth 8-295] found timing loop. [E:/AMD_FPGA/Projects/Sim_GPU - Copy/rtl/top/vision_top.v:14]
Found timing loop:
     0: i_14288/CO[3] (CARRY4)
      [E:/AMD_FPGA/Projects/Sim_GPU - Copy/rtl/common/fifo_async.v:34]
     1: i_14288/S[0] (CARRY4)
     2: i_14293/O (LUT2)
      [E:/AMD_FPGA/Projects/Sim_GPU - Copy/rtl/common/fifo_async.v:34]
     3: i_14293/O (LUT2)
CRITICAL WARNING: [Synth 8-295] found timing loop. [E:/AMD_FPGA/Projects/Sim_GPU - Copy/rtl/top/vision_top.v:14]
Inferred a: "set_disable_timing -from S[0] -to CO[3] i_14288"
Found timing loop:
     0: i_14288/CO[3] (CARRY4)
      [E:/AMD_FPGA/Projects/Sim_GPU - Copy/rtl/common/fifo_async.v:34]
     1: i_14288/CO[3] (CARRY4)
CRITICAL WARNING: [Synth 8-295] found timing loop. [E:/AMD_FPGA/Projects/Sim_GPU - Copy/rtl/top/vision_top.v:14]
Found timing loop:
     0: i_14288/CO[3] (CARRY4)
      [E:/AMD_FPGA/Projects/Sim_GPU - Copy/rtl/common/fifo_async.v:34]
     1: i_14288/CO[3] (CARRY4)
CRITICAL WARNING: [Synth 8-295] found timing loop. [E:/AMD_FPGA/Projects/Sim_GPU - Copy/rtl/top/vision_top.v:14]
Found timing loop:
     0: i_14288/CO[3] (CARRY4)
      [E:/AMD_FPGA/Projects/Sim_GPU - Copy/rtl/common/fifo_async.v:34]
     1: i_14288/CO[3] (CARRY4)
CRITICAL WARNING: [Synth 8-295] found timing loop. [E:/AMD_FPGA/Projects/Sim_GPU - Copy/rtl/top/vision_top.v:14]
Found timing loop:
     0: i_14288/CO[3] (CARRY4)
      [E:/AMD_FPGA/Projects/Sim_GPU - Copy/rtl/common/fifo_async.v:34]
     1: i_14288/CO[3] (CARRY4)
CRITICAL WARNING: [Synth 8-295] found timing loop. [E:/AMD_FPGA/Projects/Sim_GPU - Copy/rtl/top/vision_top.v:14]
Found timing loop:
     0: i_14482/O (LUT2)
      [E:/AMD_FPGA/Projects/Sim_GPU - Copy/rtl/common/fifo_async.v:34]
     1: i_14482/I1 (LUT2)
     2: i_14473/O (LUT2)
      [E:/AMD_FPGA/Projects/Sim_GPU - Copy/rtl/common/fifo_async.v:34]
     3: i_14473/I1 (LUT2)
     4: i_14480/CO[3] (CARRY4)
      [E:/AMD_FPGA/Projects/Sim_GPU - Copy/rtl/common/fifo_async.v:34]
     5: i_14480/S[0] (CARRY4)
     6: i_14455/O (LUT4)
      [E:/AMD_FPGA/Projects/Sim_GPU - Copy/rtl/common/fifo_async.v:71]
     7: i_14455/I3 (LUT4)
     8: i_14456/O (LUT5)
      [E:/AMD_FPGA/Projects/Sim_GPU - Copy/rtl/common/fifo_async.v:71]
     9: i_14456/I3 (LUT5)
    10: i_14477/O[3] (CARRY4)
      [E:/AMD_FPGA/Projects/Sim_GPU - Copy/rtl/common/fifo_async.v:34]
    11: i_14477/S[0] (CARRY4)
    12: i_14482/O (LUT2)
      [E:/AMD_FPGA/Projects/Sim_GPU - Copy/rtl/common/fifo_async.v:34]
CRITICAL WARNING: [Synth 8-295] found timing loop. [E:/AMD_FPGA/Projects/Sim_GPU - Copy/rtl/top/vision_top.v:14]
Inferred a: "set_disable_timing -from I1 -to O i_14482"
Found timing loop:
     0: i_14482/O (LUT2)
      [E:/AMD_FPGA/Projects/Sim_GPU - Copy/rtl/common/fifo_async.v:34]
     1: i_14482/O (LUT2)
CRITICAL WARNING: [Synth 8-295] found timing loop. [E:/AMD_FPGA/Projects/Sim_GPU - Copy/rtl/top/vision_top.v:14]
Found timing loop:
     0: i_14482/O (LUT2)
      [E:/AMD_FPGA/Projects/Sim_GPU - Copy/rtl/common/fifo_async.v:34]
     1: i_14482/O (LUT2)
CRITICAL WARNING: [Synth 8-295] found timing loop. [E:/AMD_FPGA/Projects/Sim_GPU - Copy/rtl/top/vision_top.v:14]
Found timing loop:
     0: i_14482/O (LUT2)
      [E:/AMD_FPGA/Projects/Sim_GPU - Copy/rtl/common/fifo_async.v:34]
     1: i_14482/O (LUT2)
CRITICAL WARNING: [Synth 8-295] found timing loop. [E:/AMD_FPGA/Projects/Sim_GPU - Copy/rtl/top/vision_top.v:14]
Found timing loop:
     0: i_14477/CO[3] (CARRY4)
      [E:/AMD_FPGA/Projects/Sim_GPU - Copy/rtl/common/fifo_async.v:34]
     1: i_14477/S[0] (CARRY4)
     2: i_14482/O (LUT2)
      [E:/AMD_FPGA/Projects/Sim_GPU - Copy/rtl/common/fifo_async.v:34]
     3: i_14482/O (LUT2)
CRITICAL WARNING: [Synth 8-295] found timing loop. [E:/AMD_FPGA/Projects/Sim_GPU - Copy/rtl/top/vision_top.v:14]
Inferred a: "set_disable_timing -from S[0] -to CO[3] i_14477"
Found timing loop:
     0: i_14477/CO[3] (CARRY4)
      [E:/AMD_FPGA/Projects/Sim_GPU - Copy/rtl/common/fifo_async.v:34]
     1: i_14477/CO[3] (CARRY4)
CRITICAL WARNING: [Synth 8-295] found timing loop. [E:/AMD_FPGA/Projects/Sim_GPU - Copy/rtl/top/vision_top.v:14]
Found timing loop:
     0: i_14477/CO[3] (CARRY4)
      [E:/AMD_FPGA/Projects/Sim_GPU - Copy/rtl/common/fifo_async.v:34]
     1: i_14477/CO[3] (CARRY4)
CRITICAL WARNING: [Synth 8-295] found timing loop. [E:/AMD_FPGA/Projects/Sim_GPU - Copy/rtl/top/vision_top.v:14]
Found timing loop:
     0: i_14477/CO[3] (CARRY4)
      [E:/AMD_FPGA/Projects/Sim_GPU - Copy/rtl/common/fifo_async.v:34]
     1: i_14477/CO[3] (CARRY4)
CRITICAL WARNING: [Synth 8-295] found timing loop. [E:/AMD_FPGA/Projects/Sim_GPU - Copy/rtl/top/vision_top.v:14]
Found timing loop:
     0: i_14477/CO[3] (CARRY4)
      [E:/AMD_FPGA/Projects/Sim_GPU - Copy/rtl/common/fifo_async.v:34]
     1: i_14477/CO[3] (CARRY4)
CRITICAL WARNING: [Synth 8-295] found timing loop. [E:/AMD_FPGA/Projects/Sim_GPU - Copy/rtl/top/vision_top.v:14]
INFO: [Synth 8-7052] The timing for the instance u_snn/u_syn/w_reg (implemented as a Block RAM) might be sub-optimal as no optional output register could be merged into the ram block. Providing additional output register may help in improving timing.
INFO: [Synth 8-7052] The timing for the instance g_chan[0].u_canny/u_hyst/strong_mem_reg_1 (implemented as a Block RAM) might be sub-optimal as no optional output register could be merged into the ram block. Providing additional output register may help in improving timing.
INFO: [Synth 8-7052] The timing for the instance g_chan[0].u_canny/u_hyst/strong_mem_reg_3 (implemented as a Block RAM) might be sub-optimal as no optional output register could be merged into the ram block. Providing additional output register may help in improving timing.
INFO: [Synth 8-7052] The timing for the instance g_chan[0].u_canny/u_hyst/strong_mem_reg_5 (implemented as a Block RAM) might be sub-optimal as no optional output register could be merged into the ram block. Providing additional output register may help in improving timing.
INFO: [Synth 8-7052] The timing for the instance g_chan[0].u_canny/u_hyst/strong_mem_reg_7 (implemented as a Block RAM) might be sub-optimal as no optional output register could be merged into the ram block. Providing additional output register may help in improving timing.
INFO: [Synth 8-7052] The timing for the instance g_chan[0].u_canny/u_hyst/strong_mem_reg_9 (implemented as a Block RAM) might be sub-optimal as no optional output register could be merged into the ram block. Providing additional output register may help in improving timing.
INFO: [Synth 8-7052] The timing for the instance g_chan[0].u_canny/u_hyst/weak_mem_reg_1 (implemented as a Block RAM) might be sub-optimal as no optional output register could be merged into the ram block. Providing additional output register may help in improving timing.
INFO: [Synth 8-7052] The timing for the instance g_chan[0].u_canny/u_hyst/weak_mem_reg_3 (implemented as a Block RAM) might be sub-optimal as no optional output register could be merged into the ram block. Providing additional output register may help in improving timing.
INFO: [Synth 8-7052] The timing for the instance g_chan[0].u_canny/u_hyst/weak_mem_reg_5 (implemented as a Block RAM) might be sub-optimal as no optional output register could be merged into the ram block. Providing additional output register may help in improving timing.
INFO: [Synth 8-7052] The timing for the instance g_chan[0].u_canny/u_hyst/weak_mem_reg_7 (implemented as a Block RAM) might be sub-optimal as no optional output register could be merged into the ram block. Providing additional output register may help in improving timing.
INFO: [Synth 8-7052] The timing for the instance g_chan[0].u_canny/u_hyst/weak_mem_reg_9 (implemented as a Block RAM) might be sub-optimal as no optional output register could be merged into the ram block. Providing additional output register may help in improving timing.
INFO: [Synth 8-7052] The timing for the instance g_chan[1].u_canny/u_hyst/strong_mem_reg_1 (implemented as a Block RAM) might be sub-optimal as no optional output register could be merged into the ram block. Providing additional output register may help in improving timing.
INFO: [Synth 8-7052] The timing for the instance g_chan[1].u_canny/u_hyst/strong_mem_reg_3 (implemented as a Block RAM) might be sub-optimal as no optional output register could be merged into the ram block. Providing additional output register may help in improving timing.
INFO: [Synth 8-7052] The timing for the instance g_chan[1].u_canny/u_hyst/strong_mem_reg_5 (implemented as a Block RAM) might be sub-optimal as no optional output register could be merged into the ram block. Providing additional output register may help in improving timing.
INFO: [Synth 8-7052] The timing for the instance g_chan[1].u_canny/u_hyst/strong_mem_reg_7 (implemented as a Block RAM) might be sub-optimal as no optional output register could be merged into the ram block. Providing additional output register may help in improving timing.
INFO: [Synth 8-7052] The timing for the instance g_chan[1].u_canny/u_hyst/strong_mem_reg_9 (implemented as a Block RAM) might be sub-optimal as no optional output register could be merged into the ram block. Providing additional output register may help in improving timing.
INFO: [Synth 8-7052] The timing for the instance g_chan[1].u_canny/u_hyst/weak_mem_reg_1 (implemented as a Block RAM) might be sub-optimal as no optional output register could be merged into the ram block. Providing additional output register may help in improving timing.
INFO: [Synth 8-7052] The timing for the instance g_chan[1].u_canny/u_hyst/weak_mem_reg_3 (implemented as a Block RAM) might be sub-optimal as no optional output register could be merged into the ram block. Providing additional output register may help in improving timing.
INFO: [Synth 8-7052] The timing for the instance g_chan[1].u_canny/u_hyst/weak_mem_reg_5 (implemented as a Block RAM) might be sub-optimal as no optional output register could be merged into the ram block. Providing additional output register may help in improving timing.
INFO: [Synth 8-7052] The timing for the instance g_chan[1].u_canny/u_hyst/weak_mem_reg_7 (implemented as a Block RAM) might be sub-optimal as no optional output register could be merged into the ram block. Providing additional output register may help in improving timing.
INFO: [Synth 8-7052] The timing for the instance g_chan[1].u_canny/u_hyst/weak_mem_reg_9 (implemented as a Block RAM) might be sub-optimal as no optional output register could be merged into the ram block. Providing additional output register may help in improving timing.
INFO: [Synth 8-7052] The timing for the instance g_chan[2].u_canny/u_hyst/strong_mem_reg_1 (implemented as a Block RAM) might be sub-optimal as no optional output register could be merged into the ram block. Providing additional output register may help in improving timing.
INFO: [Synth 8-7052] The timing for the instance g_chan[2].u_canny/u_hyst/strong_mem_reg_3 (implemented as a Block RAM) might be sub-optimal as no optional output register could be merged into the ram block. Providing additional output register may help in improving timing.
INFO: [Synth 8-7052] The timing for the instance g_chan[2].u_canny/u_hyst/strong_mem_reg_5 (implemented as a Block RAM) might be sub-optimal as no optional output register could be merged into the ram block. Providing additional output register may help in improving timing.
INFO: [Synth 8-7052] The timing for the instance g_chan[2].u_canny/u_hyst/strong_mem_reg_7 (implemented as a Block RAM) might be sub-optimal as no optional output register could be merged into the ram block. Providing additional output register may help in improving timing.
INFO: [Synth 8-7052] The timing for the instance g_chan[2].u_canny/u_hyst/strong_mem_reg_9 (implemented as a Block RAM) might be sub-optimal as no optional output register could be merged into the ram block. Providing additional output register may help in improving timing.
INFO: [Synth 8-7052] The timing for the instance g_chan[2].u_canny/u_hyst/weak_mem_reg_1 (implemented as a Block RAM) might be sub-optimal as no optional output register could be merged into the ram block. Providing additional output register may help in improving timing.
INFO: [Synth 8-7052] The timing for the instance g_chan[2].u_canny/u_hyst/weak_mem_reg_3 (implemented as a Block RAM) might be sub-optimal as no optional output register could be merged into the ram block. Providing additional output register may help in improving timing.
INFO: [Synth 8-7052] The timing for the instance g_chan[2].u_canny/u_hyst/weak_mem_reg_5 (implemented as a Block RAM) might be sub-optimal as no optional output register could be merged into the ram block. Providing additional output register may help in improving timing.
INFO: [Synth 8-7052] The timing for the instance g_chan[2].u_canny/u_hyst/weak_mem_reg_7 (implemented as a Block RAM) might be sub-optimal as no optional output register could be merged into the ram block. Providing additional output register may help in improving timing.
INFO: [Synth 8-7052] The timing for the instance g_chan[2].u_canny/u_hyst/weak_mem_reg_9 (implemented as a Block RAM) might be sub-optimal as no optional output register could be merged into the ram block. Providing additional output register may help in improving timing.
INFO: [Synth 8-7052] The timing for the instance g_chan[3].u_canny/u_hyst/strong_mem_reg_1 (implemented as a Block RAM) might be sub-optimal as no optional output register could be merged into the ram block. Providing additional output register may help in improving timing.
INFO: [Synth 8-7052] The timing for the instance g_chan[3].u_canny/u_hyst/strong_mem_reg_3 (implemented as a Block RAM) might be sub-optimal as no optional output register could be merged into the ram block. Providing additional output register may help in improving timing.
INFO: [Synth 8-7052] The timing for the instance g_chan[3].u_canny/u_hyst/strong_mem_reg_5 (implemented as a Block RAM) might be sub-optimal as no optional output register could be merged into the ram block. Providing additional output register may help in improving timing.
INFO: [Synth 8-7052] The timing for the instance g_chan[3].u_canny/u_hyst/strong_mem_reg_7 (implemented as a Block RAM) might be sub-optimal as no optional output register could be merged into the ram block. Providing additional output register may help in improving timing.
INFO: [Synth 8-7052] The timing for the instance g_chan[3].u_canny/u_hyst/strong_mem_reg_9 (implemented as a Block RAM) might be sub-optimal as no optional output register could be merged into the ram block. Providing additional output register may help in improving timing.
INFO: [Synth 8-7052] The timing for the instance g_chan[3].u_canny/u_hyst/weak_mem_reg_1 (implemented as a Block RAM) might be sub-optimal as no optional output register could be merged into the ram block. Providing additional output register may help in improving timing.
INFO: [Synth 8-7052] The timing for the instance g_chan[3].u_canny/u_hyst/weak_mem_reg_3 (implemented as a Block RAM) might be sub-optimal as no optional output register could be merged into the ram block. Providing additional output register may help in improving timing.
INFO: [Synth 8-7052] The timing for the instance g_chan[3].u_canny/u_hyst/weak_mem_reg_5 (implemented as a Block RAM) might be sub-optimal as no optional output register could be merged into the ram block. Providing additional output register may help in improving timing.
INFO: [Synth 8-7052] The timing for the instance g_chan[3].u_canny/u_hyst/weak_mem_reg_7 (implemented as a Block RAM) might be sub-optimal as no optional output register could be merged into the ram block. Providing additional output register may help in improving timing.
INFO: [Synth 8-7052] The timing for the instance g_chan[3].u_canny/u_hyst/weak_mem_reg_9 (implemented as a Block RAM) might be sub-optimal as no optional output register could be merged into the ram block. Providing additional output register may help in improving timing.
INFO: [Synth 8-7052] The timing for the instance u_fb/mem0_reg_1 (implemented as a Block RAM) might be sub-optimal as no optional output register could be merged into the ram block. Providing additional output register may help in improving timing.
INFO: [Synth 8-7052] The timing for the instance u_fb/mem0_reg_3 (implemented as a Block RAM) might be sub-optimal as no optional output register could be merged into the ram block. Providing additional output register may help in improving timing.
INFO: [Synth 8-7052] The timing for the instance u_fb/mem0_reg_5 (implemented as a Block RAM) might be sub-optimal as no optional output register could be merged into the ram block. Providing additional output register may help in improving timing.
INFO: [Synth 8-7052] The timing for the instance u_fb/mem0_reg_7 (implemented as a Block RAM) might be sub-optimal as no optional output register could be merged into the ram block. Providing additional output register may help in improving timing.
INFO: [Synth 8-7052] The timing for the instance u_fb/mem0_reg_9 (implemented as a Block RAM) might be sub-optimal as no optional output register could be merged into the ram block. Providing additional output register may help in improving timing.
INFO: [Synth 8-7052] The timing for the instance u_fb/mem1_reg_1 (implemented as a Block RAM) might be sub-optimal as no optional output register could be merged into the ram block. Providing additional output register may help in improving timing.
INFO: [Synth 8-7052] The timing for the instance u_fb/mem1_reg_3 (implemented as a Block RAM) might be sub-optimal as no optional output register could be merged into the ram block. Providing additional output register may help in improving timing.
INFO: [Synth 8-7052] The timing for the instance u_fb/mem1_reg_5 (implemented as a Block RAM) might be sub-optimal as no optional output register could be merged into the ram block. Providing additional output register may help in improving timing.
INFO: [Synth 8-7052] The timing for the instance u_fb/mem1_reg_7 (implemented as a Block RAM) might be sub-optimal as no optional output register could be merged into the ram block. Providing additional output register may help in improving timing.
INFO: [Synth 8-7052] The timing for the instance u_fb/mem1_reg_9 (implemented as a Block RAM) might be sub-optimal as no optional output register could be merged into the ram block. Providing additional output register may help in improving timing.
INFO: [Synth 8-7052] The timing for the instance g_mcu_ctrl.u_mcu8/rom_q_reg (implemented as a Block RAM) might be sub-optimal as no optional output register could be merged into the ram block. Providing additional output register may help in improving timing.
---------------------------------------------------------------------------------
Finished Technology Mapping : Time (s): cpu = 00:01:05 ; elapsed = 00:01:06 . Memory (MB): peak = 1889.184 ; gain = 1128.445
---------------------------------------------------------------------------------
---------------------------------------------------------------------------------
Start IO Insertion
---------------------------------------------------------------------------------
---------------------------------------------------------------------------------
Start Flattening Before IO Insertion
---------------------------------------------------------------------------------
---------------------------------------------------------------------------------
Finished Flattening Before IO Insertion
---------------------------------------------------------------------------------
---------------------------------------------------------------------------------
Start Final Netlist Cleanup
---------------------------------------------------------------------------------
INFO: [Synth 8-4163] Replicating register \u_cam/d_i_reg[0]  to handle IOB=TRUE attribute
INFO: [Synth 8-4163] Replicating register \u_cam/d_i_reg[1]  to handle IOB=TRUE attribute
INFO: [Synth 8-4163] Replicating register \u_cam/d_i_reg[2]  to handle IOB=TRUE attribute
INFO: [Synth 8-4163] Replicating register \u_cam/d_i_reg[3]  to handle IOB=TRUE attribute
INFO: [Synth 8-4163] Replicating register \u_cam/d_i_reg[4]  to handle IOB=TRUE attribute
INFO: [Synth 8-4163] Replicating register \u_cam/d_i_reg[5]  to handle IOB=TRUE attribute
INFO: [Synth 8-4163] Replicating register \u_cam/d_i_reg[6]  to handle IOB=TRUE attribute
INFO: [Synth 8-4163] Replicating register \u_cam/d_i_reg[7]  to handle IOB=TRUE attribute
INFO: [Synth 8-4163] Replicating register \u_cam/hs_i_reg  to handle IOB=TRUE attribute
---------------------------------------------------------------------------------
Finished Final Netlist Cleanup
---------------------------------------------------------------------------------
---------------------------------------------------------------------------------
Finished IO Insertion : Time (s): cpu = 00:01:09 ; elapsed = 00:01:10 . Memory (MB): peak = 2102.438 ; gain = 1341.699
---------------------------------------------------------------------------------
---------------------------------------------------------------------------------
Start Renaming Generated Instances
---------------------------------------------------------------------------------
---------------------------------------------------------------------------------
Finished Renaming Generated Instances : Time (s): cpu = 00:01:09 ; elapsed = 00:01:10 . Memory (MB): peak = 2102.438 ; gain = 1341.699
---------------------------------------------------------------------------------
WARNING: [Synth 8-326] inferred exception to break timing loop: 'set_false_path -through \wgray_reg[3]_i_2 /O[3]'
WARNING: [Synth 8-326] inferred exception to break timing loop: 'set_false_path -through \wgray_reg[3]_i_2 /O[2]'
WARNING: [Synth 8-326] inferred exception to break timing loop: 'set_false_path -through \wgray_reg[3]_i_2 /O[1]'
WARNING: [Synth 8-326] inferred exception to break timing loop: 'set_false_path -through \wgray_reg[3]_i_2 /O[0]'
WARNING: [Synth 8-326] inferred exception to break timing loop: 'set_false_path -through \wgray_reg[3]_i_2__0 /O[3]'
WARNING: [Synth 8-326] inferred exception to break timing loop: 'set_false_path -through \wgray_reg[3]_i_2__0 /O[2]'
WARNING: [Synth 8-326] inferred exception to break timing loop: 'set_false_path -through \wgray_reg[3]_i_2__0 /O[1]'
WARNING: [Synth 8-326] inferred exception to break timing loop: 'set_false_path -through \wgray_reg[3]_i_2__0 /O[0]'
WARNING: [Synth 8-326] inferred exception to break timing loop: 'set_false_path -through \wgray_reg[3]_i_2__1 /O[3]'
WARNING: [Synth 8-326] inferred exception to break timing loop: 'set_false_path -through \wgray_reg[3]_i_2__1 /O[2]'
WARNING: [Synth 8-326] inferred exception to break timing loop: 'set_false_path -through \wgray_reg[3]_i_2__1 /O[1]'
WARNING: [Synth 8-326] inferred exception to break timing loop: 'set_false_path -through \wgray_reg[3]_i_2__1 /O[0]'
WARNING: [Synth 8-326] inferred exception to break timing loop: 'set_false_path -through \wgray_reg[3]_i_2__2 /O[3]'
WARNING: [Synth 8-326] inferred exception to break timing loop: 'set_false_path -through \wgray_reg[3]_i_2__2 /O[2]'
WARNING: [Synth 8-326] inferred exception to break timing loop: 'set_false_path -through \wgray_reg[3]_i_2__2 /O[1]'
WARNING: [Synth 8-326] inferred exception to break timing loop: 'set_false_path -through \wgray_reg[3]_i_2__2 /O[0]'
---------------------------------------------------------------------------------
Start Rebuilding User Hierarchy
---------------------------------------------------------------------------------
---------------------------------------------------------------------------------
Finished Rebuilding User Hierarchy : Time (s): cpu = 00:01:11 ; elapsed = 00:01:12 . Memory (MB): peak = 2102.438 ; gain = 1341.699
---------------------------------------------------------------------------------
---------------------------------------------------------------------------------
Start Renaming Generated Ports
---------------------------------------------------------------------------------
---------------------------------------------------------------------------------
Finished Renaming Generated Ports : Time (s): cpu = 00:01:11 ; elapsed = 00:01:12 . Memory (MB): peak = 2102.438 ; gain = 1341.699
---------------------------------------------------------------------------------
---------------------------------------------------------------------------------
Start Handling Custom Attributes
---------------------------------------------------------------------------------
---------------------------------------------------------------------------------
Finished Handling Custom Attributes : Time (s): cpu = 00:01:12 ; elapsed = 00:01:13 . Memory (MB): peak = 2118.965 ; gain = 1358.227
---------------------------------------------------------------------------------
---------------------------------------------------------------------------------
Start Renaming Generated Nets
---------------------------------------------------------------------------------
---------------------------------------------------------------------------------
Finished Renaming Generated Nets : Time (s): cpu = 00:01:12 ; elapsed = 00:01:13 . Memory (MB): peak = 2118.965 ; gain = 1358.227
---------------------------------------------------------------------------------
---------------------------------------------------------------------------------
Start ROM, RAM, DSP, Shift Register and Retiming Reporting
---------------------------------------------------------------------------------

Static Shift Register Report:
+------------+--------------------------------------+--------+-------+--------------+--------------------+-------------------+--------+---------+
|Module Name | RTL Name                             | Length | Width | Reset Signal | Pull out first Reg | Pull out last Reg | SRL16E | SRLC32E | 
+------------+--------------------------------------+--------+-------+--------------+--------------------+-------------------+--------+---------+
|vision_top  | g_chan[0].u_canny/u_gauss/sv2_r_reg  | 4      | 12    | YES          | NO                 | YES               | 12     | 0       | 
|vision_top  | g_chan[0].u_canny/u_med/sv5_r_reg    | 7      | 12    | YES          | NO                 | YES               | 12     | 0       | 
|vision_top  | g_chan[0].u_canny/u_med/wr5_r_reg[8] | 6      | 76    | YES          | NO                 | YES               | 76     | 0       | 
+------------+--------------------------------------+--------+-------+--------------+--------------------+-------------------+--------+---------+

---------------------------------------------------------------------------------
Finished ROM, RAM, DSP, Shift Register and Retiming Reporting
---------------------------------------------------------------------------------
---------------------------------------------------------------------------------
Start Writing Synthesis Report
---------------------------------------------------------------------------------

DSP Final Report (the ' indicates corresponding REG is set)
+-----------------+-------------+--------+--------+--------+--------+--------+------+------+------+------+-------+------+------+
|Module Name      | DSP Mapping | A Size | B Size | C Size | D Size | P Size | AREG | BREG | CREG | DREG | ADREG | MREG | PREG | 
+-----------------+-------------+--------+--------+--------+--------+--------+------+------+------+------+-------+------+------+
|vision_top       | (C+A*B)'    | 10     | 10     | 10     | -      | 20     | 0    | 0    | 0    | -    | -     | 0    | 1    | 
|vision_top       | C+A*B       | 13     | 10     | 13     | -      | 20     | 0    | 0    | 0    | -    | -     | 0    | 0    | 
|gradient_mag_dir | (A*B)'      | 12     | 15     | -      | -      | 27     | 0    | 0    | -    | -    | -     | 0    | 1    | 
|gradient_mag_dir | (A*B)'      | 12     | 14     | -      | -      | 26     | 0    | 0    | -    | -    | -     | 0    | 1    | 
|gradient_mag_dir | (A*B)'      | 12     | 13     | -      | -      | 25     | 0    | 0    | -    | -    | -     | 0    | 1    | 
|gradient_mag_dir | (A*B)'      | 12     | 15     | -      | -      | 27     | 0    | 0    | -    | -    | -     | 0    | 1    | 
|gradient_mag_dir | (A*B)'      | 12     | 14     | -      | -      | 26     | 0    | 0    | -    | -    | -     | 0    | 1    | 
|gradient_mag_dir | (A*B)'      | 12     | 13     | -      | -      | 25     | 0    | 0    | -    | -    | -     | 0    | 1    | 
|gradient_mag_dir | (A*B)'      | 12     | 15     | -      | -      | 27     | 0    | 0    | -    | -    | -     | 0    | 1    | 
|gradient_mag_dir | (A*B)'      | 12     | 14     | -      | -      | 26     | 0    | 0    | -    | -    | -     | 0    | 1    | 
|gradient_mag_dir | (A*B)'      | 12     | 13     | -      | -      | 25     | 0    | 0    | -    | -    | -     | 0    | 1    | 
|gradient_mag_dir | (A*B)'      | 12     | 15     | -      | -      | 27     | 0    | 0    | -    | -    | -     | 0    | 1    | 
|gradient_mag_dir | (A*B)'      | 12     | 14     | -      | -      | 26     | 0    | 0    | -    | -    | -     | 0    | 1    | 
|gradient_mag_dir | (A*B)'      | 12     | 13     | -      | -      | 25     | 0    | 0    | -    | -    | -     | 0    | 1    | 
|ov5640_ctrl      | A*B         | 8      | 16     | -      | -      | 24     | 0    | 0    | -    | -    | -     | 0    | 0    | 
+-----------------+-------------+--------+--------+--------+--------+--------+------+------+------+------+-------+------+------+


Report BlackBoxes: 
+-+--------------+----------+
| |BlackBox name |Instances |
+-+--------------+----------+
+-+--------------+----------+

Report Cell Usage: 
+------+------------+------+
|      |Cell        |Count |
+------+------------+------+
|1     |BUFG        |     4|
|2     |CARRY4      |  1610|
|3     |DSP48E1     |    15|
|7     |LUT1        |   343|
|8     |LUT2        |  4835|
|9     |LUT3        |  3315|
|10    |LUT4        |  3781|
|11    |LUT5        |  1831|
|12    |LUT6        |  3649|
|13    |MMCME2_BASE |     1|
|14    |MUXF7       |   168|
|15    |MUXF8       |    12|
|16    |RAM128X1S   |   432|
|17    |RAM256X1S   |   864|
|18    |RAM64M      |   384|
|19    |RAMB18E1    |     2|
|21    |RAMB36E1    |   100|
|25    |SRL16E      |   100|
|26    |FDCE        | 14407|
|27    |FDPE        |    75|
|28    |FDRE        |   129|
|29    |IBUF        |    48|
|30    |IOBUF       |     1|
|31    |OBUF        |    60|
+------+------------+------+
---------------------------------------------------------------------------------
Finished Writing Synthesis Report : Time (s): cpu = 00:01:12 ; elapsed = 00:01:13 . Memory (MB): peak = 2118.965 ; gain = 1358.227
---------------------------------------------------------------------------------
Synthesis finished with 0 errors, 36 critical warnings and 45 warnings.
Synthesis Optimization Runtime : Time (s): cpu = 00:00:54 ; elapsed = 00:01:02 . Memory (MB): peak = 2118.965 ; gain = 1284.777
Synthesis Optimization Complete : Time (s): cpu = 00:01:12 ; elapsed = 00:01:13 . Memory (MB): peak = 2118.965 ; gain = 1358.227
INFO: [Project 1-571] Translating synthesized netlist
Netlist sorting complete. Time (s): cpu = 00:00:00 ; elapsed = 00:00:00.285 . Memory (MB): peak = 2124.102 ; gain = 0.000
INFO: [Netlist 29-17] Analyzing 3589 Unisim elements for replacement
INFO: [Netlist 29-28] Unisim Transformation completed in 1 CPU seconds
INFO: [Project 1-570] Preparing netlist for logic optimization
Parsing XDC File [E:/AMD_FPGA/Projects/Sim_GPU - Copy/constraints/pins.xdc]
Finished Parsing XDC File [E:/AMD_FPGA/Projects/Sim_GPU - Copy/constraints/pins.xdc]
Parsing XDC File [E:/AMD_FPGA/Projects/Sim_GPU - Copy/constraints/timing.xdc]
INFO: [Timing 38-35] Done setting XDC timing constraints. [E:/AMD_FPGA/Projects/Sim_GPU - Copy/constraints/timing.xdc:7]
INFO: [Timing 38-2] Deriving generated clocks [E:/AMD_FPGA/Projects/Sim_GPU - Copy/constraints/timing.xdc:7]
Finished Parsing XDC File [E:/AMD_FPGA/Projects/Sim_GPU - Copy/constraints/timing.xdc]
Parsing XDC File [E:/AMD_FPGA/Projects/Sim_GPU - Copy/constraints/io_standard.xdc]
Finished Parsing XDC File [E:/AMD_FPGA/Projects/Sim_GPU - Copy/constraints/io_standard.xdc]
INFO: [Opt 31-138] Pushed 0 inverter(s) to 0 load pin(s).
Netlist sorting complete. Time (s): cpu = 00:00:00 ; elapsed = 00:00:00.013 . Memory (MB): peak = 2677.777 ; gain = 0.000
INFO: [Project 1-111] Unisim Transformation Summary:
  A total of 1682 instances were transformed.
  IOBUF => IOBUF (IBUF, OBUFT): 1 instance 
  MMCME2_BASE => MMCME2_ADV: 1 instance 
  RAM128X1S => RAM128X1S (MUXF7, RAMS64E(x2)): 432 instances
  RAM256X1S => RAM256X1S (MUXF7(x2), MUXF8, RAMS64E(x4)): 864 instances
  RAM64M => RAM64M (RAMD64E(x4)): 384 instances

Synth Design complete | Checksum: d420926f
INFO: [Common 17-83] Releasing license: Synthesis
163 Infos, 314 Warnings, 36 Critical Warnings and 0 Errors encountered.
synth_design completed successfully
synth_design: Time (s): cpu = 00:01:41 ; elapsed = 00:01:44 . Memory (MB): peak = 2677.777 ; gain = 2152.434
# report_utilization -file out/util_sweet.rpt
# opt_design -directive Explore
Command: opt_design -directive Explore
INFO: [Vivado_Tcl 4-136] Directive used for opt_design is: Explore
Attempting to get a license for feature 'Implementation' and/or device 'xc7z020'
INFO: [Common 17-349] Got license for feature 'Implementation' and/or device 'xc7z020'
Running DRC as a precondition to command opt_design

Starting DRC Task
INFO: [DRC 23-27] Running DRC with 2 threads
CRITICAL WARNING: [DRC AVAL-139] MMCME2_ADV Phase shift and divide attr checks: The MMCME2_ADV cell u_mmcm has a fractional CLKFBOUT_MULT_F value (19.800) which is not a multiple of the hardware granularity (0.125) and will be adjusted to the nearest supportable value. Please update the design to use a valid value.
INFO: [Project 1-461] DRC finished with 0 Errors, 1 Critical Warnings
INFO: [Project 1-462] Please refer to the DRC report (report_drc) for more information.

Time (s): cpu = 00:00:01 ; elapsed = 00:00:00.603 . Memory (MB): peak = 2677.777 ; gain = 0.000

Starting Logic Optimization Task

Phase 1 Initialization

Phase 1.1 Core Generation And Design Setup
Phase 1.1 Core Generation And Design Setup | Checksum: 13842681c

Time (s): cpu = 00:00:00 ; elapsed = 00:00:00.023 . Memory (MB): peak = 2677.777 ; gain = 0.000

Phase 1.2 Setup Constraints And Sort Netlist
Phase 1.2 Setup Constraints And Sort Netlist | Checksum: 13842681c

Time (s): cpu = 00:00:00 ; elapsed = 00:00:00.046 . Memory (MB): peak = 2677.777 ; gain = 0.000
Phase 1 Initialization | Checksum: 13842681c

Time (s): cpu = 00:00:00 ; elapsed = 00:00:00.051 . Memory (MB): peak = 2677.777 ; gain = 0.000

Phase 2 Timer Update And Timing Data Collection

Phase 2.1 Detect if minReqCache needed
Phase 2.1 Detect if minReqCache needed | Checksum: 13842681c

Time (s): cpu = 00:00:00 ; elapsed = 00:00:00.077 . Memory (MB): peak = 2677.777 ; gain = 0.000

Phase 2.2 Timer Update
INFO: [Timing 38-35] Done setting XDC timing constraints.
Phase 2.2 Timer Update | Checksum: 13842681c

Time (s): cpu = 00:00:03 ; elapsed = 00:00:02 . Memory (MB): peak = 2677.777 ; gain = 0.000

Phase 2.3 Timing Data Collection
Phase 2.3 Timing Data Collection | Checksum: 13842681c

Time (s): cpu = 00:00:03 ; elapsed = 00:00:02 . Memory (MB): peak = 2677.777 ; gain = 0.000
Phase 2 Timer Update And Timing Data Collection | Checksum: 13842681c

Time (s): cpu = 00:00:03 ; elapsed = 00:00:02 . Memory (MB): peak = 2677.777 ; gain = 0.000

Phase 3 Retarget
INFO: [Opt 31-1851] Number of loadless carry chains removed were: 0
INFO: [Opt 31-1834] Total Chains To Be Transformed Were: 0 AND Number of Transformed insts Created are: 0
INFO: [Opt 31-1566] Pulled 5 inverters resulting in an inversion of 24 pins
INFO: [Opt 31-138] Pushed 1 inverter(s) to 1 load pin(s).
INFO: [Opt 31-49] Retargeted 0 cell(s).
Phase 3 Retarget | Checksum: fc15ba8d

Time (s): cpu = 00:00:03 ; elapsed = 00:00:02 . Memory (MB): peak = 2677.777 ; gain = 0.000
Retarget | Checksum: fc15ba8d
INFO: [Opt 31-389] Phase Retarget created 9 cells and removed 9 cells
INFO: [Opt 31-1021] In phase Retarget, 3 netlist objects are constrained preventing optimization. Please run opt_design with -debug_log to get more detail. 

Phase 4 Constant propagation
INFO: [Opt 31-138] Pushed 0 inverter(s) to 0 load pin(s).
Phase 4 Constant propagation | Checksum: 84be6d87

Time (s): cpu = 00:00:03 ; elapsed = 00:00:02 . Memory (MB): peak = 2677.777 ; gain = 0.000
Constant propagation | Checksum: 84be6d87
INFO: [Opt 31-389] Phase Constant propagation created 0 cells and removed 0 cells
INFO: [Opt 31-1021] In phase Constant propagation, 1 netlist objects are constrained preventing optimization. Please run opt_design with -debug_log to get more detail. 

Phase 5 Sweep
INFO: [Constraints 18-11670] Building netlist checker database with flags, 0x8
Done building netlist checker database: Time (s): cpu = 00:00:00 ; elapsed = 00:00:00.012 . Memory (MB): peak = 2677.777 ; gain = 0.000
Phase 5 Sweep | Checksum: 532429ce

Time (s): cpu = 00:00:04 ; elapsed = 00:00:03 . Memory (MB): peak = 2677.777 ; gain = 0.000
Sweep | Checksum: 532429ce
INFO: [Opt 31-389] Phase Sweep created 0 cells and removed 51 cells
INFO: [Opt 31-1021] In phase Sweep, 1 netlist objects are constrained preventing optimization. Please run opt_design with -debug_log to get more detail. 

Phase 6 BUFG optimization
Phase 6 BUFG optimization | Checksum: 532429ce

Time (s): cpu = 00:00:04 ; elapsed = 00:00:03 . Memory (MB): peak = 2677.777 ; gain = 0.000
BUFG optimization | Checksum: 532429ce
INFO: [Opt 31-662] Phase BUFG optimization created 0 cells of which 0 are BUFGs and removed 0 cells.

Phase 7 Shift Register Optimization
INFO: [Opt 31-1064] SRL Remap converted 0 SRLs to 0 registers and converted 0 registers of register chains to 0 SRLs
Phase 7 Shift Register Optimization | Checksum: 532429ce

Time (s): cpu = 00:00:04 ; elapsed = 00:00:03 . Memory (MB): peak = 2677.777 ; gain = 0.000
Shift Register Optimization | Checksum: 532429ce
INFO: [Opt 31-389] Phase Shift Register Optimization created 0 cells and removed 0 cells
INFO: [Opt 31-1555] control_set_opt supports Versal devices only, and device 7z020 is unsupported

Phase 8 Post Processing Netlist
Phase 8 Post Processing Netlist | Checksum: 532429ce

Time (s): cpu = 00:00:04 ; elapsed = 00:00:03 . Memory (MB): peak = 2677.777 ; gain = 0.000
Post Processing Netlist | Checksum: 532429ce
INFO: [Opt 31-389] Phase Post Processing Netlist created 0 cells and removed 0 cells
INFO: [Opt 31-1021] In phase Post Processing Netlist, 1 netlist objects are constrained preventing optimization. Please run opt_design with -debug_log to get more detail. 

Phase 9 Finalization

Phase 9.1 Finalizing Design Cores and Updating Shapes
Phase 9.1 Finalizing Design Cores and Updating Shapes | Checksum: c7a8d496

Time (s): cpu = 00:00:05 ; elapsed = 00:00:04 . Memory (MB): peak = 2677.777 ; gain = 0.000

Phase 9.2 Verifying Netlist Connectivity

Starting Connectivity Check Task

Time (s): cpu = 00:00:00 ; elapsed = 00:00:00.046 . Memory (MB): peak = 2677.777 ; gain = 0.000
Phase 9.2 Verifying Netlist Connectivity | Checksum: c7a8d496

Time (s): cpu = 00:00:05 ; elapsed = 00:00:04 . Memory (MB): peak = 2677.777 ; gain = 0.000
Phase 9 Finalization | Checksum: c7a8d496

Time (s): cpu = 00:00:05 ; elapsed = 00:00:04 . Memory (MB): peak = 2677.777 ; gain = 0.000
Opt_design Change Summary
=========================


-------------------------------------------------------------------------------------------------------------------------
|  Phase                        |  #Cells created  |  #Cells Removed  |  #Constrained objects preventing optimizations  |
-------------------------------------------------------------------------------------------------------------------------
|  Retarget                     |               9  |               9  |                                              3  |
|  Constant propagation         |               0  |               0  |                                              1  |
|  Sweep                        |               0  |              51  |                                              1  |
|  BUFG optimization            |               0  |               0  |                                              0  |
|  Shift Register Optimization  |               0  |               0  |                                              0  |
|  Post Processing Netlist      |               0  |               0  |                                              1  |
-------------------------------------------------------------------------------------------------------------------------


Ending Logic Optimization Task | Checksum: c7a8d496

Time (s): cpu = 00:00:05 ; elapsed = 00:00:04 . Memory (MB): peak = 2677.777 ; gain = 0.000
Netlist sorting complete. Time (s): cpu = 00:00:00 ; elapsed = 00:00:00.014 . Memory (MB): peak = 2677.777 ; gain = 0.000
INFO: [Common 17-83] Releasing license: Implementation
26 Infos, 0 Warnings, 1 Critical Warnings and 0 Errors encountered.
opt_design completed successfully
opt_design: Time (s): cpu = 00:00:08 ; elapsed = 00:00:07 . Memory (MB): peak = 2677.777 ; gain = 0.000
# place_design -directive Explore
Command: place_design -directive Explore
Attempting to get a license for feature 'Implementation' and/or device 'xc7z020'
INFO: [Common 17-349] Got license for feature 'Implementation' and/or device 'xc7z020'
INFO: [Common 17-83] Releasing license: Implementation
INFO: [DRC 23-27] Running DRC with 2 threads
INFO: [Vivado_Tcl 4-198] DRC finished with 0 Errors
INFO: [Vivado_Tcl 4-199] Please refer to the DRC report (report_drc) for more information.
INFO: [Timing 38-35] Done setting XDC timing constraints.
INFO: [Vivado_Tcl 4-2302] The placer was invoked with the 'Explore' directive.
Running DRC as a precondition to command place_design
INFO: [DRC 23-27] Running DRC with 2 threads
CRITICAL WARNING: [DRC AVAL-139] MMCME2_ADV Phase shift and divide attr checks: The MMCME2_ADV cell u_mmcm has a fractional CLKFBOUT_MULT_F value (19.800) which is not a multiple of the hardware granularity (0.125) and will be adjusted to the nearest supportable value. Please update the design to use a valid value.
INFO: [Vivado_Tcl 4-198] DRC finished with 0 Errors, 1 Critical Warnings, 42 Warnings
INFO: [Vivado_Tcl 4-199] Please refer to the DRC report (report_drc) for more information.
INFO: [Place 30-611] Multithreading enabled for place_design using a maximum of 2 CPUs

Starting Placer Task

Phase 1 Placer Initialization

Phase 1.1 Placer Initialization Netlist Sorting
Netlist sorting complete. Time (s): cpu = 00:00:00 ; elapsed = 00:00:00.014 . Memory (MB): peak = 2677.777 ; gain = 0.000
Phase 1.1 Placer Initialization Netlist Sorting | Checksum: af3fbb26

Time (s): cpu = 00:00:00 ; elapsed = 00:00:00.019 . Memory (MB): peak = 2677.777 ; gain = 0.000
Netlist sorting complete. Time (s): cpu = 00:00:00 ; elapsed = 00:00:00.015 . Memory (MB): peak = 2677.777 ; gain = 0.000

Phase 1.2 IO Placement/ Clock Placement/ Build Placer Device
Phase 1.2 IO Placement/ Clock Placement/ Build Placer Device | Checksum: b1ae6e18

Time (s): cpu = 00:00:04 ; elapsed = 00:00:03 . Memory (MB): peak = 2677.777 ; gain = 0.000

Phase 1.3 Build Placer Netlist Model
Phase 1.3 Build Placer Netlist Model | Checksum: 100eaf6a6

Time (s): cpu = 00:00:14 ; elapsed = 00:00:10 . Memory (MB): peak = 2677.777 ; gain = 0.000

Phase 1.4 Constrain Clocks/Macros
Phase 1.4 Constrain Clocks/Macros | Checksum: 100eaf6a6

Time (s): cpu = 00:00:14 ; elapsed = 00:00:10 . Memory (MB): peak = 2677.777 ; gain = 0.000
Phase 1 Placer Initialization | Checksum: 100eaf6a6

Time (s): cpu = 00:00:14 ; elapsed = 00:00:11 . Memory (MB): peak = 2677.777 ; gain = 0.000

Phase 2 Global Placement

Phase 2.1 Floorplanning
Phase 2.1 Floorplanning | Checksum: fae222c1

Time (s): cpu = 00:00:19 ; elapsed = 00:00:13 . Memory (MB): peak = 2677.777 ; gain = 0.000

Phase 2.2 Update Timing before SLR Path Opt
Phase 2.2 Update Timing before SLR Path Opt | Checksum: 12dce0d68

Time (s): cpu = 00:00:23 ; elapsed = 00:00:16 . Memory (MB): peak = 2677.777 ; gain = 0.000

Phase 2.3 Post-Processing in Floorplanning
Phase 2.3 Post-Processing in Floorplanning | Checksum: 12dce0d68

Time (s): cpu = 00:00:23 ; elapsed = 00:00:16 . Memory (MB): peak = 2677.777 ; gain = 0.000

Phase 2.4 Global Place Phase1
Phase 2.4 Global Place Phase1 | Checksum: 17a06331a

Time (s): cpu = 00:00:50 ; elapsed = 00:00:32 . Memory (MB): peak = 2677.777 ; gain = 0.000

Phase 2.5 Global Place Phase2

Phase 2.5.1 UpdateTiming Before Physical Synthesis
Phase 2.5.1 UpdateTiming Before Physical Synthesis | Checksum: 13e122b30

Time (s): cpu = 00:00:55 ; elapsed = 00:00:35 . Memory (MB): peak = 2677.777 ; gain = 0.000

Phase 2.5.2 Physical Synthesis In Placer
INFO: [Physopt 32-1035] Found 12 LUTNM shape to break, 575 LUT instances to create LUTNM shape
INFO: [Physopt 32-1044] Break lutnm for timing: one critical 11, two critical 1, total 12, new lutff created 2
INFO: [Physopt 32-1138] End 1 Pass. Optimized 288 nets or LUTs. Breaked 12 LUTs, combined 276 existing LUTs and moved 0 existing LUT
INFO: [Physopt 32-65] No nets found for high-fanout optimization.
INFO: [Physopt 32-232] Optimized 0 net. Created 0 new instance.
INFO: [Physopt 32-775] End 1 Pass. Optimized 0 net or cell. Created 0 new cell, deleted 0 existing cell and moved 0 existing cell
INFO: [Physopt 32-457] Pass 1. Identified 1 candidate cell for DSP register optimization.
INFO: [Physopt 32-666] Processed cell fb_waddr_c. No change.
INFO: [Physopt 32-775] End 2 Pass. Optimized 0 net or cell. Created 0 new cell, deleted 0 existing cell and moved 0 existing cell
Netlist sorting complete. Time (s): cpu = 00:00:00 ; elapsed = 00:00:00.017 . Memory (MB): peak = 2677.777 ; gain = 0.000
INFO: [Physopt 32-1123] No candidate cells found for Shift Register to Pipeline optimization
INFO: [Physopt 32-775] End 2 Pass. Optimized 0 net or cell. Created 0 new cell, deleted 0 existing cell and moved 0 existing cell
INFO: [Physopt 32-1401] No candidate cells found for Shift Register optimization.
INFO: [Physopt 32-677] No candidate cells for Shift Register optimization found in the design
INFO: [Physopt 32-775] End 1 Pass. Optimized 0 net or cell. Created 0 new cell, deleted 0 existing cell and moved 0 existing cell
INFO: [Physopt 32-526] No candidate cells for BRAM register optimization found in the design
INFO: [Physopt 32-775] End 1 Pass. Optimized 0 net or cell. Created 0 new cell, deleted 0 existing cell and moved 0 existing cell
INFO: [Physopt 32-846] No candidate cells for URAM register optimization found in the design
INFO: [Physopt 32-775] End 1 Pass. Optimized 0 net or cell. Created 0 new cell, deleted 0 existing cell and moved 0 existing cell
INFO: [Physopt 32-846] No candidate cells for URAM register optimization found in the design
INFO: [Physopt 32-775] End 1 Pass. Optimized 0 net or cell. Created 0 new cell, deleted 0 existing cell and moved 0 existing cell
INFO: [Physopt 32-949] No candidate nets found for dynamic/static region interface net replication
INFO: [Physopt 32-775] End 1 Pass. Optimized 0 net or cell. Created 0 new cell, deleted 0 existing cell and moved 0 existing cell
Netlist sorting complete. Time (s): cpu = 00:00:00 ; elapsed = 00:00:00.015 . Memory (MB): peak = 2677.777 ; gain = 0.000

Summary of Physical Synthesis Optimizations
============================================


-----------------------------------------------------------------------------------------------------------------------------------------------------------
|  Optimization                                     |  Added Cells  |  Removed Cells  |  Optimized Cells/Nets  |  Dont Touch  |  Iterations  |  Elapsed   |
-----------------------------------------------------------------------------------------------------------------------------------------------------------
|  LUT Combining                                    |           12  |            276  |                   288  |           0  |           1  |  00:00:00  |
|  Retime                                           |            0  |              0  |                     0  |           0  |           1  |  00:00:00  |
|  Very High Fanout                                 |            0  |              0  |                     0  |           0  |           1  |  00:00:00  |
|  DSP Register                                     |            0  |              0  |                     0  |           0  |           1  |  00:00:00  |
|  Shift Register to Pipeline                       |            0  |              0  |                     0  |           0  |           1  |  00:00:00  |
|  Shift Register                                   |            0  |              0  |                     0  |           0  |           1  |  00:00:00  |
|  BRAM Register                                    |            0  |              0  |                     0  |           0  |           1  |  00:00:00  |
|  URAM Register                                    |            0  |              0  |                     0  |           0  |           1  |  00:00:00  |
|  Dynamic/Static Region Interface Net Replication  |            0  |              0  |                     0  |           0  |           1  |  00:00:00  |
|  Total                                            |           12  |            276  |                   288  |           0  |           9  |  00:00:01  |
-----------------------------------------------------------------------------------------------------------------------------------------------------------


Phase 2.5.2 Physical Synthesis In Placer | Checksum: 10cdd4597

Time (s): cpu = 00:01:01 ; elapsed = 00:00:39 . Memory (MB): peak = 2677.777 ; gain = 0.000
Phase 2.5 Global Place Phase2 | Checksum: 1eda1394a

Time (s): cpu = 00:01:02 ; elapsed = 00:00:40 . Memory (MB): peak = 2677.777 ; gain = 0.000
Phase 2 Global Placement | Checksum: 1eda1394a

Time (s): cpu = 00:01:02 ; elapsed = 00:00:40 . Memory (MB): peak = 2677.777 ; gain = 0.000

Phase 3 Detail Placement

Phase 3.1 Commit Multi Column Macros
Phase 3.1 Commit Multi Column Macros | Checksum: 1d83b0f37

Time (s): cpu = 00:01:07 ; elapsed = 00:00:43 . Memory (MB): peak = 2677.777 ; gain = 0.000

Phase 3.2 Commit Most Macros & LUTRAMs
Phase 3.2 Commit Most Macros & LUTRAMs | Checksum: d7f940ff

Time (s): cpu = 00:01:16 ; elapsed = 00:00:49 . Memory (MB): peak = 2677.777 ; gain = 0.000

Phase 3.3 Area Swap Optimization
Phase 3.3 Area Swap Optimization | Checksum: 1583b9a7a

Time (s): cpu = 00:01:17 ; elapsed = 00:00:50 . Memory (MB): peak = 2677.777 ; gain = 0.000

Phase 3.4 Pipeline Register Optimization
Phase 3.4 Pipeline Register Optimization | Checksum: c83eec50

Time (s): cpu = 00:01:17 ; elapsed = 00:00:50 . Memory (MB): peak = 2677.777 ; gain = 0.000

Phase 3.5 Fast Optimization
Phase 3.5 Fast Optimization | Checksum: 100c34db7

Time (s): cpu = 00:01:28 ; elapsed = 00:00:56 . Memory (MB): peak = 2677.777 ; gain = 0.000

Phase 3.6 Small Shape Detail Placement
Phase 3.6 Small Shape Detail Placement | Checksum: 22b5449d6

Time (s): cpu = 00:01:34 ; elapsed = 00:01:02 . Memory (MB): peak = 2677.777 ; gain = 0.000

Phase 3.7 Re-assign LUT pins
Phase 3.7 Re-assign LUT pins | Checksum: 1c315afaf

Time (s): cpu = 00:01:36 ; elapsed = 00:01:04 . Memory (MB): peak = 2677.777 ; gain = 0.000

Phase 3.8 Pipeline Register Optimization
Phase 3.8 Pipeline Register Optimization | Checksum: 1e83dbe26

Time (s): cpu = 00:01:36 ; elapsed = 00:01:04 . Memory (MB): peak = 2677.777 ; gain = 0.000
Phase 3 Detail Placement | Checksum: 1e83dbe26

Time (s): cpu = 00:01:36 ; elapsed = 00:01:04 . Memory (MB): peak = 2677.777 ; gain = 0.000

Phase 4 Post Placement Optimization and Clean-Up

Phase 4.1 Post Commit Optimization
INFO: [Timing 38-35] Done setting XDC timing constraints.

Phase 4.1.1 Post Placement Optimization
Post Placement Optimization Initialization | Checksum: 27559d0bb

Phase 4.1.1.1 BUFG Insertion

Starting Physical Synthesis Task

Phase 1 Physical Synthesis Initialization
INFO: [Physopt 32-721] Multithreading enabled for phys_opt_design using a maximum of 2 CPUs
INFO: [Physopt 32-619] Estimated Timing Summary | WNS=-0.722 | TNS=-39.056 |
Phase 1 Physical Synthesis Initialization | Checksum: 1ccfea5f7

Time (s): cpu = 00:00:01 ; elapsed = 00:00:00.579 . Memory (MB): peak = 2677.777 ; gain = 0.000
INFO: [Place 46-56] BUFG insertion identified 0 candidate nets. Inserted BUFG: 0, Replicated BUFG Driver: 0, Skipped due to Placement/Routing Conflicts: 0, Skipped due to Timing Degradation: 0, Skipped due to netlist editing failed: 0.
Ending Physical Synthesis Task | Checksum: 1a89b1328

Time (s): cpu = 00:00:01 ; elapsed = 00:00:00.695 . Memory (MB): peak = 2677.777 ; gain = 0.000
Phase 4.1.1.1 BUFG Insertion | Checksum: 27559d0bb

Time (s): cpu = 00:01:48 ; elapsed = 00:01:12 . Memory (MB): peak = 2677.777 ; gain = 0.000

Phase 4.1.1.2 Post Placement Timing Optimization
INFO: [Place 30-746] Post Placement Timing Summary WNS=-0.336. For the most accurate timing information please run report_timing.
Phase 4.1.1.2 Post Placement Timing Optimization | Checksum: 218fdcc0d

Time (s): cpu = 00:03:37 ; elapsed = 00:02:56 . Memory (MB): peak = 2677.777 ; gain = 0.000

Time (s): cpu = 00:03:37 ; elapsed = 00:02:56 . Memory (MB): peak = 2677.777 ; gain = 0.000
Phase 4.1 Post Commit Optimization | Checksum: 218fdcc0d

Time (s): cpu = 00:03:37 ; elapsed = 00:02:56 . Memory (MB): peak = 2677.777 ; gain = 0.000

Phase 4.2 Post Placement Cleanup
Phase 4.2 Post Placement Cleanup | Checksum: 218fdcc0d

Time (s): cpu = 00:03:37 ; elapsed = 00:02:56 . Memory (MB): peak = 2677.777 ; gain = 0.000

Phase 4.3 Placer Reporting

Phase 4.3.1 Print Estimated Congestion
INFO: [Place 30-612] Post-Placement Estimated Congestion 
 ____________________________________________________
|           | Global Congestion | Short Congestion  |
| Direction | Region Size       | Region Size       |
|___________|___________________|___________________|
|      North|                1x1|                2x2|
|___________|___________________|___________________|
|      South|                1x1|                2x2|
|___________|___________________|___________________|
|       East|                1x1|                1x1|
|___________|___________________|___________________|
|       West|                1x1|                1x1|
|___________|___________________|___________________|

Phase 4.3.1 Print Estimated Congestion | Checksum: 218fdcc0d

Time (s): cpu = 00:03:37 ; elapsed = 00:02:56 . Memory (MB): peak = 2677.777 ; gain = 0.000
Phase 4.3 Placer Reporting | Checksum: 218fdcc0d

Time (s): cpu = 00:03:38 ; elapsed = 00:02:56 . Memory (MB): peak = 2677.777 ; gain = 0.000

Phase 4.4 Final Placement Cleanup
Netlist sorting complete. Time (s): cpu = 00:00:00 ; elapsed = 00:00:00.015 . Memory (MB): peak = 2677.777 ; gain = 0.000

Time (s): cpu = 00:03:38 ; elapsed = 00:02:56 . Memory (MB): peak = 2677.777 ; gain = 0.000
Phase 4 Post Placement Optimization and Clean-Up | Checksum: 1fdbe1e5b

Time (s): cpu = 00:03:38 ; elapsed = 00:02:56 . Memory (MB): peak = 2677.777 ; gain = 0.000
Ending Placer Task | Checksum: 19263f4cf

Time (s): cpu = 00:03:38 ; elapsed = 00:02:56 . Memory (MB): peak = 2677.777 ; gain = 0.000
39 Infos, 0 Warnings, 1 Critical Warnings and 0 Errors encountered.
place_design completed successfully
place_design: Time (s): cpu = 00:03:42 ; elapsed = 00:02:59 . Memory (MB): peak = 2677.777 ; gain = 0.000
# phys_opt_design -directive AggressiveExplore
Command: phys_opt_design -directive AggressiveExplore
Attempting to get a license for feature 'Implementation' and/or device 'xc7z020'
INFO: [Common 17-349] Got license for feature 'Implementation' and/or device 'xc7z020'
INFO: [Vivado_Tcl 4-137] Directive used for phys_opt_design is: AggressiveExplore

Starting Initial Update Timing Task

Time (s): cpu = 00:00:09 ; elapsed = 00:00:05 . Memory (MB): peak = 2677.777 ; gain = 0.000
INFO: [Vivado_Tcl 4-1435] PhysOpt_Tcl_Interface Runtime Before Starting Physical Synthesis Task | CPU: 9.00s |  WALL: 5.22s
Netlist sorting complete. Time (s): cpu = 00:00:00 ; elapsed = 00:00:00.015 . Memory (MB): peak = 2677.777 ; gain = 0.000

Starting Physical Synthesis Task

Phase 1 Physical Synthesis Initialization
INFO: [Physopt 32-721] Multithreading enabled for phys_opt_design using a maximum of 2 CPUs
INFO: [Physopt 32-619] Estimated Timing Summary | WNS=-0.336 | TNS=-0.336 |
Phase 1 Physical Synthesis Initialization | Checksum: 1b8207725

Time (s): cpu = 00:00:05 ; elapsed = 00:00:04 . Memory (MB): peak = 2677.777 ; gain = 0.000

Phase 2 SLR Crossing Optimization
Phase 2 SLR Crossing Optimization | Checksum: 1b8207725

Time (s): cpu = 00:00:05 ; elapsed = 00:00:04 . Memory (MB): peak = 2677.777 ; gain = 0.000
INFO: [Physopt 32-619] Estimated Timing Summary | WNS=-0.336 | TNS=-0.336 |

Phase 3 Fanout Optimization
INFO: [Physopt 32-64] No nets found for fanout-optimization.
INFO: [Physopt 32-232] Optimized 0 net. Created 0 new instance.
INFO: [Physopt 32-775] End 1 Pass. Optimized 0 net or cell. Created 0 new cell, deleted 0 existing cell and moved 0 existing cell
Phase 3 Fanout Optimization | Checksum: 1b8207725

Time (s): cpu = 00:00:05 ; elapsed = 00:00:04 . Memory (MB): peak = 2677.777 ; gain = 0.000

Phase 4 Single Cell Placement Optimization
INFO: [Physopt 32-660] Identified 25 candidate nets for placement-based optimization.
INFO: [Physopt 32-662] Processed net g_chan[3].u_canny/u_hyst/rd_word_q_reg[1].  Did not re-place instance g_chan[3].u_canny/u_hyst/win_data_r[1]_i_1__2
INFO: [Physopt 32-662] Processed net g_chan[3].u_canny/u_hyst/win_data_r[1]_i_2__2_n_0.  Did not re-place instance g_chan[3].u_canny/u_hyst/win_data_r[1]_i_2__2
INFO: [Physopt 32-662] Processed net g_chan[3].u_canny/u_hyst/win_data_r[1].  Did not re-place instance g_chan[3].u_canny/u_hyst/win_data_r_reg[1]
INFO: [Physopt 32-663] Processed net g_chan[2].u_canny/u_gauss/u_win/x_reg[9]_2.  Re-placed instance g_chan[2].u_canny/u_gauss/u_win/__10/g_bank[1].mem_b_reg_256_511_0_0_i_1__1
INFO: [Physopt 32-662] Processed net g_chan[2].u_canny/u_gauss/u_win/g_bank[3].mem_b_reg_0_255_0_0_i_2__1_n_0.  Did not re-place instance g_chan[2].u_canny/u_gauss/u_win/g_bank[3].mem_b_reg_0_255_0_0_i_2__1
INFO: [Physopt 32-663] Processed net g_chan[2].u_canny/u_gauss/u_win/x[9].  Re-placed instance g_chan[2].u_canny/u_gauss/u_win/x_reg[9]
INFO: [Physopt 32-662] Processed net g_chan[2].u_canny/u_gauss/u_win/x[9]_i_5__9_n_0.  Did not re-place instance g_chan[2].u_canny/u_gauss/u_win/x[9]_i_5__9
INFO: [Physopt 32-662] Processed net g_chan[2].u_canny/u_gauss/u_win/x[9]_i_4__9_n_0.  Did not re-place instance g_chan[2].u_canny/u_gauss/u_win/x[9]_i_4__9
INFO: [Physopt 32-663] Processed net g_chan[2].u_canny/u_gauss/u_win/x_reg[9]_0.  Re-placed instance g_chan[2].u_canny/u_gauss/u_win/__8/g_bank[3].mem_b_reg_256_511_0_0_i_1__1
INFO: [Physopt 32-662] Processed net g_chan[1].u_canny/u_hyst/m_edge_d_i_1__0_n_0.  Did not re-place instance g_chan[1].u_canny/u_hyst/m_edge_d_i_1__0
INFO: [Physopt 32-662] Processed net g_chan[1].u_canny/u_hyst/m_edge_d_i_2__0_n_0.  Did not re-place instance g_chan[1].u_canny/u_hyst/m_edge_d_i_2__0
INFO: [Physopt 32-662] Processed net g_chan[1].u_canny/u_hyst/m_edge_d.  Did not re-place instance g_chan[1].u_canny/u_hyst/m_edge_d_reg
INFO: [Physopt 32-662] Processed net g_chan[3].u_canny/u_hyst/win_data_r[0]_i_2__2_n_0.  Did not re-place instance g_chan[3].u_canny/u_hyst/win_data_r[0]_i_2__2
INFO: [Physopt 32-662] Processed net g_chan[3].u_canny/u_hyst/rd_word_q_reg[0].  Did not re-place instance g_chan[3].u_canny/u_hyst/win_data_r[0]_i_1__2
INFO: [Physopt 32-662] Processed net g_chan[3].u_canny/u_hyst/win_data_r[0].  Did not re-place instance g_chan[3].u_canny/u_hyst/win_data_r_reg[0]
INFO: [Physopt 32-662] Processed net g_chan[3].u_canny/u_hyst/m_edge_d_i_1__2_n_0.  Did not re-place instance g_chan[3].u_canny/u_hyst/m_edge_d_i_1__2
INFO: [Physopt 32-662] Processed net g_chan[3].u_canny/u_hyst/m_edge_d.  Did not re-place instance g_chan[3].u_canny/u_hyst/m_edge_d_reg
INFO: [Physopt 32-663] Processed net g_chan[2].u_canny/u_gauss/u_win/Q[7].  Re-placed instance g_chan[2].u_canny/u_gauss/u_win/x_reg[7]
INFO: [Physopt 32-662] Processed net g_chan[1].u_canny/u_hyst/rd_word_q_reg[1].  Did not re-place instance g_chan[1].u_canny/u_hyst/win_data_r[1]_i_1__0
INFO: [Physopt 32-662] Processed net g_chan[1].u_canny/u_hyst/win_data_r[1].  Did not re-place instance g_chan[1].u_canny/u_hyst/win_data_r_reg[1]
INFO: [Physopt 32-662] Processed net g_chan[2].u_canny/u_hyst/rd_word_q_reg[1].  Did not re-place instance g_chan[2].u_canny/u_hyst/win_data_r[1]_i_1__1
INFO: [Physopt 32-662] Processed net g_chan[2].u_canny/u_hyst/win_data_r[1]_i_2__1_n_0.  Did not re-place instance g_chan[2].u_canny/u_hyst/win_data_r[1]_i_2__1
INFO: [Physopt 32-662] Processed net g_chan[2].u_canny/u_hyst/win_data_r[1].  Did not re-place instance g_chan[2].u_canny/u_hyst/win_data_r_reg[1]
INFO: [Physopt 32-663] Processed net g_chan[2].u_canny/u_gauss/u_win/r[7].  Re-placed instance g_chan[2].u_canny/u_gauss/u_win/r_reg[7]
INFO: [Physopt 32-662] Processed net g_chan[2].u_canny/u_gauss/u_win/r[8]_i_2__9_n_0.  Did not re-place instance g_chan[2].u_canny/u_gauss/u_win/r[8]_i_2__9
INFO: [Physopt 32-661] Optimized 5 nets.  Re-placed 5 instances.
INFO: [Physopt 32-775] End 1 Pass. Optimized 5 nets or cells. Created 0 new cell, deleted 0 existing cell and moved 5 existing cells
INFO: [Physopt 32-619] Estimated Timing Summary | WNS=-0.336 | TNS=-0.336 |
Netlist sorting complete. Time (s): cpu = 00:00:00 ; elapsed = 00:00:00.014 . Memory (MB): peak = 2677.777 ; gain = 0.000
Phase 4 Single Cell Placement Optimization | Checksum: 15d04d1c3

Time (s): cpu = 00:00:07 ; elapsed = 00:00:05 . Memory (MB): peak = 2677.777 ; gain = 0.000

Phase 5 Multi Cell Placement Optimization
INFO: [Physopt 32-660] Identified 16 candidate nets for placement-based optimization.
INFO: [Physopt 32-662] Processed net g_chan[3].u_canny/u_hyst/rd_word_q_reg[1].  Did not re-place instance g_chan[3].u_canny/u_hyst/win_data_r[1]_i_1__2/O
INFO: [Physopt 32-662] Processed net g_chan[3].u_canny/u_hyst/win_data_r[1]_i_2__2_n_0.  Did not re-place instance g_chan[3].u_canny/u_hyst/win_data_r[1]_i_2__2/O
INFO: [Physopt 32-661] Optimized 0 net.  Re-placed 0 instance.
INFO: [Physopt 32-775] End 1 Pass. Optimized 0 net or cell. Created 0 new cell, deleted 0 existing cell and moved 0 existing cell
Netlist sorting complete. Time (s): cpu = 00:00:00 ; elapsed = 00:00:00.016 . Memory (MB): peak = 2677.777 ; gain = 0.000
Phase 5 Multi Cell Placement Optimization | Checksum: 17d9ad78b

Time (s): cpu = 00:00:07 ; elapsed = 00:00:05 . Memory (MB): peak = 2677.777 ; gain = 0.000

Phase 6 Rewire
INFO: [Physopt 32-246] Starting Signal Push optimization...
INFO: [Physopt 32-241] No nets found for rewiring () optimization.
INFO: [Physopt 32-232] Optimized 0 net. Created 0 new instance.
INFO: [Physopt 32-775] End 1 Pass. Optimized 0 net or cell. Created 0 new cell, deleted 0 existing cell and moved 0 existing cell
Netlist sorting complete. Time (s): cpu = 00:00:00 ; elapsed = 00:00:00.014 . Memory (MB): peak = 2677.777 ; gain = 0.000
Phase 6 Rewire | Checksum: 17d9ad78b

Time (s): cpu = 00:00:07 ; elapsed = 00:00:06 . Memory (MB): peak = 2677.777 ; gain = 0.000

Phase 7 Critical Cell Optimization
INFO: [Physopt 32-68] No nets found for critical-cell optimization.
INFO: [Physopt 32-232] Optimized 0 net. Created 0 new instance.
INFO: [Physopt 32-775] End 1 Pass. Optimized 0 net or cell. Created 0 new cell, deleted 0 existing cell and moved 0 existing cell
Phase 7 Critical Cell Optimization | Checksum: 17d9ad78b

Time (s): cpu = 00:00:08 ; elapsed = 00:00:06 . Memory (MB): peak = 2677.777 ; gain = 0.000

Phase 8 Fanout Optimization
INFO: [Physopt 32-64] No nets found for fanout-optimization.
INFO: [Physopt 32-232] Optimized 0 net. Created 0 new instance.
INFO: [Physopt 32-775] End 1 Pass. Optimized 0 net or cell. Created 0 new cell, deleted 0 existing cell and moved 0 existing cell
Phase 8 Fanout Optimization | Checksum: 17d9ad78b

Time (s): cpu = 00:00:08 ; elapsed = 00:00:06 . Memory (MB): peak = 2677.777 ; gain = 0.000

Phase 9 Single Cell Placement Optimization
INFO: [Physopt 32-660] Identified 16 candidate nets for placement-based optimization.
INFO: [Physopt 32-662] Processed net g_chan[3].u_canny/u_hyst/rd_word_q_reg[1].  Did not re-place instance g_chan[3].u_canny/u_hyst/win_data_r[1]_i_1__2
INFO: [Physopt 32-662] Processed net g_chan[3].u_canny/u_hyst/win_data_r[1]_i_2__2_n_0.  Did not re-place instance g_chan[3].u_canny/u_hyst/win_data_r[1]_i_2__2
INFO: [Physopt 32-662] Processed net g_chan[3].u_canny/u_hyst/win_data_r[1].  Did not re-place instance g_chan[3].u_canny/u_hyst/win_data_r_reg[1]
INFO: [Physopt 32-662] Processed net g_chan[1].u_canny/u_hyst/m_edge_d_i_1__0_n_0.  Did not re-place instance g_chan[1].u_canny/u_hyst/m_edge_d_i_1__0
INFO: [Physopt 32-662] Processed net g_chan[1].u_canny/u_hyst/m_edge_d_i_2__0_n_0.  Did not re-place instance g_chan[1].u_canny/u_hyst/m_edge_d_i_2__0
INFO: [Physopt 32-662] Processed net g_chan[1].u_canny/u_hyst/m_edge_d.  Did not re-place instance g_chan[1].u_canny/u_hyst/m_edge_d_reg
INFO: [Physopt 32-662] Processed net g_chan[3].u_canny/u_hyst/win_data_r[0]_i_2__2_n_0.  Did not re-place instance g_chan[3].u_canny/u_hyst/win_data_r[0]_i_2__2
INFO: [Physopt 32-662] Processed net g_chan[3].u_canny/u_hyst/rd_word_q_reg[0].  Did not re-place instance g_chan[3].u_canny/u_hyst/win_data_r[0]_i_1__2
INFO: [Physopt 32-662] Processed net g_chan[3].u_canny/u_hyst/win_data_r[0].  Did not re-place instance g_chan[3].u_canny/u_hyst/win_data_r_reg[0]
INFO: [Physopt 32-662] Processed net g_chan[3].u_canny/u_hyst/m_edge_d_i_1__2_n_0.  Did not re-place instance g_chan[3].u_canny/u_hyst/m_edge_d_i_1__2
INFO: [Physopt 32-662] Processed net g_chan[3].u_canny/u_hyst/m_edge_d.  Did not re-place instance g_chan[3].u_canny/u_hyst/m_edge_d_reg
INFO: [Physopt 32-662] Processed net g_chan[1].u_canny/u_hyst/rd_word_q_reg[1].  Did not re-place instance g_chan[1].u_canny/u_hyst/win_data_r[1]_i_1__0
INFO: [Physopt 32-662] Processed net g_chan[1].u_canny/u_hyst/win_data_r[1].  Did not re-place instance g_chan[1].u_canny/u_hyst/win_data_r_reg[1]
INFO: [Physopt 32-662] Processed net g_chan[2].u_canny/u_hyst/rd_word_q_reg[1].  Did not re-place instance g_chan[2].u_canny/u_hyst/win_data_r[1]_i_1__1
INFO: [Physopt 32-662] Processed net g_chan[2].u_canny/u_hyst/win_data_r[1]_i_2__1_n_0.  Did not re-place instance g_chan[2].u_canny/u_hyst/win_data_r[1]_i_2__1
INFO: [Physopt 32-662] Processed net g_chan[2].u_canny/u_hyst/win_data_r[1].  Did not re-place instance g_chan[2].u_canny/u_hyst/win_data_r_reg[1]
INFO: [Physopt 32-661] Optimized 0 net.  Re-placed 0 instance.
INFO: [Physopt 32-775] End 1 Pass. Optimized 0 net or cell. Created 0 new cell, deleted 0 existing cell and moved 0 existing cell
Netlist sorting complete. Time (s): cpu = 00:00:00 ; elapsed = 00:00:00.015 . Memory (MB): peak = 2677.777 ; gain = 0.000
Phase 9 Single Cell Placement Optimization | Checksum: 1773fbcca

Time (s): cpu = 00:00:09 ; elapsed = 00:00:06 . Memory (MB): peak = 2677.777 ; gain = 0.000

Phase 10 Multi Cell Placement Optimization
INFO: [Physopt 32-660] Identified 16 candidate nets for placement-based optimization.
INFO: [Physopt 32-662] Processed net g_chan[3].u_canny/u_hyst/rd_word_q_reg[1].  Did not re-place instance g_chan[3].u_canny/u_hyst/win_data_r[1]_i_1__2/O
INFO: [Physopt 32-662] Processed net g_chan[3].u_canny/u_hyst/win_data_r[1]_i_2__2_n_0.  Did not re-place instance g_chan[3].u_canny/u_hyst/win_data_r[1]_i_2__2/O
INFO: [Physopt 32-661] Optimized 0 net.  Re-placed 0 instance.
INFO: [Physopt 32-775] End 1 Pass. Optimized 0 net or cell. Created 0 new cell, deleted 0 existing cell and moved 0 existing cell
Netlist sorting complete. Time (s): cpu = 00:00:00 ; elapsed = 00:00:00.015 . Memory (MB): peak = 2677.777 ; gain = 0.000
Phase 10 Multi Cell Placement Optimization | Checksum: 17d9ad78b

Time (s): cpu = 00:00:09 ; elapsed = 00:00:07 . Memory (MB): peak = 2677.777 ; gain = 0.000

Phase 11 Rewire
INFO: [Physopt 32-246] Starting Signal Push optimization...
INFO: [Physopt 32-241] No nets found for rewiring () optimization.
INFO: [Physopt 32-232] Optimized 0 net. Created 0 new instance.
INFO: [Physopt 32-775] End 1 Pass. Optimized 0 net or cell. Created 0 new cell, deleted 0 existing cell and moved 0 existing cell
Netlist sorting complete. Time (s): cpu = 00:00:00 ; elapsed = 00:00:00.015 . Memory (MB): peak = 2677.777 ; gain = 0.000
Phase 11 Rewire | Checksum: 17d9ad78b

Time (s): cpu = 00:00:09 ; elapsed = 00:00:07 . Memory (MB): peak = 2677.777 ; gain = 0.000

Phase 12 Critical Cell Optimization
INFO: [Physopt 32-68] No nets found for critical-cell optimization.
INFO: [Physopt 32-232] Optimized 0 net. Created 0 new instance.
INFO: [Physopt 32-775] End 1 Pass. Optimized 0 net or cell. Created 0 new cell, deleted 0 existing cell and moved 0 existing cell
Phase 12 Critical Cell Optimization | Checksum: 17d9ad78b

Time (s): cpu = 00:00:09 ; elapsed = 00:00:07 . Memory (MB): peak = 2677.777 ; gain = 0.000

Phase 13 SLR Crossing Optimization
Phase 13 SLR Crossing Optimization | Checksum: 17d9ad78b

Time (s): cpu = 00:00:09 ; elapsed = 00:00:07 . Memory (MB): peak = 2677.777 ; gain = 0.000

Phase 14 Fanout Optimization
INFO: [Physopt 32-64] No nets found for fanout-optimization.
INFO: [Physopt 32-232] Optimized 0 net. Created 0 new instance.
INFO: [Physopt 32-775] End 1 Pass. Optimized 0 net or cell. Created 0 new cell, deleted 0 existing cell and moved 0 existing cell
Phase 14 Fanout Optimization | Checksum: 17d9ad78b

Time (s): cpu = 00:00:09 ; elapsed = 00:00:07 . Memory (MB): peak = 2677.777 ; gain = 0.000

Phase 15 Single Cell Placement Optimization
INFO: [Physopt 32-660] Identified 16 candidate nets for placement-based optimization.
INFO: [Physopt 32-662] Processed net g_chan[3].u_canny/u_hyst/rd_word_q_reg[1].  Did not re-place instance g_chan[3].u_canny/u_hyst/win_data_r[1]_i_1__2
INFO: [Physopt 32-662] Processed net g_chan[3].u_canny/u_hyst/win_data_r[1]_i_2__2_n_0.  Did not re-place instance g_chan[3].u_canny/u_hyst/win_data_r[1]_i_2__2
INFO: [Physopt 32-662] Processed net g_chan[3].u_canny/u_hyst/win_data_r[1].  Did not re-place instance g_chan[3].u_canny/u_hyst/win_data_r_reg[1]
INFO: [Physopt 32-662] Processed net g_chan[1].u_canny/u_hyst/m_edge_d_i_1__0_n_0.  Did not re-place instance g_chan[1].u_canny/u_hyst/m_edge_d_i_1__0
INFO: [Physopt 32-662] Processed net g_chan[1].u_canny/u_hyst/m_edge_d_i_2__0_n_0.  Did not re-place instance g_chan[1].u_canny/u_hyst/m_edge_d_i_2__0
INFO: [Physopt 32-662] Processed net g_chan[1].u_canny/u_hyst/m_edge_d.  Did not re-place instance g_chan[1].u_canny/u_hyst/m_edge_d_reg
INFO: [Physopt 32-662] Processed net g_chan[3].u_canny/u_hyst/win_data_r[0]_i_2__2_n_0.  Did not re-place instance g_chan[3].u_canny/u_hyst/win_data_r[0]_i_2__2
INFO: [Physopt 32-662] Processed net g_chan[3].u_canny/u_hyst/rd_word_q_reg[0].  Did not re-place instance g_chan[3].u_canny/u_hyst/win_data_r[0]_i_1__2
INFO: [Physopt 32-662] Processed net g_chan[3].u_canny/u_hyst/win_data_r[0].  Did not re-place instance g_chan[3].u_canny/u_hyst/win_data_r_reg[0]
INFO: [Physopt 32-662] Processed net g_chan[3].u_canny/u_hyst/m_edge_d_i_1__2_n_0.  Did not re-place instance g_chan[3].u_canny/u_hyst/m_edge_d_i_1__2
INFO: [Physopt 32-662] Processed net g_chan[3].u_canny/u_hyst/m_edge_d.  Did not re-place instance g_chan[3].u_canny/u_hyst/m_edge_d_reg
INFO: [Physopt 32-662] Processed net g_chan[1].u_canny/u_hyst/rd_word_q_reg[1].  Did not re-place instance g_chan[1].u_canny/u_hyst/win_data_r[1]_i_1__0
INFO: [Physopt 32-662] Processed net g_chan[1].u_canny/u_hyst/win_data_r[1].  Did not re-place instance g_chan[1].u_canny/u_hyst/win_data_r_reg[1]
INFO: [Physopt 32-662] Processed net g_chan[2].u_canny/u_hyst/rd_word_q_reg[1].  Did not re-place instance g_chan[2].u_canny/u_hyst/win_data_r[1]_i_1__1
INFO: [Physopt 32-662] Processed net g_chan[2].u_canny/u_hyst/win_data_r[1]_i_2__1_n_0.  Did not re-place instance g_chan[2].u_canny/u_hyst/win_data_r[1]_i_2__1
INFO: [Physopt 32-662] Processed net g_chan[2].u_canny/u_hyst/win_data_r[1].  Did not re-place instance g_chan[2].u_canny/u_hyst/win_data_r_reg[1]
INFO: [Physopt 32-661] Optimized 0 net.  Re-placed 0 instance.
INFO: [Physopt 32-775] End 1 Pass. Optimized 0 net or cell. Created 0 new cell, deleted 0 existing cell and moved 0 existing cell
Netlist sorting complete. Time (s): cpu = 00:00:00 ; elapsed = 00:00:00.015 . Memory (MB): peak = 2677.777 ; gain = 0.000
Phase 15 Single Cell Placement Optimization | Checksum: 1773fbcca

Time (s): cpu = 00:00:10 ; elapsed = 00:00:07 . Memory (MB): peak = 2677.777 ; gain = 0.000

Phase 16 Multi Cell Placement Optimization
INFO: [Physopt 32-660] Identified 16 candidate nets for placement-based optimization.
INFO: [Physopt 32-662] Processed net g_chan[3].u_canny/u_hyst/rd_word_q_reg[1].  Did not re-place instance g_chan[3].u_canny/u_hyst/win_data_r[1]_i_1__2/O
INFO: [Physopt 32-662] Processed net g_chan[3].u_canny/u_hyst/win_data_r[1]_i_2__2_n_0.  Did not re-place instance g_chan[3].u_canny/u_hyst/win_data_r[1]_i_2__2/O
INFO: [Physopt 32-661] Optimized 0 net.  Re-placed 0 instance.
INFO: [Physopt 32-775] End 1 Pass. Optimized 0 net or cell. Created 0 new cell, deleted 0 existing cell and moved 0 existing cell
Netlist sorting complete. Time (s): cpu = 00:00:00 ; elapsed = 00:00:00.015 . Memory (MB): peak = 2677.777 ; gain = 0.000
Phase 16 Multi Cell Placement Optimization | Checksum: 17d9ad78b

Time (s): cpu = 00:00:11 ; elapsed = 00:00:08 . Memory (MB): peak = 2677.777 ; gain = 0.000

Phase 17 Rewire
INFO: [Physopt 32-246] Starting Signal Push optimization...
INFO: [Physopt 32-241] No nets found for rewiring () optimization.
INFO: [Physopt 32-232] Optimized 0 net. Created 0 new instance.
INFO: [Physopt 32-775] End 1 Pass. Optimized 0 net or cell. Created 0 new cell, deleted 0 existing cell and moved 0 existing cell
Netlist sorting complete. Time (s): cpu = 00:00:00 ; elapsed = 00:00:00.014 . Memory (MB): peak = 2677.777 ; gain = 0.000
Phase 17 Rewire | Checksum: 17d9ad78b

Time (s): cpu = 00:00:11 ; elapsed = 00:00:08 . Memory (MB): peak = 2677.777 ; gain = 0.000

Phase 18 Critical Cell Optimization
INFO: [Physopt 32-68] No nets found for critical-cell optimization.
INFO: [Physopt 32-232] Optimized 0 net. Created 0 new instance.
INFO: [Physopt 32-775] End 1 Pass. Optimized 0 net or cell. Created 0 new cell, deleted 0 existing cell and moved 0 existing cell
Phase 18 Critical Cell Optimization | Checksum: 17d9ad78b

Time (s): cpu = 00:00:11 ; elapsed = 00:00:08 . Memory (MB): peak = 2677.777 ; gain = 0.000

Phase 19 DSP Register Optimization
INFO: [Physopt 32-457] Pass 1. Identified 1 candidate cell for DSP register optimization.
INFO: [Physopt 32-666] Processed cell fb_waddr_c. No change.
INFO: [Physopt 32-775] End 1 Pass. Optimized 0 net or cell. Created 0 new cell, deleted 0 existing cell and moved 0 existing cell
Netlist sorting complete. Time (s): cpu = 00:00:00 ; elapsed = 00:00:00.016 . Memory (MB): peak = 2677.777 ; gain = 0.000
Phase 19 DSP Register Optimization | Checksum: 149ab85e0

Time (s): cpu = 00:00:12 ; elapsed = 00:00:08 . Memory (MB): peak = 2677.777 ; gain = 0.000

Phase 20 BRAM Register Optimization
INFO: [Physopt 32-614] Property 'READ_WIDTH_B' on BRAM cell 'g_mcu_ctrl.u_mcu8/rom_q_reg' Port 'B' is 0. Skip BRAM Register Optimization on the port
INFO: [Physopt 32-614] Property 'READ_WIDTH_B' on BRAM cell 'u_snn/u_syn/w_reg' Port 'B' is 0. Skip BRAM Register Optimization on the port
INFO: [Physopt 32-526] No candidate cells for BRAM register optimization found in the design
INFO: [Physopt 32-775] End 1 Pass. Optimized 0 net or cell. Created 0 new cell, deleted 0 existing cell and moved 0 existing cell
Phase 20 BRAM Register Optimization | Checksum: 149ab85e0

Time (s): cpu = 00:00:12 ; elapsed = 00:00:08 . Memory (MB): peak = 2677.777 ; gain = 0.000

Phase 21 URAM Register Optimization
INFO: [Physopt 32-846] No candidate cells for URAM register optimization found in the design
INFO: [Physopt 32-775] End 1 Pass. Optimized 0 net or cell. Created 0 new cell, deleted 0 existing cell and moved 0 existing cell
INFO: [Physopt 32-846] No candidate cells for URAM register optimization found in the design
INFO: [Physopt 32-775] End 1 Pass. Optimized 0 net or cell. Created 0 new cell, deleted 0 existing cell and moved 0 existing cell
Phase 21 URAM Register Optimization | Checksum: 149ab85e0

Time (s): cpu = 00:00:12 ; elapsed = 00:00:08 . Memory (MB): peak = 2677.777 ; gain = 0.000

Phase 22 Shift Register Optimization
INFO: [Physopt 32-1401] No candidate cells found for Shift Register optimization.
INFO: [Physopt 32-677] No candidate cells for Shift Register optimization found in the design
INFO: [Physopt 32-775] End 1 Pass. Optimized 0 net or cell. Created 0 new cell, deleted 0 existing cell and moved 0 existing cell
Phase 22 Shift Register Optimization | Checksum: 149ab85e0

Time (s): cpu = 00:00:12 ; elapsed = 00:00:08 . Memory (MB): peak = 2677.777 ; gain = 0.000

Phase 23 DSP Register Optimization
INFO: [Physopt 32-456] No candidate cells for DSP register optimization found in the design.
INFO: [Physopt 32-775] End 1 Pass. Optimized 0 net or cell. Created 0 new cell, deleted 0 existing cell and moved 0 existing cell
Phase 23 DSP Register Optimization | Checksum: 149ab85e0

Time (s): cpu = 00:00:12 ; elapsed = 00:00:08 . Memory (MB): peak = 2677.777 ; gain = 0.000

Phase 24 BRAM Register Optimization
INFO: [Physopt 32-614] Property 'READ_WIDTH_B' on BRAM cell 'g_mcu_ctrl.u_mcu8/rom_q_reg' Port 'B' is 0. Skip BRAM Register Optimization on the port
INFO: [Physopt 32-614] Property 'READ_WIDTH_B' on BRAM cell 'u_snn/u_syn/w_reg' Port 'B' is 0. Skip BRAM Register Optimization on the port
INFO: [Physopt 32-526] No candidate cells for BRAM register optimization found in the design
INFO: [Physopt 32-775] End 1 Pass. Optimized 0 net or cell. Created 0 new cell, deleted 0 existing cell and moved 0 existing cell
Phase 24 BRAM Register Optimization | Checksum: 149ab85e0

Time (s): cpu = 00:00:12 ; elapsed = 00:00:08 . Memory (MB): peak = 2677.777 ; gain = 0.000

Phase 25 URAM Register Optimization
INFO: [Physopt 32-846] No candidate cells for URAM register optimization found in the design
INFO: [Physopt 32-775] End 1 Pass. Optimized 0 net or cell. Created 0 new cell, deleted 0 existing cell and moved 0 existing cell
INFO: [Physopt 32-846] No candidate cells for URAM register optimization found in the design
INFO: [Physopt 32-775] End 1 Pass. Optimized 0 net or cell. Created 0 new cell, deleted 0 existing cell and moved 0 existing cell
Phase 25 URAM Register Optimization | Checksum: 149ab85e0

Time (s): cpu = 00:00:12 ; elapsed = 00:00:08 . Memory (MB): peak = 2677.777 ; gain = 0.000

Phase 26 Shift Register Optimization
INFO: [Physopt 32-1401] No candidate cells found for Shift Register optimization.
INFO: [Physopt 32-677] No candidate cells for Shift Register optimization found in the design
INFO: [Physopt 32-775] End 1 Pass. Optimized 0 net or cell. Created 0 new cell, deleted 0 existing cell and moved 0 existing cell
Phase 26 Shift Register Optimization | Checksum: 149ab85e0

Time (s): cpu = 00:00:12 ; elapsed = 00:00:08 . Memory (MB): peak = 2677.777 ; gain = 0.000

Phase 27 Critical Pin Optimization
INFO: [Physopt 32-606] Identified 2 candidate nets for critical-pin optimization.
INFO: [Physopt 32-608] Optimized 1 net.  Swapped 6 pins.
INFO: [Physopt 32-775] End 1 Pass. Optimized 1 net or cell. Created 0 new cell, deleted 0 existing cell and moved 6 existing cells
INFO: [Physopt 32-619] Estimated Timing Summary | WNS=-0.121 | TNS=-0.121 |
Netlist sorting complete. Time (s): cpu = 00:00:00 ; elapsed = 00:00:00.016 . Memory (MB): peak = 2677.777 ; gain = 0.000
Phase 27 Critical Pin Optimization | Checksum: 149ab85e0

Time (s): cpu = 00:00:12 ; elapsed = 00:00:09 . Memory (MB): peak = 2677.777 ; gain = 0.000

Phase 28 Very High Fanout Optimization
INFO: [Physopt 32-1132] Very high fanout net 'g_chan[0].u_canny/u_gauss/u_win/Q[7]' is not considered as a candidate in VHFN optimization. The fanout considered for this optimization is changed from 394 to 139 due to a timing constraint or macro primitives that prevent optimization on all of the loads. To force replication, set the FORCE_MAX_FANOUT property on the net to a number less than 139.
INFO: [Physopt 32-1132] Very high fanout net 'g_chan[0].u_canny/u_med/u_win/Q[2]' is not considered as a candidate in VHFN optimization. The fanout considered for this optimization is changed from 288 to 93 due to a timing constraint or macro primitives that prevent optimization on all of the loads. To force replication, set the FORCE_MAX_FANOUT property on the net to a number less than 93.
INFO: [Physopt 32-1132] Very high fanout net 'g_chan[0].u_canny/u_med/u_win/Q[7]' is not considered as a candidate in VHFN optimization. The fanout considered for this optimization is changed from 317 to 94 due to a timing constraint or macro primitives that prevent optimization on all of the loads. To force replication, set the FORCE_MAX_FANOUT property on the net to a number less than 94.
INFO: [Physopt 32-1132] Very high fanout net 'g_chan[0].u_canny/u_nms/u_win/x[7]' is not considered as a candidate in VHFN optimization. The fanout considered for this optimization is changed from 319 to 96 due to a timing constraint or macro primitives that prevent optimization on all of the loads. To force replication, set the FORCE_MAX_FANOUT property on the net to a number less than 96.
INFO: [Physopt 32-1132] Very high fanout net 'g_chan[0].u_cdc/wbin_reg_n_0_[0]' is not considered as a candidate in VHFN optimization. The fanout considered for this optimization is changed from 484 to 101 due to a timing constraint or macro primitives that prevent optimization on all of the loads. To force replication, set the FORCE_MAX_FANOUT property on the net to a number less than 101.
INFO: [Physopt 32-1132] Very high fanout net 'g_chan[0].u_cdc/wbin_reg_n_0_[1]' is not considered as a candidate in VHFN optimization. The fanout considered for this optimization is changed from 482 to 99 due to a timing constraint or macro primitives that prevent optimization on all of the loads. To force replication, set the FORCE_MAX_FANOUT property on the net to a number less than 99.
INFO: [Physopt 32-1132] Very high fanout net 'g_chan[0].u_cdc/wbin_reg_n_0_[2]' is not considered as a candidate in VHFN optimization. The fanout considered for this optimization is changed from 482 to 99 due to a timing constraint or macro primitives that prevent optimization on all of the loads. To force replication, set the FORCE_MAX_FANOUT property on the net to a number less than 99.
INFO: [Physopt 32-1132] Very high fanout net 'g_chan[0].u_cdc/wbin_reg_n_0_[3]' is not considered as a candidate in VHFN optimization. The fanout considered for this optimization is changed from 482 to 99 due to a timing constraint or macro primitives that prevent optimization on all of the loads. To force replication, set the FORCE_MAX_FANOUT property on the net to a number less than 99.
INFO: [Physopt 32-1132] Very high fanout net 'g_chan[0].u_cdc/wbin_reg_n_0_[4]' is not considered as a candidate in VHFN optimization. The fanout considered for this optimization is changed from 482 to 99 due to a timing constraint or macro primitives that prevent optimization on all of the loads. To force replication, set the FORCE_MAX_FANOUT property on the net to a number less than 99.
INFO: [Physopt 32-1132] Very high fanout net 'g_chan[0].u_cdc/wbin_reg_n_0_[5]' is not considered as a candidate in VHFN optimization. The fanout considered for this optimization is changed from 482 to 99 due to a timing constraint or macro primitives that prevent optimization on all of the loads. To force replication, set the FORCE_MAX_FANOUT property on the net to a number less than 99.
INFO: [Physopt 32-1132] Very high fanout net 'g_chan[1].u_canny/u_gauss/u_win/Q[7]' is not considered as a candidate in VHFN optimization. The fanout considered for this optimization is changed from 394 to 139 due to a timing constraint or macro primitives that prevent optimization on all of the loads. To force replication, set the FORCE_MAX_FANOUT property on the net to a number less than 139.
INFO: [Physopt 32-1132] Very high fanout net 'g_chan[1].u_canny/u_med/u_win/Q[2]' is not considered as a candidate in VHFN optimization. The fanout considered for this optimization is changed from 288 to 93 due to a timing constraint or macro primitives that prevent optimization on all of the loads. To force replication, set the FORCE_MAX_FANOUT property on the net to a number less than 93.
INFO: [Physopt 32-1132] Very high fanout net 'g_chan[1].u_canny/u_med/u_win/Q[7]' is not considered as a candidate in VHFN optimization. The fanout considered for this optimization is changed from 317 to 94 due to a timing constraint or macro primitives that prevent optimization on all of the loads. To force replication, set the FORCE_MAX_FANOUT property on the net to a number less than 94.
INFO: [Physopt 32-1132] Very high fanout net 'g_chan[1].u_canny/u_nms/u_win/x[6]' is not considered as a candidate in VHFN optimization. The fanout considered for this optimization is changed from 426 to 91 due to a timing constraint or macro primitives that prevent optimization on all of the loads. To force replication, set the FORCE_MAX_FANOUT property on the net to a number less than 91.
INFO: [Physopt 32-1132] Very high fanout net 'g_chan[1].u_canny/u_nms/u_win/x[7]' is not considered as a candidate in VHFN optimization. The fanout considered for this optimization is changed from 319 to 96 due to a timing constraint or macro primitives that prevent optimization on all of the loads. To force replication, set the FORCE_MAX_FANOUT property on the net to a number less than 96.
INFO: [Physopt 32-1132] Very high fanout net 'g_chan[1].u_cdc/wbin_reg_n_0_[0]' is not considered as a candidate in VHFN optimization. The fanout considered for this optimization is changed from 484 to 101 due to a timing constraint or macro primitives that prevent optimization on all of the loads. To force replication, set the FORCE_MAX_FANOUT property on the net to a number less than 101.
INFO: [Physopt 32-1132] Very high fanout net 'g_chan[1].u_cdc/wbin_reg_n_0_[1]' is not considered as a candidate in VHFN optimization. The fanout considered for this optimization is changed from 482 to 99 due to a timing constraint or macro primitives that prevent optimization on all of the loads. To force replication, set the FORCE_MAX_FANOUT property on the net to a number less than 99.
INFO: [Physopt 32-1132] Very high fanout net 'g_chan[1].u_cdc/wbin_reg_n_0_[2]' is not considered as a candidate in VHFN optimization. The fanout considered for this optimization is changed from 482 to 99 due to a timing constraint or macro primitives that prevent optimization on all of the loads. To force replication, set the FORCE_MAX_FANOUT property on the net to a number less than 99.
INFO: [Physopt 32-1132] Very high fanout net 'g_chan[1].u_cdc/wbin_reg_n_0_[3]' is not considered as a candidate in VHFN optimization. The fanout considered for this optimization is changed from 482 to 99 due to a timing constraint or macro primitives that prevent optimization on all of the loads. To force replication, set the FORCE_MAX_FANOUT property on the net to a number less than 99.
INFO: [Physopt 32-1132] Very high fanout net 'g_chan[1].u_cdc/wbin_reg_n_0_[4]' is not considered as a candidate in VHFN optimization. The fanout considered for this optimization is changed from 482 to 99 due to a timing constraint or macro primitives that prevent optimization on all of the loads. To force replication, set the FORCE_MAX_FANOUT property on the net to a number less than 99.
INFO: [Physopt 32-1132] Very high fanout net 'g_chan[1].u_cdc/wbin_reg_n_0_[5]' is not considered as a candidate in VHFN optimization. The fanout considered for this optimization is changed from 482 to 99 due to a timing constraint or macro primitives that prevent optimization on all of the loads. To force replication, set the FORCE_MAX_FANOUT property on the net to a number less than 99.
INFO: [Physopt 32-1132] Very high fanout net 'g_chan[2].u_canny/u_gauss/u_win/Q[2]' is not considered as a candidate in VHFN optimization. The fanout considered for this optimization is changed from 327 to 104 due to a timing constraint or macro primitives that prevent optimization on all of the loads. To force replication, set the FORCE_MAX_FANOUT property on the net to a number less than 104.
INFO: [Physopt 32-1132] Very high fanout net 'g_chan[2].u_canny/u_gauss/u_win/Q[3]' is not considered as a candidate in VHFN optimization. The fanout considered for this optimization is changed from 326 to 103 due to a timing constraint or macro primitives that prevent optimization on all of the loads. To force replication, set the FORCE_MAX_FANOUT property on the net to a number less than 103.
INFO: [Physopt 32-1132] Very high fanout net 'g_chan[2].u_canny/u_gauss/u_win/Q[4]' is not considered as a candidate in VHFN optimization. The fanout considered for this optimization is changed from 325 to 102 due to a timing constraint or macro primitives that prevent optimization on all of the loads. To force replication, set the FORCE_MAX_FANOUT property on the net to a number less than 102.
INFO: [Physopt 32-1132] Very high fanout net 'g_chan[2].u_canny/u_gauss/u_win/Q[5]' is not considered as a candidate in VHFN optimization. The fanout considered for this optimization is changed from 324 to 101 due to a timing constraint or macro primitives that prevent optimization on all of the loads. To force replication, set the FORCE_MAX_FANOUT property on the net to a number less than 101.
INFO: [Physopt 32-1132] Very high fanout net 'g_chan[2].u_canny/u_gauss/u_win/Q[6]' is not considered as a candidate in VHFN optimization. The fanout considered for this optimization is changed from 485 to 102 due to a timing constraint or macro primitives that prevent optimization on all of the loads. To force replication, set the FORCE_MAX_FANOUT property on the net to a number less than 102.
INFO: [Physopt 32-1132] Very high fanout net 'g_chan[2].u_canny/u_gauss/u_win/Q[7]' is not considered as a candidate in VHFN optimization. The fanout considered for this optimization is changed from 394 to 139 due to a timing constraint or macro primitives that prevent optimization on all of the loads. To force replication, set the FORCE_MAX_FANOUT property on the net to a number less than 139.
INFO: [Physopt 32-1132] Very high fanout net 'g_chan[2].u_canny/u_med/u_win/Q[7]' is not considered as a candidate in VHFN optimization. The fanout considered for this optimization is changed from 317 to 94 due to a timing constraint or macro primitives that prevent optimization on all of the loads. To force replication, set the FORCE_MAX_FANOUT property on the net to a number less than 94.
INFO: [Physopt 32-1132] Very high fanout net 'g_chan[2].u_canny/u_nms/u_win/x[1]' is not considered as a candidate in VHFN optimization. The fanout considered for this optimization is changed from 289 to 94 due to a timing constraint or macro primitives that prevent optimization on all of the loads. To force replication, set the FORCE_MAX_FANOUT property on the net to a number less than 94.
INFO: [Physopt 32-1132] Very high fanout net 'g_chan[2].u_canny/u_nms/u_win/x[6]' is not considered as a candidate in VHFN optimization. The fanout considered for this optimization is changed from 426 to 91 due to a timing constraint or macro primitives that prevent optimization on all of the loads. To force replication, set the FORCE_MAX_FANOUT property on the net to a number less than 91.
INFO: [Physopt 32-1132] Very high fanout net 'g_chan[2].u_canny/u_nms/u_win/x[7]' is not considered as a candidate in VHFN optimization. The fanout considered for this optimization is changed from 319 to 96 due to a timing constraint or macro primitives that prevent optimization on all of the loads. To force replication, set the FORCE_MAX_FANOUT property on the net to a number less than 96.
INFO: [Physopt 32-1132] Very high fanout net 'g_chan[2].u_cdc/wbin_reg_n_0_[0]' is not considered as a candidate in VHFN optimization. The fanout considered for this optimization is changed from 484 to 101 due to a timing constraint or macro primitives that prevent optimization on all of the loads. To force replication, set the FORCE_MAX_FANOUT property on the net to a number less than 101.
INFO: [Physopt 32-1132] Very high fanout net 'g_chan[2].u_cdc/wbin_reg_n_0_[1]' is not considered as a candidate in VHFN optimization. The fanout considered for this optimization is changed from 482 to 99 due to a timing constraint or macro primitives that prevent optimization on all of the loads. To force replication, set the FORCE_MAX_FANOUT property on the net to a number less than 99.
INFO: [Physopt 32-1132] Very high fanout net 'g_chan[2].u_cdc/wbin_reg_n_0_[2]' is not considered as a candidate in VHFN optimization. The fanout considered for this optimization is changed from 482 to 99 due to a timing constraint or macro primitives that prevent optimization on all of the loads. To force replication, set the FORCE_MAX_FANOUT property on the net to a number less than 99.
INFO: [Physopt 32-1132] Very high fanout net 'g_chan[2].u_cdc/wbin_reg_n_0_[3]' is not considered as a candidate in VHFN optimization. The fanout considered for this optimization is changed from 482 to 99 due to a timing constraint or macro primitives that prevent optimization on all of the loads. To force replication, set the FORCE_MAX_FANOUT property on the net to a number less than 99.
INFO: [Physopt 32-1132] Very high fanout net 'g_chan[2].u_cdc/wbin_reg_n_0_[4]' is not considered as a candidate in VHFN optimization. The fanout considered for this optimization is changed from 482 to 99 due to a timing constraint or macro primitives that prevent optimization on all of the loads. To force replication, set the FORCE_MAX_FANOUT property on the net to a number less than 99.
INFO: [Physopt 32-1132] Very high fanout net 'g_chan[2].u_cdc/wbin_reg_n_0_[5]' is not considered as a candidate in VHFN optimization. The fanout considered for this optimization is changed from 482 to 99 due to a timing constraint or macro primitives that prevent optimization on all of the loads. To force replication, set the FORCE_MAX_FANOUT property on the net to a number less than 99.
INFO: [Physopt 32-1132] Very high fanout net 'g_chan[3].u_canny/u_gauss/u_win/Q[2]' is not considered as a candidate in VHFN optimization. The fanout considered for this optimization is changed from 327 to 104 due to a timing constraint or macro primitives that prevent optimization on all of the loads. To force replication, set the FORCE_MAX_FANOUT property on the net to a number less than 104.
INFO: [Physopt 32-1132] Very high fanout net 'g_chan[3].u_canny/u_gauss/u_win/Q[3]' is not considered as a candidate in VHFN optimization. The fanout considered for this optimization is changed from 326 to 103 due to a timing constraint or macro primitives that prevent optimization on all of the loads. To force replication, set the FORCE_MAX_FANOUT property on the net to a number less than 103.
INFO: [Physopt 32-1132] Very high fanout net 'g_chan[3].u_canny/u_gauss/u_win/Q[4]' is not considered as a candidate in VHFN optimization. The fanout considered for this optimization is changed from 325 to 102 due to a timing constraint or macro primitives that prevent optimization on all of the loads. To force replication, set the FORCE_MAX_FANOUT property on the net to a number less than 102.
INFO: [Physopt 32-1132] Very high fanout net 'g_chan[3].u_canny/u_gauss/u_win/Q[5]' is not considered as a candidate in VHFN optimization. The fanout considered for this optimization is changed from 324 to 101 due to a timing constraint or macro primitives that prevent optimization on all of the loads. To force replication, set the FORCE_MAX_FANOUT property on the net to a number less than 101.
INFO: [Physopt 32-1132] Very high fanout net 'g_chan[3].u_canny/u_gauss/u_win/Q[6]' is not considered as a candidate in VHFN optimization. The fanout considered for this optimization is changed from 485 to 102 due to a timing constraint or macro primitives that prevent optimization on all of the loads. To force replication, set the FORCE_MAX_FANOUT property on the net to a number less than 102.
INFO: [Physopt 32-1132] Very high fanout net 'g_chan[3].u_canny/u_gauss/u_win/Q[7]' is not considered as a candidate in VHFN optimization. The fanout considered for this optimization is changed from 394 to 139 due to a timing constraint or macro primitives that prevent optimization on all of the loads. To force replication, set the FORCE_MAX_FANOUT property on the net to a number less than 139.
INFO: [Physopt 32-1132] Very high fanout net 'g_chan[3].u_canny/u_med/u_win/Q[7]' is not considered as a candidate in VHFN optimization. The fanout considered for this optimization is changed from 317 to 94 due to a timing constraint or macro primitives that prevent optimization on all of the loads. To force replication, set the FORCE_MAX_FANOUT property on the net to a number less than 94.
INFO: [Physopt 32-1132] Very high fanout net 'g_chan[3].u_canny/u_nms/u_win/x[1]' is not considered as a candidate in VHFN optimization. The fanout considered for this optimization is changed from 289 to 94 due to a timing constraint or macro primitives that prevent optimization on all of the loads. To force replication, set the FORCE_MAX_FANOUT property on the net to a number less than 94.
INFO: [Physopt 32-1132] Very high fanout net 'g_chan[3].u_canny/u_nms/u_win/x[6]' is not considered as a candidate in VHFN optimization. The fanout considered for this optimization is changed from 426 to 91 due to a timing constraint or macro primitives that prevent optimization on all of the loads. To force replication, set the FORCE_MAX_FANOUT property on the net to a number less than 91.
INFO: [Physopt 32-1132] Very high fanout net 'g_chan[3].u_canny/u_nms/u_win/x[7]' is not considered as a candidate in VHFN optimization. The fanout considered for this optimization is changed from 319 to 96 due to a timing constraint or macro primitives that prevent optimization on all of the loads. To force replication, set the FORCE_MAX_FANOUT property on the net to a number less than 96.
INFO: [Physopt 32-1132] Very high fanout net 'g_chan[3].u_cdc/wbin_reg_n_0_[0]' is not considered as a candidate in VHFN optimization. The fanout considered for this optimization is changed from 484 to 101 due to a timing constraint or macro primitives that prevent optimization on all of the loads. To force replication, set the FORCE_MAX_FANOUT property on the net to a number less than 101.
INFO: [Physopt 32-1132] Very high fanout net 'g_chan[3].u_cdc/wbin_reg_n_0_[1]' is not considered as a candidate in VHFN optimization. The fanout considered for this optimization is changed from 482 to 99 due to a timing constraint or macro primitives that prevent optimization on all of the loads. To force replication, set the FORCE_MAX_FANOUT property on the net to a number less than 99.
INFO: [Physopt 32-1132] Very high fanout net 'g_chan[3].u_cdc/wbin_reg_n_0_[2]' is not considered as a candidate in VHFN optimization. The fanout considered for this optimization is changed from 482 to 99 due to a timing constraint or macro primitives that prevent optimization on all of the loads. To force replication, set the FORCE_MAX_FANOUT property on the net to a number less than 99.
INFO: [Physopt 32-1132] Very high fanout net 'g_chan[3].u_cdc/wbin_reg_n_0_[3]' is not considered as a candidate in VHFN optimization. The fanout considered for this optimization is changed from 482 to 99 due to a timing constraint or macro primitives that prevent optimization on all of the loads. To force replication, set the FORCE_MAX_FANOUT property on the net to a number less than 99.
INFO: [Physopt 32-1132] Very high fanout net 'g_chan[3].u_cdc/wbin_reg_n_0_[4]' is not considered as a candidate in VHFN optimization. The fanout considered for this optimization is changed from 482 to 99 due to a timing constraint or macro primitives that prevent optimization on all of the loads. To force replication, set the FORCE_MAX_FANOUT property on the net to a number less than 99.
INFO: [Physopt 32-1132] Very high fanout net 'g_chan[3].u_cdc/wbin_reg_n_0_[5]' is not considered as a candidate in VHFN optimization. The fanout considered for this optimization is changed from 482 to 99 due to a timing constraint or macro primitives that prevent optimization on all of the loads. To force replication, set the FORCE_MAX_FANOUT property on the net to a number less than 99.
INFO: [Physopt 32-1408] Pass 1. Identified 1 candidate net for high-fanout optimization.
INFO: [Physopt 32-81] Processed net u_snn/g_neu[15].u_lif/sync_ff_reg[1]. Replicated 5 times.
INFO: [Physopt 32-232] Optimized 1 net. Created 5 new instances.
INFO: [Physopt 32-775] End 1 Pass. Optimized 1 net or cell. Created 5 new cells, deleted 0 existing cell and moved 0 existing cell
INFO: [Physopt 32-619] Estimated Timing Summary | WNS=-0.121 | TNS=-0.121 |
Netlist sorting complete. Time (s): cpu = 00:00:00 ; elapsed = 00:00:00.036 . Memory (MB): peak = 2677.777 ; gain = 0.000
Phase 28 Very High Fanout Optimization | Checksum: 167743d59

Time (s): cpu = 00:00:15 ; elapsed = 00:00:10 . Memory (MB): peak = 2677.777 ; gain = 0.000

Phase 29 Single Cell Placement Optimization
INFO: [Physopt 32-660] Identified 242 candidate nets for placement-based optimization.
INFO: [Physopt 32-662] Processed net g_chan[3].u_canny/u_hyst/rd_word_q_reg[1].  Did not re-place instance g_chan[3].u_canny/u_hyst/win_data_r[1]_i_1__2
INFO: [Physopt 32-662] Processed net g_chan[3].u_canny/u_hyst/win_data_r[1]_i_2__2_n_0.  Did not re-place instance g_chan[3].u_canny/u_hyst/win_data_r[1]_i_2__2
INFO: [Physopt 32-662] Processed net g_chan[3].u_canny/u_hyst/win_data_r[1].  Did not re-place instance g_chan[3].u_canny/u_hyst/win_data_r_reg[1]
INFO: [Physopt 32-662] Processed net g_chan[1].u_canny/u_hyst/m_edge_d_i_1__0_n_0.  Did not re-place instance g_chan[1].u_canny/u_hyst/m_edge_d_i_1__0
INFO: [Physopt 32-662] Processed net g_chan[1].u_canny/u_hyst/m_edge_d_i_2__0_n_0.  Did not re-place instance g_chan[1].u_canny/u_hyst/m_edge_d_i_2__0
INFO: [Physopt 32-662] Processed net g_chan[1].u_canny/u_hyst/m_edge_d.  Did not re-place instance g_chan[1].u_canny/u_hyst/m_edge_d_reg
INFO: [Physopt 32-662] Processed net g_chan[3].u_canny/u_hyst/win_data_r[0]_i_2__2_n_0.  Did not re-place instance g_chan[3].u_canny/u_hyst/win_data_r[0]_i_2__2
INFO: [Physopt 32-662] Processed net g_chan[3].u_canny/u_hyst/rd_word_q_reg[0].  Did not re-place instance g_chan[3].u_canny/u_hyst/win_data_r[0]_i_1__2
INFO: [Physopt 32-662] Processed net g_chan[3].u_canny/u_hyst/win_data_r[0].  Did not re-place instance g_chan[3].u_canny/u_hyst/win_data_r_reg[0]
INFO: [Physopt 32-662] Processed net g_chan[3].u_canny/u_hyst/m_edge_d_i_1__2_n_0.  Did not re-place instance g_chan[3].u_canny/u_hyst/m_edge_d_i_1__2
INFO: [Physopt 32-662] Processed net g_chan[3].u_canny/u_hyst/m_edge_d.  Did not re-place instance g_chan[3].u_canny/u_hyst/m_edge_d_reg
INFO: [Physopt 32-662] Processed net g_chan[1].u_canny/u_hyst/rd_word_q_reg[1].  Did not re-place instance g_chan[1].u_canny/u_hyst/win_data_r[1]_i_1__0
INFO: [Physopt 32-662] Processed net g_chan[1].u_canny/u_hyst/win_data_r[1].  Did not re-place instance g_chan[1].u_canny/u_hyst/win_data_r_reg[1]
INFO: [Physopt 32-662] Processed net g_chan[2].u_canny/u_hyst/rd_word_q_reg[1].  Did not re-place instance g_chan[2].u_canny/u_hyst/win_data_r[1]_i_1__1
INFO: [Physopt 32-662] Processed net g_chan[2].u_canny/u_hyst/win_data_r[1]_i_2__1_n_0.  Did not re-place instance g_chan[2].u_canny/u_hyst/win_data_r[1]_i_2__1
INFO: [Physopt 32-662] Processed net g_chan[2].u_canny/u_hyst/win_data_r[1].  Did not re-place instance g_chan[2].u_canny/u_hyst/win_data_r_reg[1]
INFO: [Physopt 32-662] Processed net g_chan[1].u_canny/u_hyst/win_data_r[1]_i_2__0_n_0.  Did not re-place instance g_chan[1].u_canny/u_hyst/win_data_r[1]_i_2__0
INFO: [Physopt 32-662] Processed net g_chan[1].u_canny/u_hyst/win_data_r[0]_i_2__0_n_0.  Did not re-place instance g_chan[1].u_canny/u_hyst/win_data_r[0]_i_2__0
INFO: [Physopt 32-663] Processed net g_chan[3].u_canny/u_nms/u_win/g_bank[1].mem_b_reg_256_511_0_0_i_1__9_n_0.  Re-placed instance g_chan[3].u_canny/u_nms/u_win/g_bank[1].mem_b_reg_256_511_0_0_i_1__9
INFO: [Physopt 32-662] Processed net g_chan[3].u_canny/u_nms/u_win/sof_seen_reg_1.  Did not re-place instance g_chan[3].u_canny/u_nms/u_win/g_bank[1].mem_b_reg_0_255_0_0_i_2__9
INFO: [Physopt 32-663] Processed net g_chan[3].u_canny/u_nms/u_win/x[7].  Re-placed instance g_chan[3].u_canny/u_nms/u_win/x_reg[7]
INFO: [Physopt 32-663] Processed net g_chan[3].u_canny/u_nms/u_win/x[9]_i_3__17_n_0.  Re-placed instance g_chan[3].u_canny/u_nms/u_win/x[9]_i_3__17
INFO: [Physopt 32-662] Processed net g_chan[3].u_canny/u_nms/u_win/x[9]_i_5__17_n_0.  Did not re-place instance g_chan[3].u_canny/u_nms/u_win/x[9]_i_5__17
INFO: [Physopt 32-663] Processed net g_chan[2].u_canny/u_scharr/u_win/g_bank[1].mem_b_reg_256_511_0_0_i_1__5_n_0.  Re-placed instance g_chan[2].u_canny/u_scharr/u_win/g_bank[1].mem_b_reg_256_511_0_0_i_1__5
INFO: [Physopt 32-662] Processed net g_chan[2].u_canny/u_scharr/u_win/x[9].  Did not re-place instance g_chan[2].u_canny/u_scharr/u_win/x_reg[9]
INFO: [Physopt 32-662] Processed net g_chan[2].u_canny/u_scharr/u_win/r_reg[8]_0.  Did not re-place instance g_chan[2].u_canny/u_scharr/u_win/x[9]_i_5__10
INFO: [Physopt 32-663] Processed net g_chan[2].u_canny/u_scharr/u_win/x[9]_i_3__10_n_0.  Re-placed instance g_chan[2].u_canny/u_scharr/u_win/x[9]_i_3__10
INFO: [Physopt 32-662] Processed net g_chan[2].u_canny/u_scharr/u_win/p_0_in5_out.  Did not re-place instance g_chan[2].u_canny/u_scharr/u_win/g_bank[1].mem_b_reg_0_255_0_0_i_2__5
INFO: [Physopt 32-662] Processed net g_chan[0].u_canny/u_hyst/rd_word_q_reg[1].  Did not re-place instance g_chan[0].u_canny/u_hyst/win_data_r[1]_i_1
INFO: [Physopt 32-663] Processed net g_chan[0].u_canny/u_hyst/win_data_r[1]_i_2_n_0.  Re-placed instance g_chan[0].u_canny/u_hyst/win_data_r[1]_i_2
INFO: [Physopt 32-662] Processed net g_chan[0].u_canny/u_hyst/win_data_r[1].  Did not re-place instance g_chan[0].u_canny/u_hyst/win_data_r_reg[1]
INFO: [Physopt 32-663] Processed net g_chan[0].u_canny/u_med/u_win/m_valid_reg_0.  Re-placed instance g_chan[0].u_canny/u_med/u_win/__5/g_bank[0].mem_b_reg_0_255_0_0__0_i_1
INFO: [Physopt 32-663] Processed net g_chan[0].u_canny/u_med/u_win/r[7].  Re-placed instance g_chan[0].u_canny/u_med/u_win/r_reg[7]
INFO: [Physopt 32-662] Processed net g_chan[0].u_canny/u_med/u_win/sof_seen_reg_0.  Did not re-place instance g_chan[0].u_canny/u_med/u_win/src_live_reg[2][11]_i_2
INFO: [Physopt 32-663] Processed net g_chan[0].u_canny/u_med/u_win/r[8]_i_2__1_n_0.  Re-placed instance g_chan[0].u_canny/u_med/u_win/r[8]_i_2__1
INFO: [Physopt 32-662] Processed net g_chan[0].u_canny/u_med/u_win/x[9]_i_5__1_n_0.  Did not re-place instance g_chan[0].u_canny/u_med/u_win/x[9]_i_5__1
INFO: [Physopt 32-663] Processed net g_chan[3].u_canny/u_med/u_win/x_reg[8]_1.  Re-placed instance g_chan[3].u_canny/u_med/u_win/__5/g_bank[0].mem_b_reg_256_511_0_0__0_i_1__2
INFO: [Physopt 32-662] Processed net g_chan[3].u_canny/u_med/u_win/sof_seen_reg_0.  Did not re-place instance g_chan[3].u_canny/u_med/u_win/src_live_reg[2][11]_i_2__2
INFO: [Physopt 32-662] Processed net g_chan[3].u_canny/u_med/u_win/r[6].  Did not re-place instance g_chan[3].u_canny/u_med/u_win/r_reg[6]
INFO: [Physopt 32-663] Processed net g_chan[3].u_canny/u_med/u_win/r[8]_i_2__16_n_0.  Re-placed instance g_chan[3].u_canny/u_med/u_win/r[8]_i_2__16
INFO: [Physopt 32-662] Processed net g_chan[3].u_canny/u_med/u_win/x[9]_i_5__16_n_0.  Did not re-place instance g_chan[3].u_canny/u_med/u_win/x[9]_i_5__16
INFO: [Physopt 32-663] Processed net g_chan[1].u_canny/u_hyst/u_win/r[6].  Re-placed instance g_chan[1].u_canny/u_hyst/u_win/r_reg[6]
INFO: [Physopt 32-663] Processed net g_chan[1].u_canny/u_hyst/u_win/g_bank[1].mem_b_reg_256_511_0_0_i_1__4_n_0.  Re-placed instance g_chan[1].u_canny/u_hyst/u_win/g_bank[1].mem_b_reg_256_511_0_0_i_1__4
INFO: [Physopt 32-662] Processed net g_chan[1].u_canny/u_hyst/u_win/x[9]_i_5__8_n_0.  Did not re-place instance g_chan[1].u_canny/u_hyst/u_win/x[9]_i_5__8
INFO: [Physopt 32-662] Processed net g_chan[1].u_canny/u_hyst/u_win/p_0_in5_out.  Did not re-place instance g_chan[1].u_canny/u_hyst/u_win/g_bank[1].mem_b_reg_0_255_0_0_i_2__4
INFO: [Physopt 32-663] Processed net g_chan[1].u_canny/u_hyst/u_win/x[9]_i_10__0_n_0.  Re-placed instance g_chan[1].u_canny/u_hyst/u_win/x[9]_i_10__0
INFO: [Physopt 32-662] Processed net g_chan[2].u_canny/u_hyst/m_edge_d_i_1__1_n_0.  Did not re-place instance g_chan[2].u_canny/u_hyst/m_edge_d_i_1__1
INFO: [Physopt 32-663] Processed net g_chan[2].u_canny/u_hyst/m_edge_d_i_2__1_n_0.  Re-placed instance g_chan[2].u_canny/u_hyst/m_edge_d_i_2__1
INFO: [Physopt 32-662] Processed net g_chan[2].u_canny/u_hyst/m_edge_d.  Did not re-place instance g_chan[2].u_canny/u_hyst/m_edge_d_reg
INFO: [Physopt 32-662] Processed net g_chan[1].u_canny/u_scharr/u_win/w_pix_reg[2][2]_15[1].  Did not re-place instance g_chan[1].u_canny/u_scharr/u_win/w_pix_reg[2][2][1]
INFO: [Physopt 32-663] Processed net g_chan[1].u_canny/u_scharr/u_win/p_b[7]_i_12__0_n_0.  Re-placed instance g_chan[1].u_canny/u_scharr/u_win/p_b[7]_i_12__0
INFO: [Physopt 32-663] Processed net g_chan[1].u_canny/u_scharr/u_win/p_b[7]_i_5__0_n_0.  Re-placed instance g_chan[1].u_canny/u_scharr/u_win/p_b[7]_i_5__0
INFO: [Physopt 32-662] Processed net g_chan[1].u_canny/u_scharr/u_win/p_ll[3]_i_9__0_n_0.  Did not re-place instance g_chan[1].u_canny/u_scharr/u_win/p_ll[3]_i_9__0
INFO: [Physopt 32-662] Processed net g_chan[1].u_canny/u_scharr/p_b[12].  Did not re-place instance g_chan[1].u_canny/u_scharr/p_b_reg[12]
INFO: [Physopt 32-663] Processed net g_chan[2].u_canny/u_hyst/FSM_onehot_phase_reg_n_0_[2].  Re-placed instance g_chan[2].u_canny/u_hyst/FSM_onehot_phase_reg[2]
INFO: [Physopt 32-663] Processed net g_chan[2].u_canny/u_hyst/strong_mem_reg_0_i_21__1_n_0.  Re-placed instance g_chan[2].u_canny/u_hyst/strong_mem_reg_0_i_21__1
INFO: [Physopt 32-662] Processed net g_chan[2].u_canny/u_hyst/u_win/FSM_onehot_phase_reg[4]_0[0].  Did not re-place instance g_chan[2].u_canny/u_hyst/u_win/strong_mem_reg_2_i_3__1
INFO: [Physopt 32-663] Processed net g_chan[2].u_canny/u_hyst/strong_mem_reg_2_i_1__1_n_0.  Re-placed instance g_chan[2].u_canny/u_hyst/strong_mem_reg_2_i_1__1
INFO: [Physopt 32-662] Processed net g_chan[1].u_canny/u_scharr/p_b[9].  Did not re-place instance g_chan[1].u_canny/u_scharr/p_b_reg[9]
INFO: [Physopt 32-663] Processed net g_chan[1].u_canny/u_med/u_win/x_reg[8]_0.  Re-placed instance g_chan[1].u_canny/u_med/u_win/__4/g_bank[1].mem_b_reg_256_511_0_0__0_i_1__0
INFO: [Physopt 32-662] Processed net g_chan[1].u_canny/u_med/u_win/sof_seen_reg_0.  Did not re-place instance g_chan[1].u_canny/u_med/u_win/src_live_reg[2][11]_i_2__0
INFO: [Physopt 32-662] Processed net g_chan[1].u_canny/u_med/u_win/r[6].  Did not re-place instance g_chan[1].u_canny/u_med/u_win/r_reg[6]
INFO: [Physopt 32-663] Processed net g_chan[1].u_canny/u_med/u_win/r[8]_i_2__6_n_0.  Re-placed instance g_chan[1].u_canny/u_med/u_win/r[8]_i_2__6
INFO: [Physopt 32-662] Processed net g_chan[1].u_canny/u_med/u_win/x[9]_i_5__6_n_0.  Did not re-place instance g_chan[1].u_canny/u_med/u_win/x[9]_i_5__6
INFO: [Physopt 32-662] Processed net g_chan[3].u_canny/u_med/u_win/r[7].  Did not re-place instance g_chan[3].u_canny/u_med/u_win/r_reg[7]
INFO: [Physopt 32-662] Processed net g_chan[1].u_canny/u_hyst/u_win/E[0].  Did not re-place instance g_chan[1].u_canny/u_hyst/u_win/em_addr[18]_i_1__0
INFO: [Physopt 32-663] Processed net g_chan[1].u_canny/u_hyst/rd_run_i_2__0_n_0.  Re-placed instance g_chan[1].u_canny/u_hyst/rd_run_i_2__0
INFO: [Physopt 32-662] Processed net g_chan[1].u_canny/u_hyst/cap_addr_reg_n_0_[8].  Did not re-place instance g_chan[1].u_canny/u_hyst/cap_addr_reg[8]
INFO: [Physopt 32-662] Processed net g_chan[1].u_canny/u_hyst/cap_addr[18]_i_3__0_n_0.  Did not re-place instance g_chan[1].u_canny/u_hyst/cap_addr[18]_i_3__0
INFO: [Physopt 32-663] Processed net g_chan[1].u_canny/u_hyst/cap_addr[18]_i_5__0_n_0.  Re-placed instance g_chan[1].u_canny/u_hyst/cap_addr[18]_i_5__0
INFO: [Physopt 32-662] Processed net g_chan[1].u_canny/u_hyst/em_addr_reg_n_0_[17].  Did not re-place instance g_chan[1].u_canny/u_hyst/em_addr_reg[17]
INFO: [Physopt 32-662] Processed net g_chan[1].u_canny/u_hyst/em_addr_reg_n_0_[18].  Did not re-place instance g_chan[1].u_canny/u_hyst/em_addr_reg[18]
INFO: [Physopt 32-662] Processed net g_chan[2].u_canny/u_hyst/win_data_r[0]_i_2__1_n_0.  Did not re-place instance g_chan[2].u_canny/u_hyst/win_data_r[0]_i_2__1
INFO: [Physopt 32-662] Processed net g_chan[2].u_canny/u_hyst/rd_word_q_reg[0].  Did not re-place instance g_chan[2].u_canny/u_hyst/win_data_r[0]_i_1__1
INFO: [Physopt 32-662] Processed net g_chan[2].u_canny/u_hyst/win_data_r[0].  Did not re-place instance g_chan[2].u_canny/u_hyst/win_data_r_reg[0]
INFO: [Physopt 32-663] Processed net g_chan[3].u_canny/u_scharr/u_win/g_bank[1].mem_b_reg_256_511_0_0_i_1__8_n_0.  Re-placed instance g_chan[3].u_canny/u_scharr/u_win/g_bank[1].mem_b_reg_256_511_0_0_i_1__8
INFO: [Physopt 32-662] Processed net g_chan[3].u_canny/u_scharr/u_win/r_reg[8]_0.  Did not re-place instance g_chan[3].u_canny/u_scharr/u_win/x[9]_i_5__15
INFO: [Physopt 32-663] Processed net g_chan[3].u_canny/u_scharr/u_win/x[9].  Re-placed instance g_chan[3].u_canny/u_scharr/u_win/x_reg[9]
INFO: [Physopt 32-663] Processed net g_chan[3].u_canny/u_scharr/u_win/x[9]_i_3__15_n_0.  Re-placed instance g_chan[3].u_canny/u_scharr/u_win/x[9]_i_3__15
INFO: [Physopt 32-662] Processed net g_chan[3].u_canny/u_scharr/u_win/p_0_in5_out.  Did not re-place instance g_chan[3].u_canny/u_scharr/u_win/g_bank[1].mem_b_reg_0_255_0_0_i_2__8
INFO: [Physopt 32-662] Processed net g_chan[3].u_canny/u_scharr/u_win/w_pix_reg[0][2]_19[0].  Did not re-place instance g_chan[3].u_canny/u_scharr/u_win/w_pix_reg[0][2][0]
INFO: [Physopt 32-662] Processed net g_chan[3].u_canny/u_scharr/u_win/p_t[7]_i_3__2_n_0.  Did not re-place instance g_chan[3].u_canny/u_scharr/u_win/p_t[7]_i_3__2
INFO: [Physopt 32-663] Processed net g_chan[3].u_canny/u_scharr/u_win/p_t[7]_i_11__2_n_0.  Re-placed instance g_chan[3].u_canny/u_scharr/u_win/p_t[7]_i_11__2
INFO: [Physopt 32-662] Processed net g_chan[3].u_canny/u_scharr/u_win/p_t[7]_i_7__2_n_0.  Did not re-place instance g_chan[3].u_canny/u_scharr/u_win/p_t[7]_i_7__2
INFO: [Physopt 32-662] Processed net g_chan[3].u_canny/u_scharr/u_win/p_ul[3]_i_8__2_n_0.  Did not re-place instance g_chan[3].u_canny/u_scharr/u_win/p_ul[3]_i_8__2
INFO: [Physopt 32-662] Processed net g_chan[3].u_canny/u_scharr/p_t[12].  Did not re-place instance g_chan[3].u_canny/u_scharr/p_t_reg[12]
INFO: [Physopt 32-662] Processed net g_chan[3].u_canny/u_scharr/p_t[9].  Did not re-place instance g_chan[3].u_canny/u_scharr/p_t_reg[9]
INFO: [Physopt 32-662] Processed net g_chan[0].u_canny/u_med/u_win/r[6].  Did not re-place instance g_chan[0].u_canny/u_med/u_win/r_reg[6]
INFO: [Physopt 32-662] Processed net g_chan[3].u_canny/u_gauss/u_win/g_bank[3].mem_b_reg_0_255_0_0_i_2__2_n_0.  Did not re-place instance g_chan[3].u_canny/u_gauss/u_win/g_bank[3].mem_b_reg_0_255_0_0_i_2__2
INFO: [Physopt 32-663] Processed net g_chan[3].u_canny/u_gauss/u_win/x_reg[9]_2.  Re-placed instance g_chan[3].u_canny/u_gauss/u_win/__10/g_bank[1].mem_b_reg_256_511_0_0_i_1__2
INFO: [Physopt 32-662] Processed net g_chan[1].u_canny/u_scharr/u_win/w_pix_reg[2][2]_15[0].  Did not re-place instance g_chan[1].u_canny/u_scharr/u_win/w_pix_reg[2][2][0]
INFO: [Physopt 32-662] Processed net g_chan[3].u_canny/u_scharr/u_win/w_pix_reg[0][2]_19[1].  Did not re-place instance g_chan[3].u_canny/u_scharr/u_win/w_pix_reg[0][2][1]
INFO: [Physopt 32-662] Processed net g_chan[3].u_canny/u_gauss/u_win/x[9]_i_5__14_n_0.  Did not re-place instance g_chan[3].u_canny/u_gauss/u_win/x[9]_i_5__14
INFO: [Physopt 32-663] Processed net g_chan[3].u_canny/u_gauss/u_win/x[9].  Re-placed instance g_chan[3].u_canny/u_gauss/u_win/x_reg[9]
INFO: [Physopt 32-662] Processed net g_chan[3].u_canny/u_gauss/u_win/x[9]_i_4__14_n_0.  Did not re-place instance g_chan[3].u_canny/u_gauss/u_win/x[9]_i_4__14
INFO: [Physopt 32-662] Processed net g_chan[1].u_canny/u_scharr/u_win/p_ll[3]_i_7__0_n_0.  Did not re-place instance g_chan[1].u_canny/u_scharr/u_win/p_ll[3]_i_7__0
INFO: [Physopt 32-662] Processed net g_chan[3].u_canny/u_scharr/u_win/p_ul[3]_i_9__2_n_0.  Did not re-place instance g_chan[3].u_canny/u_scharr/u_win/p_ul[3]_i_9__2
INFO: [Physopt 32-663] Processed net g_chan[0].u_canny/u_nms/u_win/g_bank[0].mem_b_reg_0_255_0_0_i_1__0_n_0.  Re-placed instance g_chan[0].u_canny/u_nms/u_win/g_bank[0].mem_b_reg_0_255_0_0_i_1__0
INFO: [Physopt 32-662] Processed net g_chan[0].u_canny/u_nms/u_win/sof_seen_reg_1.  Did not re-place instance g_chan[0].u_canny/u_nms/u_win/g_bank[1].mem_b_reg_0_255_0_0_i_2__0
INFO: [Physopt 32-662] Processed net g_chan[0].u_canny/u_nms/u_win/r[7].  Did not re-place instance g_chan[0].u_canny/u_nms/u_win/r_reg[7]
INFO: [Physopt 32-663] Processed net g_chan[0].u_canny/u_nms/u_win/r[8]_i_2__2_n_0.  Re-placed instance g_chan[0].u_canny/u_nms/u_win/r[8]_i_2__2
INFO: [Physopt 32-662] Processed net g_chan[0].u_canny/u_nms/u_win/x[9]_i_5__2_n_0.  Did not re-place instance g_chan[0].u_canny/u_nms/u_win/x[9]_i_5__2
INFO: [Physopt 32-663] Processed net g_chan[0].u_canny/u_med/u_win/x[9].  Re-placed instance g_chan[0].u_canny/u_med/u_win/x_reg[9]
INFO: [Physopt 32-662] Processed net g_chan[0].u_canny/u_med/u_win/x[9]_i_3__1_n_0.  Did not re-place instance g_chan[0].u_canny/u_med/u_win/x[9]_i_3__1
INFO: [Physopt 32-662] Processed net g_chan[1].u_canny/u_hyst/u_win/r[7].  Did not re-place instance g_chan[1].u_canny/u_hyst/u_win/r_reg[7]
INFO: [Physopt 32-663] Processed net g_chan[3].u_canny/u_gauss/u_win/g_bank[0].mem_b_reg_0_255_0_0_i_2__8_n_0.  Re-placed instance g_chan[3].u_canny/u_gauss/u_win/g_bank[0].mem_b_reg_0_255_0_0_i_2__8
INFO: [Physopt 32-662] Processed net g_chan[3].u_canny/u_gauss/u_win/x_reg[9]_3.  Did not re-place instance g_chan[3].u_canny/u_gauss/u_win/__11/g_bank[0].mem_b_reg_256_511_0_0_i_1__2
INFO: [Physopt 32-662] Processed net g_chan[1].u_canny/u_scharr/p_b[11].  Did not re-place instance g_chan[1].u_canny/u_scharr/p_b_reg[11]
INFO: [Physopt 32-663] Processed net g_chan[0].u_canny/u_hyst/Q[0].  Re-placed instance g_chan[0].u_canny/u_hyst/FSM_onehot_phase_reg[0]
INFO: [Physopt 32-663] Processed net g_chan[0].u_canny/u_hyst/weak_mem_reg_6_i_2_n_0.  Re-placed instance g_chan[0].u_canny/u_hyst/weak_mem_reg_6_i_2
INFO: [Physopt 32-662] Processed net g_chan[0].u_canny/u_dt/p_0_in.  Did not re-place instance g_chan[0].u_canny/u_dt/weak_mem_reg_0_i_20
INFO: [Physopt 32-663] Processed net g_chan[3].u_canny/u_gauss/u_win/x_reg[9]_0.  Re-placed instance g_chan[3].u_canny/u_gauss/u_win/__8/g_bank[3].mem_b_reg_256_511_0_0_i_1__2
INFO: [Physopt 32-663] Processed net g_chan[2].u_canny/u_med/u_win/x_reg[8]_1.  Re-placed instance g_chan[2].u_canny/u_med/u_win/__5/g_bank[0].mem_b_reg_256_511_0_0__0_i_1__1
INFO: [Physopt 32-662] Processed net g_chan[2].u_canny/u_med/u_win/r[6].  Did not re-place instance g_chan[2].u_canny/u_med/u_win/r_reg[6]
INFO: [Physopt 32-662] Processed net g_chan[2].u_canny/u_med/u_win/sof_seen_reg_0.  Did not re-place instance g_chan[2].u_canny/u_med/u_win/src_live_reg[2][11]_i_2__1
INFO: [Physopt 32-663] Processed net g_chan[2].u_canny/u_med/u_win/r[8]_i_2__11_n_0.  Re-placed instance g_chan[2].u_canny/u_med/u_win/r[8]_i_2__11
INFO: [Physopt 32-662] Processed net g_chan[2].u_canny/u_med/u_win/x[9]_i_5__11_n_0.  Did not re-place instance g_chan[2].u_canny/u_med/u_win/x[9]_i_5__11
INFO: [Physopt 32-662] Processed net u_snn/u_enc/j_d_reg[5].  Did not re-place instance u_snn/u_enc/i_raw_bcast[11]_i_7
INFO: [Physopt 32-662] Processed net u_snn/u_enc/FSM_onehot_state_reg[1][6].  Did not re-place instance u_snn/u_enc/acc[6]_i_1
INFO: [Physopt 32-662] Processed net u_snn/u_enc/i_raw_bcast[11]_i_27_n_0.  Did not re-place instance u_snn/u_enc/i_raw_bcast[11]_i_27
INFO: [Physopt 32-662] Processed net u_snn/u_enc/i_raw_bcast[3]_i_4_n_0.  Did not re-place instance u_snn/u_enc/i_raw_bcast[3]_i_4
INFO: [Physopt 32-663] Processed net u_snn/u_enc/s_bus[46].  Re-placed instance u_snn/u_enc/s_bus_reg[46]
INFO: [Physopt 32-662] Processed net u_snn/acc_reg_n_0_[6].  Did not re-place instance u_snn/acc_reg[6]
INFO: [Physopt 32-662] Processed net g_chan[3].u_canny/u_hyst/u_win/strong_mem_reg_0_i_24__2_n_0.  Did not re-place instance g_chan[3].u_canny/u_hyst/u_win/strong_mem_reg_0_i_24__2
INFO: [Physopt 32-662] Processed net g_chan[3].u_canny/u_hyst/u_win/FSM_onehot_phase_reg[4]_1[0].  Did not re-place instance g_chan[3].u_canny/u_hyst/u_win/strong_mem_reg_0_i_20__2
INFO: [Physopt 32-663] Processed net g_chan[3].u_canny/u_hyst/u_win/strong_mem_reg_0_i_25__2_n_0.  Re-placed instance g_chan[3].u_canny/u_hyst/u_win/strong_mem_reg_0_i_25__2
INFO: [Physopt 32-662] Processed net g_chan[3].u_canny/u_hyst/u_win/w_pix_reg[2][2]_127[0].  Did not re-place instance g_chan[3].u_canny/u_hyst/u_win/w_pix_reg[2][2][0]
INFO: [Physopt 32-662] Processed net g_chan[3].u_canny/u_scharr/p_t[11].  Did not re-place instance g_chan[3].u_canny/u_scharr/p_t_reg[11]
INFO: [Physopt 32-662] Processed net g_chan[1].u_canny/u_hyst/u_win/FSM_onehot_phase_reg[4]_1[0].  Did not re-place instance g_chan[1].u_canny/u_hyst/u_win/strong_mem_reg_0_i_20__0
INFO: [Physopt 32-663] Processed net g_chan[1].u_canny/u_hyst/cap_addr_reg_n_0_[18].  Re-placed instance g_chan[1].u_canny/u_hyst/cap_addr_reg[18]
INFO: [Physopt 32-663] Processed net g_chan[1].u_canny/u_hyst/strong_mem_reg_0_i_21__0_n_0.  Re-placed instance g_chan[1].u_canny/u_hyst/strong_mem_reg_0_i_21__0
INFO: [Physopt 32-662] Processed net g_chan[1].u_canny/u_hyst/strong_mem_reg_0_i_1__0_n_0.  Did not re-place instance g_chan[1].u_canny/u_hyst/strong_mem_reg_0_i_1__0
INFO: [Physopt 32-663] Processed net g_chan[2].u_canny/u_hyst/strong_mem_reg_2_i_4__1_n_0.  Re-placed instance g_chan[2].u_canny/u_hyst/strong_mem_reg_2_i_4__1
INFO: [Physopt 32-662] Processed net g_chan[3].u_canny/u_scharr/u_win/w_pix_reg[0][2]_19[3].  Did not re-place instance g_chan[3].u_canny/u_scharr/u_win/w_pix_reg[0][2][3]
INFO: [Physopt 32-662] Processed net g_chan[3].u_canny/u_scharr/u_win/p_ul[3]_i_7__2_n_0.  Did not re-place instance g_chan[3].u_canny/u_scharr/u_win/p_ul[3]_i_7__2
INFO: [Physopt 32-663] Processed net g_chan[2].u_canny/u_nms/u_win/x[9]_i_8__12_n_0.  Re-placed instance g_chan[2].u_canny/u_nms/u_win/x[9]_i_8__12
INFO: [Physopt 32-663] Processed net g_chan[2].u_canny/u_nms/u_win/x[8].  Re-placed instance g_chan[2].u_canny/u_nms/u_win/x_reg[8]
INFO: [Physopt 32-663] Processed net g_chan[2].u_canny/u_nms/u_win/x[9]_i_4__12_n_0.  Re-placed instance g_chan[2].u_canny/u_nms/u_win/x[9]_i_4__12
INFO: [Physopt 32-663] Processed net g_chan[2].u_canny/u_nms/u_win/x[7]_i_1__12_n_0.  Re-placed instance g_chan[2].u_canny/u_nms/u_win/x[7]_i_1__12
INFO: [Physopt 32-663] Processed net g_chan[2].u_canny/u_nms/u_win/x[9]_i_9__10_n_0.  Re-placed instance g_chan[2].u_canny/u_nms/u_win/x[9]_i_9__10
INFO: [Physopt 32-662] Processed net g_chan[2].u_canny/u_nms/u_win/x[7].  Did not re-place instance g_chan[2].u_canny/u_nms/u_win/x_reg[7]
INFO: [Physopt 32-663] Processed net g_chan[3].u_canny/u_med/u_win/m_valid_reg_0.  Re-placed instance g_chan[3].u_canny/u_med/u_win/__5/g_bank[0].mem_b_reg_0_255_0_0__0_i_1__2
INFO: [Physopt 32-662] Processed net g_chan[2].u_canny/u_med/u_win/r[7].  Did not re-place instance g_chan[2].u_canny/u_med/u_win/r_reg[7]
INFO: [Physopt 32-663] Processed net g_chan[1].u_canny/u_hyst/strong_mem_reg_0_i_22__0_n_0.  Re-placed instance g_chan[1].u_canny/u_hyst/strong_mem_reg_0_i_22__0
INFO: [Physopt 32-663] Processed net g_chan[1].u_canny/u_hyst/em_addr_reg_n_0_[16].  Re-placed instance g_chan[1].u_canny/u_hyst/em_addr_reg[16]
INFO: [Physopt 32-663] Processed net g_chan[0].u_canny/u_nms/u_win/g_bank[1].mem_b_reg_256_511_0_0_i_1__0_n_0.  Re-placed instance g_chan[0].u_canny/u_nms/u_win/g_bank[1].mem_b_reg_256_511_0_0_i_1__0
INFO: [Physopt 32-662] Processed net u_snn/u_enc/i_raw_bcast[3]_i_5_n_0.  Did not re-place instance u_snn/u_enc/i_raw_bcast[3]_i_5
INFO: [Physopt 32-663] Processed net g_chan[0].u_canny/u_nms/u_win/x[7].  Re-placed instance g_chan[0].u_canny/u_nms/u_win/x_reg[7]
INFO: [Physopt 32-663] Processed net g_chan[0].u_canny/u_nms/u_win/x[9]_i_3__2_n_0.  Re-placed instance g_chan[0].u_canny/u_nms/u_win/x[9]_i_3__2
INFO: [Physopt 32-663] Processed net g_chan[1].u_canny/u_med/u_win/x_reg[8]_1.  Re-placed instance g_chan[1].u_canny/u_med/u_win/__5/g_bank[0].mem_b_reg_256_511_0_0__0_i_1__0
INFO: [Physopt 32-663] Processed net g_chan[3].u_canny/u_hyst/m_edge_d_i_2__2_n_0.  Re-placed instance g_chan[3].u_canny/u_hyst/m_edge_d_i_2__2
INFO: [Physopt 32-662] Processed net g_chan[2].u_canny/u_gauss/u_win/g_bank[3].mem_b_reg_0_255_0_0_i_2__1_n_0.  Did not re-place instance g_chan[2].u_canny/u_gauss/u_win/g_bank[3].mem_b_reg_0_255_0_0_i_2__1
INFO: [Physopt 32-662] Processed net g_chan[2].u_canny/u_gauss/u_win/x[9].  Did not re-place instance g_chan[2].u_canny/u_gauss/u_win/x_reg[9]
INFO: [Physopt 32-662] Processed net g_chan[2].u_canny/u_gauss/u_win/x[9]_i_5__9_n_0.  Did not re-place instance g_chan[2].u_canny/u_gauss/u_win/x[9]_i_5__9
INFO: [Physopt 32-662] Processed net g_chan[2].u_canny/u_gauss/u_win/r_reg[0]_rep_0.  Did not re-place instance g_chan[2].u_canny/u_gauss/u_win/__10/g_bank[1].mem_b_reg_0_255_0_0_i_1__1
INFO: [Physopt 32-662] Processed net g_chan[2].u_canny/u_gauss/u_win/x[9]_i_4__9_n_0.  Did not re-place instance g_chan[2].u_canny/u_gauss/u_win/x[9]_i_4__9
INFO: [Physopt 32-662] Processed net g_chan[0].u_canny/u_nms/u_win/x[8].  Did not re-place instance g_chan[0].u_canny/u_nms/u_win/x_reg[8]
INFO: [Physopt 32-662] Processed net g_chan[1].u_canny/u_nms/u_win/sof_seen_reg_1.  Did not re-place instance g_chan[1].u_canny/u_nms/u_win/g_bank[1].mem_b_reg_0_255_0_0_i_2__3
INFO: [Physopt 32-662] Processed net g_chan[1].u_canny/u_nms/u_win/r[7].  Did not re-place instance g_chan[1].u_canny/u_nms/u_win/r_reg[7]
INFO: [Physopt 32-663] Processed net g_chan[1].u_canny/u_nms/u_win/g_bank[1].mem_b_reg_256_511_0_0_i_1__3_n_0.  Re-placed instance g_chan[1].u_canny/u_nms/u_win/g_bank[1].mem_b_reg_256_511_0_0_i_1__3
INFO: [Physopt 32-663] Processed net g_chan[1].u_canny/u_nms/u_win/r[8]_i_2__7_n_0.  Re-placed instance g_chan[1].u_canny/u_nms/u_win/r[8]_i_2__7
INFO: [Physopt 32-662] Processed net g_chan[1].u_canny/u_nms/u_win/x[9]_i_5__7_n_0.  Did not re-place instance g_chan[1].u_canny/u_nms/u_win/x[9]_i_5__7
INFO: [Physopt 32-662] Processed net g_chan[3].u_canny/u_dt/p_0_in.  Did not re-place instance g_chan[3].u_canny/u_dt/weak_mem_reg_0_i_20__2
INFO: [Physopt 32-662] Processed net g_chan[3].u_canny/u_dt/dt_v.  Did not re-place instance g_chan[3].u_canny/u_dt/m_valid_reg
INFO: [Physopt 32-663] Processed net g_chan[3].u_canny/u_hyst/weak_mem_reg_6_i_2__2_n_0.  Re-placed instance g_chan[3].u_canny/u_hyst/weak_mem_reg_6_i_2__2
INFO: [Physopt 32-663] Processed net g_chan[0].u_canny/u_nms/u_win/g_bank[1].mem_b_reg_0_255_0_0_i_1__0_n_0.  Re-placed instance g_chan[0].u_canny/u_nms/u_win/g_bank[1].mem_b_reg_0_255_0_0_i_1__0
INFO: [Physopt 32-662] Processed net g_chan[1].u_canny/u_scharr/u_win/w_pix_reg[2][2]_15[3].  Did not re-place instance g_chan[1].u_canny/u_scharr/u_win/w_pix_reg[2][2][3]
INFO: [Physopt 32-662] Processed net g_chan[1].u_canny/u_nms/u_win/r[6].  Did not re-place instance g_chan[1].u_canny/u_nms/u_win/r_reg[6]
INFO: [Physopt 32-663] Processed net g_chan[3].u_canny/u_dt/dt_sof.  Re-placed instance g_chan[3].u_canny/u_dt/m_sof_reg
INFO: [Physopt 32-663] Processed net g_chan[1].u_canny/u_hyst/Q[1].  Re-placed instance g_chan[1].u_canny/u_hyst/FSM_onehot_phase_reg[3]
INFO: [Physopt 32-663] Processed net g_chan[3].u_canny/u_med/u_win/x_reg[8]_0.  Re-placed instance g_chan[3].u_canny/u_med/u_win/__4/g_bank[1].mem_b_reg_256_511_0_0__0_i_1__2
INFO: [Physopt 32-662] Processed net g_chan[1].u_canny/u_scharr/u_win/p_b[7]_i_4__0_n_0.  Did not re-place instance g_chan[1].u_canny/u_scharr/u_win/p_b[7]_i_4__0
INFO: [Physopt 32-662] Processed net g_chan[1].u_canny/u_scharr/u_win/p_b[7]_i_8__0_n_0.  Did not re-place instance g_chan[1].u_canny/u_scharr/u_win/p_b[7]_i_8__0
INFO: [Physopt 32-663] Processed net g_chan[1].u_canny/u_nms/u_win/x[9].  Re-placed instance g_chan[1].u_canny/u_nms/u_win/x_reg[9]
INFO: [Physopt 32-663] Processed net g_chan[1].u_canny/u_nms/u_win/x[9]_i_3__7_n_0.  Re-placed instance g_chan[1].u_canny/u_nms/u_win/x[9]_i_3__7
INFO: [Physopt 32-663] Processed net g_chan[0].u_canny/u_hyst/u_win/strong_mem_reg_0_i_24_n_0.  Re-placed instance g_chan[0].u_canny/u_hyst/u_win/strong_mem_reg_0_i_24
INFO: [Physopt 32-662] Processed net g_chan[0].u_canny/u_hyst/u_win/FSM_onehot_phase_reg[4]_1[0].  Did not re-place instance g_chan[0].u_canny/u_hyst/u_win/strong_mem_reg_0_i_20
INFO: [Physopt 32-662] Processed net g_chan[0].u_canny/u_hyst/u_win/wv.  Did not re-place instance g_chan[0].u_canny/u_hyst/u_win/w_valid_reg
INFO: [Physopt 32-663] Processed net g_chan[0].u_canny/u_hyst/u_win/strong_mem_reg_0_i_26_n_0.  Re-placed instance g_chan[0].u_canny/u_hyst/u_win/strong_mem_reg_0_i_26
INFO: [Physopt 32-663] Processed net g_chan[2].u_canny/u_nms/u_win/x[4]_rep_i_1__6_n_0.  Re-placed instance g_chan[2].u_canny/u_nms/u_win/x[4]_rep_i_1__6
INFO: [Physopt 32-662] Processed net g_chan[2].u_canny/u_nms/u_win/x_reg[4]_rep_n_0.  Did not re-place instance g_chan[2].u_canny/u_nms/u_win/x_reg[4]_rep
INFO: [Physopt 32-663] Processed net g_chan[1].u_canny/u_scharr/u_win/w_pix_reg[0][2]_19[1].  Re-placed instance g_chan[1].u_canny/u_scharr/u_win/w_pix_reg[0][2][1]
INFO: [Physopt 32-662] Processed net g_chan[1].u_canny/u_scharr/u_win/p_t[7]_i_3__0_n_0.  Did not re-place instance g_chan[1].u_canny/u_scharr/u_win/p_t[7]_i_3__0
INFO: [Physopt 32-663] Processed net g_chan[1].u_canny/u_scharr/u_win/p_t[7]_i_11__0_n_0.  Re-placed instance g_chan[1].u_canny/u_scharr/u_win/p_t[7]_i_11__0
INFO: [Physopt 32-662] Processed net g_chan[1].u_canny/u_scharr/u_win/p_t[7]_i_7__0_n_0.  Did not re-place instance g_chan[1].u_canny/u_scharr/u_win/p_t[7]_i_7__0
INFO: [Physopt 32-662] Processed net g_chan[1].u_canny/u_scharr/u_win/p_ul[3]_i_7__0_n_0.  Did not re-place instance g_chan[1].u_canny/u_scharr/u_win/p_ul[3]_i_7__0
INFO: [Physopt 32-662] Processed net g_chan[1].u_canny/u_scharr/p_t[12].  Did not re-place instance g_chan[1].u_canny/u_scharr/p_t_reg[12]
INFO: [Physopt 32-662] Processed net u_snn/u_enc/i_raw_bcast[11]_i_26_n_0.  Did not re-place instance u_snn/u_enc/i_raw_bcast[11]_i_26
INFO: [Physopt 32-663] Processed net u_snn/u_enc/s_bus[43].  Re-placed instance u_snn/u_enc/s_bus_reg[43]
INFO: [Physopt 32-663] Processed net g_chan[1].u_canny/u_mag/ax_r[11].  Re-placed instance g_chan[1].u_canny/u_mag/ax_r_reg[11]
INFO: [Physopt 32-663] Processed net g_chan[1].u_canny/u_mag/ax_r[9].  Re-placed instance g_chan[1].u_canny/u_mag/ax_r_reg[9]
INFO: [Physopt 32-662] Processed net g_chan[2].u_canny/u_nms/u_win/sof_seen_reg_1.  Did not re-place instance g_chan[2].u_canny/u_nms/u_win/g_bank[1].mem_b_reg_0_255_0_0_i_2__6
INFO: [Physopt 32-663] Processed net g_chan[2].u_canny/u_nms/u_win/g_bank[1].mem_b_reg_0_255_0_0_i_1__6_n_0.  Re-placed instance g_chan[2].u_canny/u_nms/u_win/g_bank[1].mem_b_reg_0_255_0_0_i_1__6
INFO: [Physopt 32-663] Processed net g_chan[2].u_canny/u_nms/u_win/x[9]_i_3__12_n_0.  Re-placed instance g_chan[2].u_canny/u_nms/u_win/x[9]_i_3__12
INFO: [Physopt 32-662] Processed net g_chan[2].u_canny/u_nms/u_win/x[9]_i_5__12_n_0.  Did not re-place instance g_chan[2].u_canny/u_nms/u_win/x[9]_i_5__12
INFO: [Physopt 32-663] Processed net g_chan[2].u_canny/u_gauss/u_win/r_reg[0]_rep_1.  Re-placed instance g_chan[2].u_canny/u_gauss/u_win/__11/g_bank[0].mem_b_reg_0_255_0_0_i_1__1
INFO: [Physopt 32-663] Processed net g_chan[2].u_canny/u_gauss/u_win/g_bank[0].mem_b_reg_0_255_0_0_i_2__5_n_0.  Re-placed instance g_chan[2].u_canny/u_gauss/u_win/g_bank[0].mem_b_reg_0_255_0_0_i_2__5
INFO: [Physopt 32-662] Processed net g_chan[1].u_canny/u_scharr/p_t[9].  Did not re-place instance g_chan[1].u_canny/u_scharr/p_t_reg[9]
INFO: [Physopt 32-663] Processed net u_fb/fb_waddr_r[1].  Re-placed instance u_fb/mem0_reg_0_i_17
INFO: [Physopt 32-663] Processed net g_chan[3].u_canny/u_nms/u_win/g_bank[0].mem_b_reg_0_255_0_0_i_1__9_n_0.  Re-placed instance g_chan[3].u_canny/u_nms/u_win/g_bank[0].mem_b_reg_0_255_0_0_i_1__9
INFO: [Physopt 32-662] Processed net g_chan[2].u_canny/u_gauss/u_win/r[9].  Did not re-place instance g_chan[2].u_canny/u_gauss/u_win/r_reg[9]
INFO: [Physopt 32-662] Processed net g_chan[1].u_canny/u_hyst/cap_addr_reg_n_0_[9].  Did not re-place instance g_chan[1].u_canny/u_hyst/cap_addr_reg[9]
INFO: [Physopt 32-663] Processed net g_chan[1].u_canny/u_hyst/cap_addr[18]_i_6__0_n_0.  Re-placed instance g_chan[1].u_canny/u_hyst/cap_addr[18]_i_6__0
INFO: [Physopt 32-663] Processed net g_chan[0].u_canny/u_scharr/u_win/g_bank[1].mem_b_reg_0_255_0_0_i_1_n_0.  Re-placed instance g_chan[0].u_canny/u_scharr/u_win/g_bank[1].mem_b_reg_0_255_0_0_i_1
INFO: [Physopt 32-662] Processed net g_chan[0].u_canny/u_scharr/u_win/x[9].  Did not re-place instance g_chan[0].u_canny/u_scharr/u_win/x_reg[9]
INFO: [Physopt 32-662] Processed net g_chan[0].u_canny/u_scharr/u_win/r_reg[8]_0.  Did not re-place instance g_chan[0].u_canny/u_scharr/u_win/x[9]_i_5__0
INFO: [Physopt 32-663] Processed net g_chan[0].u_canny/u_scharr/u_win/x[9]_i_3__0_n_0.  Re-placed instance g_chan[0].u_canny/u_scharr/u_win/x[9]_i_3__0
INFO: [Physopt 32-662] Processed net g_chan[0].u_canny/u_scharr/u_win/p_0_in5_out.  Did not re-place instance g_chan[0].u_canny/u_scharr/u_win/g_bank[1].mem_b_reg_0_255_0_0_i_2
INFO: [Physopt 32-663] Processed net g_chan[3].u_canny/u_hyst/weak_mem_reg_8_i_2__2_n_0.  Re-placed instance g_chan[3].u_canny/u_hyst/weak_mem_reg_8_i_2__2
INFO: [Physopt 32-663] Processed net g_chan[0].u_canny/u_gauss/u_win/x_reg[9]_0.  Re-placed instance g_chan[0].u_canny/u_gauss/u_win/__8/g_bank[3].mem_b_reg_256_511_0_0_i_1
INFO: [Physopt 32-662] Processed net g_chan[0].u_canny/u_gauss/u_win/g_bank[3].mem_b_reg_0_255_0_0_i_2_n_0.  Did not re-place instance g_chan[0].u_canny/u_gauss/u_win/g_bank[3].mem_b_reg_0_255_0_0_i_2
INFO: [Physopt 32-662] Processed net g_chan[0].u_canny/u_gauss/u_win/x[8].  Did not re-place instance g_chan[0].u_canny/u_gauss/u_win/x_reg[8]
INFO: [Physopt 32-662] Processed net g_chan[0].u_canny/u_gauss/u_win/x[9]_i_6_n_0.  Did not re-place instance g_chan[0].u_canny/u_gauss/u_win/x[9]_i_6
INFO: [Physopt 32-662] Processed net g_chan[0].u_canny/u_gauss/u_win/x[9]_i_5_n_0.  Did not re-place instance g_chan[0].u_canny/u_gauss/u_win/x[9]_i_5
INFO: [Physopt 32-663] Processed net g_chan[1].u_canny/u_mag/ax_r[8].  Re-placed instance g_chan[1].u_canny/u_mag/ax_r_reg[8]
INFO: [Physopt 32-662] Processed net g_chan[1].u_canny/u_scharr/p_b[10].  Did not re-place instance g_chan[1].u_canny/u_scharr/p_b_reg[10]
INFO: [Physopt 32-663] Processed net g_chan[1].u_canny/u_med/u_win/m_valid_reg.  Re-placed instance g_chan[1].u_canny/u_med/u_win/__4/g_bank[1].mem_b_reg_0_255_0_0__0_i_1__0
INFO: [Physopt 32-663] Processed net g_chan[3].u_canny/u_hyst/Q[0].  Re-placed instance g_chan[3].u_canny/u_hyst/FSM_onehot_phase_reg[0]
INFO: [Physopt 32-662] Processed net u_snn/u_enc/FSM_onehot_state_reg[1][12].  Did not re-place instance u_snn/u_enc/acc[12]_i_1
INFO: [Physopt 32-663] Processed net u_snn/u_enc/i_raw_bcast[7]_i_4_n_0.  Re-placed instance u_snn/u_enc/i_raw_bcast[7]_i_4
INFO: [Physopt 32-662] Processed net u_snn/acc_reg_n_0_[12].  Did not re-place instance u_snn/acc_reg[12]
INFO: [Physopt 32-663] Processed net g_chan[3].u_canny/u_med/u_win/m_valid_reg.  Re-placed instance g_chan[3].u_canny/u_med/u_win/__4/g_bank[1].mem_b_reg_0_255_0_0__0_i_1__2
INFO: [Physopt 32-663] Processed net g_chan[2].u_canny/u_nms/u_win/x[5]_rep_i_1__6_n_0.  Re-placed instance g_chan[2].u_canny/u_nms/u_win/x[5]_rep_i_1__6
INFO: [Physopt 32-662] Processed net g_chan[2].u_canny/u_nms/u_win/x_reg[5]_rep_n_0.  Did not re-place instance g_chan[2].u_canny/u_nms/u_win/x_reg[5]_rep
INFO: [Physopt 32-663] Processed net g_chan[0].u_canny/u_hyst/win_data_r[0]_i_2_n_0.  Re-placed instance g_chan[0].u_canny/u_hyst/win_data_r[0]_i_2
INFO: [Physopt 32-662] Processed net g_chan[0].u_canny/u_hyst/m_edge_d_i_1_n_0.  Did not re-place instance g_chan[0].u_canny/u_hyst/m_edge_d_i_1
INFO: [Physopt 32-662] Processed net g_chan[0].u_canny/u_hyst/m_edge_d.  Did not re-place instance g_chan[0].u_canny/u_hyst/m_edge_d_reg
INFO: [Physopt 32-662] Processed net g_chan[1].u_canny/u_scharr/p_t[11].  Did not re-place instance g_chan[1].u_canny/u_scharr/p_t_reg[11]
INFO: [Physopt 32-662] Processed net g_chan[3].u_canny/u_scharr/p_t[10].  Did not re-place instance g_chan[3].u_canny/u_scharr/p_t_reg[10]
INFO: [Physopt 32-663] Processed net g_chan[0].u_canny/u_hyst/Q[1].  Re-placed instance g_chan[0].u_canny/u_hyst/FSM_onehot_phase_reg[3]
INFO: [Physopt 32-663] Processed net g_chan[0].u_canny/u_hyst/strong_mem_reg_0_i_21_n_0.  Re-placed instance g_chan[0].u_canny/u_hyst/strong_mem_reg_0_i_21
INFO: [Physopt 32-662] Processed net g_chan[0].u_canny/u_hyst/strong_mem_reg_0_i_1_n_0.  Did not re-place instance g_chan[0].u_canny/u_hyst/strong_mem_reg_0_i_1
INFO: [Physopt 32-663] Processed net u_fb/fb_waddr_r[6].  Re-placed instance u_fb/mem0_reg_0_i_12
INFO: [Common 17-14] Message 'Physopt 32-663' appears 100 times and further instances of the messages will be disabled. Use the Tcl command set_msg_config to change the current settings.
INFO: [Physopt 32-662] Processed net g_chan[3].u_canny/u_scharr/u_win/w_pix_reg[2][2]_15[0].  Did not re-place instance g_chan[3].u_canny/u_scharr/u_win/w_pix_reg[2][2][0]
INFO: [Physopt 32-662] Processed net g_chan[3].u_canny/u_scharr/p_b[12].  Did not re-place instance g_chan[3].u_canny/u_scharr/p_b_reg[12]
INFO: [Physopt 32-662] Processed net g_chan[1].u_canny/u_scharr/p_b[8].  Did not re-place instance g_chan[1].u_canny/u_scharr/p_b_reg[8]
INFO: [Physopt 32-662] Processed net u_snn/u_enc/i_raw_bcast[7]_i_5_n_0.  Did not re-place instance u_snn/u_enc/i_raw_bcast[7]_i_5
INFO: [Physopt 32-661] Optimized 100 nets.  Re-placed 100 instances.
INFO: [Physopt 32-775] End 1 Pass. Optimized 100 nets or cells. Created 0 new cell, deleted 0 existing cell and moved 100 existing cells
INFO: [Physopt 32-619] Estimated Timing Summary | WNS=-0.121 | TNS=-0.121 |
Netlist sorting complete. Time (s): cpu = 00:00:00 ; elapsed = 00:00:00.013 . Memory (MB): peak = 2677.777 ; gain = 0.000
Phase 29 Single Cell Placement Optimization | Checksum: 18fdb3c93

Time (s): cpu = 00:00:26 ; elapsed = 00:00:17 . Memory (MB): peak = 2677.777 ; gain = 0.000

Phase 30 Multi Cell Placement Optimization
INFO: [Physopt 32-660] Identified 41 candidate nets for placement-based optimization.
INFO: [Physopt 32-662] Processed net g_chan[3].u_canny/u_hyst/rd_word_q_reg[1].  Did not re-place instance g_chan[3].u_canny/u_hyst/win_data_r[1]_i_1__2/O
INFO: [Physopt 32-662] Processed net g_chan[3].u_canny/u_hyst/win_data_r[1]_i_2__2_n_0.  Did not re-place instance g_chan[3].u_canny/u_hyst/win_data_r[1]_i_2__2/O
INFO: [Physopt 32-661] Optimized 0 net.  Re-placed 0 instance.
INFO: [Physopt 32-775] End 1 Pass. Optimized 0 net or cell. Created 0 new cell, deleted 0 existing cell and moved 0 existing cell
Netlist sorting complete. Time (s): cpu = 00:00:00 ; elapsed = 00:00:00.014 . Memory (MB): peak = 2677.777 ; gain = 0.000
Phase 30 Multi Cell Placement Optimization | Checksum: 20b8d2549

Time (s): cpu = 00:00:26 ; elapsed = 00:00:17 . Memory (MB): peak = 2677.777 ; gain = 0.000

Phase 31 SLR Crossing Optimization
Phase 31 SLR Crossing Optimization | Checksum: 20b8d2549

Time (s): cpu = 00:00:26 ; elapsed = 00:00:17 . Memory (MB): peak = 2677.777 ; gain = 0.000

Phase 32 Critical Path Optimization
INFO: [Physopt 32-619] Estimated Timing Summary | WNS=-0.121 | TNS=-0.121 |
INFO: [Physopt 32-702] Processed net g_chan[3].u_canny/u_hyst/win_data_r[1]. Optimizations did not improve timing on the net.
INFO: [Physopt 32-702] Processed net clk_proc. Optimizations did not improve timing on the net.
INFO: [Physopt 32-710] Processed net g_chan[3].u_canny/u_hyst/rd_word_q_reg[1]. Critical path length was reduced through logic transformation on cell g_chan[3].u_canny/u_hyst/win_data_r[1]_i_1__2_comp.
INFO: [Physopt 32-735] Processed net g_chan[3].u_canny/u_hyst/win_data_r[1]_i_2__2_n_0. Optimization improves timing on the net.
INFO: [Physopt 32-619] Estimated Timing Summary | WNS=0.000 | TNS=0.000 |
INFO: [Physopt 32-619] Estimated Timing Summary | WNS=0.000 | TNS=0.000 |
Netlist sorting complete. Time (s): cpu = 00:00:00 ; elapsed = 00:00:00.017 . Memory (MB): peak = 2677.777 ; gain = 0.000
Phase 32 Critical Path Optimization | Checksum: 20b8d2549

Time (s): cpu = 00:00:27 ; elapsed = 00:00:18 . Memory (MB): peak = 2677.777 ; gain = 0.000

Phase 33 Critical Path Optimization
INFO: [Physopt 32-619] Estimated Timing Summary | WNS=0.000 | TNS=0.000 |
INFO: [Physopt 32-619] Estimated Timing Summary | WNS=0.000 | TNS=0.000 |
Netlist sorting complete. Time (s): cpu = 00:00:00 ; elapsed = 00:00:00.015 . Memory (MB): peak = 2677.777 ; gain = 0.000
Phase 33 Critical Path Optimization | Checksum: 20b8d2549

Time (s): cpu = 00:00:27 ; elapsed = 00:00:18 . Memory (MB): peak = 2677.777 ; gain = 0.000

Phase 34 BRAM Enable Optimization
Phase 34 BRAM Enable Optimization | Checksum: 20b8d2549

Time (s): cpu = 00:00:27 ; elapsed = 00:00:18 . Memory (MB): peak = 2677.777 ; gain = 0.000
INFO: [Physopt 32-960] Skip hold-fix as initial WHS does not violate hold threshold 250 ps
Netlist sorting complete. Time (s): cpu = 00:00:00 ; elapsed = 00:00:00.014 . Memory (MB): peak = 2677.777 ; gain = 0.000
INFO: [Physopt 32-603] Post Physical Optimization Timing Summary | WNS=0.000 | TNS=0.000 |

Summary of Physical Synthesis Optimizations
============================================


----------------------------------------------------------------------------------------------------------------------------------------------------------------------
|  Optimization            |  WNS Gain (ns)  |  TNS Gain (ns)  |  Added Cells  |  Removed Cells  |  Optimized Cells/Nets  |  Dont Touch  |  Iterations  |  Elapsed   |
----------------------------------------------------------------------------------------------------------------------------------------------------------------------
|  Fanout                  |          0.000  |          0.000  |            0  |              0  |                     0  |           0  |           3  |  00:00:00  |
|  Single Cell Placement   |          0.000  |          0.000  |            0  |              0  |                   105  |           0  |           4  |  00:00:09  |
|  Multi Cell Placement    |          0.000  |          0.000  |            0  |              0  |                     0  |           0  |           4  |  00:00:01  |
|  Rewire                  |          0.000  |          0.000  |            0  |              0  |                     0  |           0  |           3  |  00:00:00  |
|  Critical Cell           |          0.000  |          0.000  |            0  |              0  |                     0  |           0  |           3  |  00:00:00  |
|  SLR Crossing            |          0.000  |          0.000  |            0  |              0  |                     0  |           0  |           3  |  00:00:00  |
|  DSP Register            |          0.000  |          0.000  |            0  |              0  |                     0  |           0  |           2  |  00:00:00  |
|  BRAM Register           |          0.000  |          0.000  |            0  |              0  |                     0  |           0  |           2  |  00:00:00  |
|  URAM Register           |          0.000  |          0.000  |            0  |              0  |                     0  |           0  |           2  |  00:00:00  |
|  Shift Register          |          0.000  |          0.000  |            0  |              0  |                     0  |           0  |           2  |  00:00:00  |
|  Critical Pin            |          0.215  |          0.215  |            0  |              0  |                     1  |           0  |           1  |  00:00:00  |
|  Very High Fanout        |          0.000  |          0.000  |            5  |              0  |                     1  |           0  |           1  |  00:00:02  |
|  BRAM Enable             |          0.000  |          0.000  |            0  |              0  |                     0  |           0  |           1  |  00:00:00  |
|  Critical Path           |          0.121  |          0.121  |            0  |              0  |                     1  |           0  |           2  |  00:00:00  |
|  Total                   |          0.336  |          0.336  |            5  |              0  |                   108  |           0  |          33  |  00:00:13  |
----------------------------------------------------------------------------------------------------------------------------------------------------------------------


Netlist sorting complete. Time (s): cpu = 00:00:00 ; elapsed = 00:00:00.014 . Memory (MB): peak = 2677.777 ; gain = 0.000
Ending Physical Synthesis Task | Checksum: 19a350345

Time (s): cpu = 00:00:27 ; elapsed = 00:00:18 . Memory (MB): peak = 2677.777 ; gain = 0.000
INFO: [Common 17-83] Releasing license: Implementation
466 Infos, 0 Warnings, 0 Critical Warnings and 0 Errors encountered.
phys_opt_design completed successfully
phys_opt_design: Time (s): cpu = 00:00:36 ; elapsed = 00:00:23 . Memory (MB): peak = 2677.777 ; gain = 0.000
# route_design
Command: route_design
Attempting to get a license for feature 'Implementation' and/or device 'xc7z020'
INFO: [Common 17-349] Got license for feature 'Implementation' and/or device 'xc7z020'
INFO: [DRC 23-27] Running DRC with 2 threads
INFO: [Vivado_Tcl 4-198] DRC finished with 0 Errors
INFO: [Vivado_Tcl 4-199] Please refer to the DRC report (report_drc) for more information.


Starting Routing Task
INFO: [Route 35-254] Multithreading enabled for route_design using a maximum of 2 CPUs

Phase 1 Build RT Design
Checksum: PlaceDB: 672e120a ConstDB: 0 ShapeSum: d28f19bf RouteDB: 15f972f0
Post Restoration Checksum: NetGraph: dd0f81b3 | NumContArr: 38979515 | Constraints: c2a8fa9d | Timing: c2a8fa9d
Phase 1 Build RT Design | Checksum: 29af90c02

Time (s): cpu = 00:00:29 ; elapsed = 00:00:21 . Memory (MB): peak = 2677.777 ; gain = 0.000

Phase 2 Router Initialization

Phase 2.1 Fix Topology Constraints
Phase 2.1 Fix Topology Constraints | Checksum: 29af90c02

Time (s): cpu = 00:00:29 ; elapsed = 00:00:21 . Memory (MB): peak = 2677.777 ; gain = 0.000

Phase 2.2 Pre Route Cleanup
Phase 2.2 Pre Route Cleanup | Checksum: 29af90c02

Time (s): cpu = 00:00:30 ; elapsed = 00:00:21 . Memory (MB): peak = 2677.777 ; gain = 0.000
 Number of Nodes with overlaps = 0

Phase 2.3 Update Timing
Phase 2.3 Update Timing | Checksum: 2190b963c

Time (s): cpu = 00:00:44 ; elapsed = 00:00:30 . Memory (MB): peak = 2677.777 ; gain = 0.000
INFO: [Route 35-416] Intermediate Timing Summary | WNS=-0.114 | TNS=-0.114 | WHS=-0.237 | THS=-1092.936|


Phase 2.4 Soft Constraint Pins - Fast Budgeting
Phase 2.4 Soft Constraint Pins - Fast Budgeting | Checksum: 21fbd1443

Time (s): cpu = 00:00:48 ; elapsed = 00:00:32 . Memory (MB): peak = 2677.777 ; gain = 0.000

Router Utilization Summary
  Global Vertical Routing Utilization    = 0 %
  Global Horizontal Routing Utilization  = 0 %
  Routable Net Status*
  *Does not include unroutable nets such as driverless and loadless.
  Run report_route_status for detailed report.
  Number of Failed Nets               = 24151
    (Failed Nets is the sum of unrouted and partially routed nets)
  Number of Unrouted Nets             = 24151
  Number of Partially Routed Nets     = 0
  Number of Node Overlaps             = 0

Phase 2 Router Initialization | Checksum: 15508743b

Time (s): cpu = 00:00:49 ; elapsed = 00:00:33 . Memory (MB): peak = 2677.777 ; gain = 0.000

Phase 3 Global Routing
Phase 3 Global Routing | Checksum: 15508743b

Time (s): cpu = 00:00:49 ; elapsed = 00:00:33 . Memory (MB): peak = 2677.777 ; gain = 0.000

Phase 4 Initial Routing

Phase 4.1 Initial Net Routing Pass
Phase 4.1 Initial Net Routing Pass | Checksum: 1dcc00ffa

Time (s): cpu = 00:01:22 ; elapsed = 00:00:51 . Memory (MB): peak = 2677.777 ; gain = 0.000
Phase 4 Initial Routing | Checksum: 1dcc00ffa

Time (s): cpu = 00:01:22 ; elapsed = 00:00:51 . Memory (MB): peak = 2677.777 ; gain = 0.000
INFO: [Route 35-580] Design has 3 pins with tight setup and hold constraints.

The top 5 pins with tight setup and hold constraints:

+====================+===================+=========================================+
| Launch Setup Clock | Launch Hold Clock | Pin                                     |
+====================+===================+=========================================+
| clk_proc           | clk_proc          | g_chan[1].u_canny/u_hyst/m_edge_d_reg/D |
| clk_proc           | clk_proc          | g_chan[3].u_canny/u_hyst/m_edge_d_reg/D |
| clk_proc           | clk_proc          | g_chan[2].u_canny/u_hyst/m_edge_d_reg/D |
+--------------------+-------------------+-----------------------------------------+

File with complete list of pins: tight_setup_hold_pins.txt


Phase 5 Rip-up And Reroute

Phase 5.1 Global Iteration 0
 Number of Nodes with overlaps = 3101
 Number of Nodes with overlaps = 648
 Number of Nodes with overlaps = 243
 Number of Nodes with overlaps = 93
 Number of Nodes with overlaps = 47
 Number of Nodes with overlaps = 25
 Number of Nodes with overlaps = 4
 Number of Nodes with overlaps = 3
 Number of Nodes with overlaps = 2
 Number of Nodes with overlaps = 0
INFO: [Route 35-416] Intermediate Timing Summary | WNS=-0.030 | TNS=-0.030 | WHS=N/A    | THS=N/A    |

Phase 5.1 Global Iteration 0 | Checksum: 2128b1a8f

Time (s): cpu = 00:02:03 ; elapsed = 00:01:24 . Memory (MB): peak = 2677.777 ; gain = 0.000

Phase 5.2 Global Iteration 1
 Number of Nodes with overlaps = 148
 Number of Nodes with overlaps = 56
 Number of Nodes with overlaps = 24
 Number of Nodes with overlaps = 12
 Number of Nodes with overlaps = 8
 Number of Nodes with overlaps = 1
 Number of Nodes with overlaps = 0
INFO: [Route 35-416] Intermediate Timing Summary | WNS=0.047  | TNS=0.000  | WHS=N/A    | THS=N/A    |

Phase 5.2 Global Iteration 1 | Checksum: 26eb56112

Time (s): cpu = 00:02:09 ; elapsed = 00:01:28 . Memory (MB): peak = 2677.777 ; gain = 0.000
Phase 5 Rip-up And Reroute | Checksum: 26eb56112

Time (s): cpu = 00:02:09 ; elapsed = 00:01:28 . Memory (MB): peak = 2677.777 ; gain = 0.000

Phase 6 Delay and Skew Optimization

Phase 6.1 Delay CleanUp
Phase 6.1 Delay CleanUp | Checksum: 26eb56112

Time (s): cpu = 00:02:09 ; elapsed = 00:01:28 . Memory (MB): peak = 2677.777 ; gain = 0.000

Phase 6.2 Clock Skew Optimization
Phase 6.2 Clock Skew Optimization | Checksum: 26eb56112

Time (s): cpu = 00:02:09 ; elapsed = 00:01:28 . Memory (MB): peak = 2677.777 ; gain = 0.000
Phase 6 Delay and Skew Optimization | Checksum: 26eb56112

Time (s): cpu = 00:02:09 ; elapsed = 00:01:28 . Memory (MB): peak = 2677.777 ; gain = 0.000

Phase 7 Post Hold Fix

Phase 7.1 Hold Fix Iter
INFO: [Route 35-416] Intermediate Timing Summary | WNS=0.091  | TNS=0.000  | WHS=0.024  | THS=0.000  |

Phase 7.1 Hold Fix Iter | Checksum: 28c30fea1

Time (s): cpu = 00:02:11 ; elapsed = 00:01:29 . Memory (MB): peak = 2677.777 ; gain = 0.000
Phase 7 Post Hold Fix | Checksum: 28c30fea1

Time (s): cpu = 00:02:11 ; elapsed = 00:01:29 . Memory (MB): peak = 2677.777 ; gain = 0.000

Phase 8 Route finalize

Router Utilization Summary
  Global Vertical Routing Utilization    = 7.76302 %
  Global Horizontal Routing Utilization  = 10.5735 %
  Routable Net Status*
  *Does not include unroutable nets such as driverless and loadless.
  Run report_route_status for detailed report.
  Number of Failed Nets               = 0
    (Failed Nets is the sum of unrouted and partially routed nets)
  Number of Unrouted Nets             = 0
  Number of Partially Routed Nets     = 0
  Number of Node Overlaps             = 0

Phase 8 Route finalize | Checksum: 28c30fea1

Time (s): cpu = 00:02:11 ; elapsed = 00:01:29 . Memory (MB): peak = 2677.777 ; gain = 0.000

Phase 9 Verifying routed nets

 Verification completed successfully
Phase 9 Verifying routed nets | Checksum: 28c30fea1

Time (s): cpu = 00:02:11 ; elapsed = 00:01:30 . Memory (MB): peak = 2677.777 ; gain = 0.000

Phase 10 Depositing Routes
Phase 10 Depositing Routes | Checksum: 278236dc6

Time (s): cpu = 00:02:15 ; elapsed = 00:01:32 . Memory (MB): peak = 2677.777 ; gain = 0.000

Phase 11 Post Process Routing
Phase 11 Post Process Routing | Checksum: 278236dc6

Time (s): cpu = 00:02:15 ; elapsed = 00:01:33 . Memory (MB): peak = 2677.777 ; gain = 0.000

Phase 12 Post Router Timing
INFO: [Route 35-57] Estimated Timing Summary | WNS=0.091  | TNS=0.000  | WHS=0.024  | THS=0.000  |

INFO: [Route 35-327] The final timing numbers are based on the router estimated timing analysis. For a complete and accurate timing signoff, please run report_timing_summary.
Phase 12 Post Router Timing | Checksum: 278236dc6

Time (s): cpu = 00:02:15 ; elapsed = 00:01:33 . Memory (MB): peak = 2677.777 ; gain = 0.000
Total Elapsed time in route_design: 92.596 secs

Phase 13 Post-Route Event Processing
Phase 13 Post-Route Event Processing | Checksum: 16af116cb

Time (s): cpu = 00:02:15 ; elapsed = 00:01:33 . Memory (MB): peak = 2677.777 ; gain = 0.000
INFO: [Route 35-16] Router Completed Successfully
Ending Routing Task | Checksum: 16af116cb

Time (s): cpu = 00:02:15 ; elapsed = 00:01:33 . Memory (MB): peak = 2677.777 ; gain = 0.000

Routing Is Done.
INFO: [Common 17-83] Releasing license: Implementation
14 Infos, 0 Warnings, 0 Critical Warnings and 0 Errors encountered.
route_design completed successfully
route_design: Time (s): cpu = 00:02:17 ; elapsed = 00:01:33 . Memory (MB): peak = 2677.777 ; gain = 0.000
# report_timing_summary -file out/timing_sweet.rpt
INFO: [Timing 38-91] UpdateTimingParams: Speed grade: -1, Delay Type: min_max.
INFO: [Timing 38-191] Multithreading enabled for timing update using a maximum of 2 CPUs
report_timing_summary: Time (s): cpu = 00:00:15 ; elapsed = 00:00:09 . Memory (MB): peak = 2677.777 ; gain = 0.000
# set wns [get_property SLACK [get_timing_paths -max_paths 1 -nworst 1]]
# puts "RESULT(SWEET): WNS = $wns ns"
RESULT(SWEET): WNS = 0.092 ns
# write_checkpoint -force out/vision_top_sweet.dcp
INFO: [Timing 38-480] Writing timing data to binary archive.
Wrote PlaceDB: Time (s): cpu = 00:00:00 ; elapsed = 00:00:00 . Memory (MB): peak = 2677.777 ; gain = 0.000
Wrote PulsedLatchDB: Time (s): cpu = 00:00:00 ; elapsed = 00:00:00 . Memory (MB): peak = 2677.777 ; gain = 0.000
Writing XDEF routing.
Writing XDEF routing logical nets.
Write ShapeDB Complete: Time (s): cpu = 00:00:00 ; elapsed = 00:00:00.059 . Memory (MB): peak = 2677.777 ; gain = 0.000
Writing XDEF routing special nets.
Wrote RouteStorage: Time (s): cpu = 00:00:01 ; elapsed = 00:00:00.239 . Memory (MB): peak = 2677.777 ; gain = 0.000
Wrote PlaceStorage: Time (s): cpu = 00:00:02 ; elapsed = 00:00:01 . Memory (MB): peak = 2677.777 ; gain = 0.000
Wrote Netlist Cache: Time (s): cpu = 00:00:00 ; elapsed = 00:00:00.032 . Memory (MB): peak = 2677.777 ; gain = 0.000
Wrote Device Cache: Time (s): cpu = 00:00:00 ; elapsed = 00:00:00.007 . Memory (MB): peak = 2677.777 ; gain = 0.000
Write Physdb Complete: Time (s): cpu = 00:00:03 ; elapsed = 00:00:01 . Memory (MB): peak = 2677.777 ; gain = 0.000
INFO: [Common 17-1381] The checkpoint 'E:/AMD_FPGA/Projects/Sim_GPU - Copy/out/vision_top_sweet.dcp' has been generated.
# puts "BUILD DONE"
BUILD DONE
INFO: [Common 17-206] Exiting Vivado at Sat Aug 22 08:32:45 2026...
