Copyright 1986-2022 Xilinx, Inc. All Rights Reserved. Copyright 2022-2025 Advanced Micro Devices, Inc. All Rights Reserved.
---------------------------------------------------------------------------------------------------------------------------------------------
| Tool Version : Vivado v.2025.2 (win64) Build 6299465 Fri Nov 14 19:35:11 GMT 2025
| Date         : Sun Aug 16 08:24:00 2026
| Host         : wshh running 64-bit major release  (build 9200)
| Command      : report_timing_summary -delay_type max -max_paths 10 -file out/worst_paths.rpt
| Design       : vision_top
| Device       : 7z020-clg484
| Speed File   : -1  PRODUCTION 1.12 2019-11-22
| Design State : Routed
---------------------------------------------------------------------------------------------------------------------------------------------

Timing Summary Report

------------------------------------------------------------------------------------------------
| Timer Settings
| --------------
------------------------------------------------------------------------------------------------

  Enable Multi Corner Analysis               :  Yes
  Enable Pessimism Removal                   :  Yes
  Pessimism Removal Resolution               :  Nearest Common Node
  Enable Input Delay Default Clock           :  No
  Enable Preset / Clear Arcs                 :  No
  Disable Flight Delays                      :  No
  Ignore I/O Paths                           :  No
  Timing Early Launch at Borrowing Latches   :  No
  Borrow Time for Max Delay Exceptions       :  Yes
  Merge Timing Exceptions                    :  Yes
  Inter-SLR Compensation                     :  Conservative

  Corner  Analyze    Analyze    
  Name    Max Paths  Min Paths  
  ------  ---------  ---------  
  Slow    Yes        Yes        
  Fast    Yes        Yes        


------------------------------------------------------------------------------------------------
| Report Methodology
| ------------------
------------------------------------------------------------------------------------------------

Rule       Severity  Description                                                Violations  
---------  --------  ---------------------------------------------------------  ----------  
DPIR-1     Warning   Asynchronous driver check                                  36          
LUTAR-1    Warning   LUT drives async reset alert                               2           
SYNTH-5    Warning   Mapped onto distributed RAM because of timing constraints  216         
SYNTH-6    Warning   Timing of a RAM block might be sub-optimal                 10          
TIMING-9   Warning   Unknown CDC Logic                                          1           
TIMING-10  Warning   Missing property on synchronizer                           1           
TIMING-18  Warning   Missing input or output delay                              15          
TIMING-23  Warning   Combinational loop found                                   1           
XDCB-5     Warning   Runtime inefficient way to find pin objects                3           

Note: This report is based on the most recent report_methodology run and may not be up-to-date. Run report_methodology on the current design for the latest report.



check_timing report

Table of Contents
-----------------
1. checking no_clock (0)
2. checking constant_clock (0)
3. checking pulse_width_clock (0)
4. checking unconstrained_internal_endpoints (0)
5. checking no_input_delay (20)
6. checking no_output_delay (11)
7. checking multiple_clock (0)
8. checking generated_clocks (0)
9. checking loops (6)
10. checking partial_input_delay (0)
11. checking partial_output_delay (0)
12. checking latch_loops (0)

1. checking no_clock (0)
------------------------
 There are 0 register/latch pins with no clock.


2. checking constant_clock (0)
------------------------------
 There are 0 register/latch pins with constant_clock.


3. checking pulse_width_clock (0)
---------------------------------
 There are 0 register/latch pins which need pulse_width check


4. checking unconstrained_internal_endpoints (0)
------------------------------------------------
 There are 0 pins that are not constrained for maximum delay.

 There are 0 pins that are not constrained for maximum delay due to constant clock.


5. checking no_input_delay (20)
-------------------------------
 There are 10 input ports with no input delay specified. (HIGH)

 There are 10 input ports with no input delay but user has a false path constraint. (MEDIUM)


6. checking no_output_delay (11)
--------------------------------
 There are 11 ports with no output delay specified. (HIGH)

 There are 0 ports with no output delay but user has a false path constraint

 There are 0 ports with no output delay but with a timing clock defined on it or propagating through it


7. checking multiple_clock (0)
------------------------------
 There are 0 register/latch pins with multiple clocks.


8. checking generated_clocks (0)
--------------------------------
 There are 0 generated clocks that are not connected to a clock source.


9. checking loops (6)
---------------------
 There are 6 combinational loops in the design. (HIGH)


10. checking partial_input_delay (0)
------------------------------------
 There are 0 input ports with partial input delay specified.


11. checking partial_output_delay (0)
-------------------------------------
 There are 0 ports with partial output delay specified.


12. checking latch_loops (0)
----------------------------
 There are 0 combinational latch loops in the design through latch input



------------------------------------------------------------------------------------------------
| Design Timing Summary
| ---------------------
------------------------------------------------------------------------------------------------

    WNS(ns)      TNS(ns)  TNS Failing Endpoints  TNS Total Endpoints     WPWS(ns)     TPWS(ns)  TPWS Failing Endpoints  TPWS Total Endpoints  
    -------      -------  ---------------------  -------------------     --------     --------  ----------------------  --------------------  
      0.139        0.000                      0                21704        1.528        0.000                       0                  4722  


All user specified timing constraints are met.


------------------------------------------------------------------------------------------------
| Clock Summary
| -------------
------------------------------------------------------------------------------------------------

Clock          Waveform(ns)         Period(ns)      Frequency(MHz)
-----          ------------         ----------      --------------
cam_pclk       {0.000 8.500}        17.000          58.824          
sys_clk_50m    {0.000 10.000}       20.000          50.000          
  clk_mmcm_fb  {0.000 10.000}       20.000          50.000          
  clk_pix      {0.000 6.667}        13.333          75.000          
  clk_proc     {0.000 2.778}        5.556           180.000         


------------------------------------------------------------------------------------------------
| Intra Clock Table
| -----------------
------------------------------------------------------------------------------------------------

Clock              WNS(ns)      TNS(ns)  TNS Failing Endpoints  TNS Total Endpoints     WPWS(ns)     TPWS(ns)  TPWS Failing Endpoints  TPWS Total Endpoints  
-----              -------      -------  ---------------------  -------------------     --------     --------  ----------------------  --------------------  
cam_pclk             8.716        0.000                      0                 3031        7.250        0.000                       0                   465  
sys_clk_50m         10.546        0.000                      0                  303        7.000        0.000                       0                   174  
  clk_mmcm_fb                                                                             18.751        0.000                       0                     2  
  clk_pix            7.441        0.000                      0                   40        6.167        0.000                       0                    30  
  clk_proc           0.139        0.000                      0                15414        1.528        0.000                       0                  4051  


------------------------------------------------------------------------------------------------
| Inter Clock Table
| -----------------
------------------------------------------------------------------------------------------------

From Clock    To Clock          WNS(ns)      TNS(ns)  TNS Failing Endpoints  TNS Total Endpoints  
----------    --------          -------      -------  ---------------------  -------------------  


------------------------------------------------------------------------------------------------
| Other Path Groups Table
| -----------------------
------------------------------------------------------------------------------------------------

Path Group         From Clock         To Clock               WNS(ns)      TNS(ns)  TNS Failing Endpoints  TNS Total Endpoints  
----------         ----------         --------               -------      -------  ---------------------  -------------------  
**async_default**  cam_pclk           cam_pclk                14.114        0.000                      0                   32  
**async_default**  clk_pix            clk_pix                  9.591        0.000                      0                   26  
**async_default**  clk_proc           clk_proc                 0.398        0.000                      0                 2858  


------------------------------------------------------------------------------------------------
| Timing Details
| --------------
------------------------------------------------------------------------------------------------


---------------------------------------------------------------------------------------------------
From Clock:  cam_pclk
  To Clock:  cam_pclk

Setup :            0  Failing Endpoints,  Worst Slack        8.716ns,  Total Violation        0.000ns
Hold  :           NA  Failing Endpoints,  Worst Slack           NA  ,  Total Violation           NA
PW    :            0  Failing Endpoints,  Worst Slack        7.250ns,  Total Violation        0.000ns
---------------------------------------------------------------------------------------------------


Max Delay Paths
--------------------------------------------------------------------------------------
Slack (MET) :             8.716ns  (required time - arrival time)
  Source:                 g_chan[0].u_cdc/wbin_reg[10]/C
                            (rising edge-triggered cell FDCE clocked by cam_pclk  {rise@0.000ns fall@8.500ns period=17.000ns})
  Destination:            g_chan[0].u_cdc/mem_reg_576_639_6_7/RAMA/WE
                            (rising edge-triggered cell RAMD64E clocked by cam_pclk  {rise@0.000ns fall@8.500ns period=17.000ns})
  Path Group:             cam_pclk
  Path Type:              Setup (Max at Slow Process Corner)
  Requirement:            17.000ns  (cam_pclk rise@17.000ns - cam_pclk rise@0.000ns)
  Data Path Delay:        7.581ns  (logic 1.862ns (24.562%)  route 5.719ns (75.438%))
  Logic Levels:           5  (CARRY4=2 LUT3=1 LUT6=2)
  Clock Path Skew:        -0.135ns (DCD - SCD + CPR)
    Destination Clock Delay (DCD):    5.128ns = ( 22.128 - 17.000 ) 
    Source Clock Delay      (SCD):    5.657ns
    Clock Pessimism Removal (CPR):    0.394ns
  Clock Uncertainty:      0.035ns  ((TSJ^2 + TIJ^2)^1/2 + DJ) / 2 + PE
    Total System Jitter     (TSJ):    0.071ns
    Total Input Jitter      (TIJ):    0.000ns
    Discrete Jitter          (DJ):    0.000ns
    Phase Error              (PE):    0.000ns

    Location             Delay type                Incr(ns)  Path(ns)    Netlist Resource(s)
  -------------------------------------------------------------------    -------------------
                         (clock cam_pclk rise edge)
                                                      0.000     0.000 r  
    W17                                               0.000     0.000 r  pclk (IN)
                         net (fo=0)                   0.000     0.000    pclk
    W17                  IBUF (Prop_ibuf_I_O)         1.484     1.484 r  pclk_IBUF_inst/O
                         net (fo=1, routed)           2.205     3.689    pclk_IBUF
    BUFGCTRL_X0Y0        BUFG (Prop_bufg_I_O)         0.101     3.790 r  pclk_IBUF_BUFG_inst/O
                         net (fo=464, routed)         1.867     5.657    g_chan[0].u_cdc/pclk_IBUF_BUFG
    SLICE_X106Y18        FDCE                                         r  g_chan[0].u_cdc/wbin_reg[10]/C
  -------------------------------------------------------------------    -------------------
    SLICE_X106Y18        FDCE (Prop_fdce_C_Q)         0.456     6.113 r  g_chan[0].u_cdc/wbin_reg[10]/Q
                         net (fo=34, routed)          0.896     7.009    g_chan[0].u_cdc/wbin_reg_n_0_[10]
    SLICE_X107Y18        CARRY4 (Prop_carry4_S[2]_O[3])
                                                      0.476     7.485 r  g_chan[0].u_cdc/wgray_reg[11]_i_1/O[3]
                         net (fo=3, routed)           1.019     8.505    g_chan[0].u_cdc/wnext[11]
    SLICE_X108Y17        LUT6 (Prop_lut6_I1_O)        0.306     8.811 r  g_chan[0].u_cdc/full_c_carry_i_1/O
                         net (fo=1, routed)           0.000     8.811    g_chan[0].u_cdc/full_c_carry_i_1_n_0
    SLICE_X108Y17        CARRY4 (Prop_carry4_S[3]_CO[3])
                                                      0.376     9.187 f  g_chan[0].u_cdc/full_c_carry/CO[3]
                         net (fo=3, routed)           0.767     9.953    u_cam/CO[0]
    SLICE_X106Y15        LUT3 (Prop_lut3_I2_O)        0.124    10.077 r  u_cam/mem_reg_0_63_0_2_i_5/O
                         net (fo=32, routed)          1.744    11.821    g_chan[0].u_cdc/mem_reg_1536_1599_3_5_0
    SLICE_X107Y14        LUT6 (Prop_lut6_I5_O)        0.124    11.945 r  g_chan[0].u_cdc/mem_reg_576_639_0_2_i_1/O
                         net (fo=12, routed)          1.293    13.238    g_chan[0].u_cdc/mem_reg_576_639_6_7/WE
    SLICE_X98Y13         RAMD64E                                      r  g_chan[0].u_cdc/mem_reg_576_639_6_7/RAMA/WE
  -------------------------------------------------------------------    -------------------

                         (clock cam_pclk rise edge)
                                                     17.000    17.000 r  
    W17                                               0.000    17.000 r  pclk (IN)
                         net (fo=0)                   0.000    17.000    pclk
    W17                  IBUF (Prop_ibuf_I_O)         1.414    18.414 r  pclk_IBUF_inst/O
                         net (fo=1, routed)           2.006    20.420    pclk_IBUF
    BUFGCTRL_X0Y0        BUFG (Prop_bufg_I_O)         0.091    20.511 r  pclk_IBUF_BUFG_inst/O
                         net (fo=464, routed)         1.617    22.128    g_chan[0].u_cdc/mem_reg_576_639_6_7/WCLK
    SLICE_X98Y13         RAMD64E                                      r  g_chan[0].u_cdc/mem_reg_576_639_6_7/RAMA/CLK
                         clock pessimism              0.394    22.522    
                         clock uncertainty           -0.035    22.487    
    SLICE_X98Y13         RAMD64E (Setup_ramd64e_CLK_WE)
                                                     -0.533    21.954    g_chan[0].u_cdc/mem_reg_576_639_6_7/RAMA
  -------------------------------------------------------------------
                         required time                         21.954    
                         arrival time                         -13.238    
  -------------------------------------------------------------------
                         slack                                  8.716    

Slack (MET) :             8.716ns  (required time - arrival time)
  Source:                 g_chan[0].u_cdc/wbin_reg[10]/C
                            (rising edge-triggered cell FDCE clocked by cam_pclk  {rise@0.000ns fall@8.500ns period=17.000ns})
  Destination:            g_chan[0].u_cdc/mem_reg_576_639_6_7/RAMB/WE
                            (rising edge-triggered cell RAMD64E clocked by cam_pclk  {rise@0.000ns fall@8.500ns period=17.000ns})
  Path Group:             cam_pclk
  Path Type:              Setup (Max at Slow Process Corner)
  Requirement:            17.000ns  (cam_pclk rise@17.000ns - cam_pclk rise@0.000ns)
  Data Path Delay:        7.581ns  (logic 1.862ns (24.562%)  route 5.719ns (75.438%))
  Logic Levels:           5  (CARRY4=2 LUT3=1 LUT6=2)
  Clock Path Skew:        -0.135ns (DCD - SCD + CPR)
    Destination Clock Delay (DCD):    5.128ns = ( 22.128 - 17.000 ) 
    Source Clock Delay      (SCD):    5.657ns
    Clock Pessimism Removal (CPR):    0.394ns
  Clock Uncertainty:      0.035ns  ((TSJ^2 + TIJ^2)^1/2 + DJ) / 2 + PE
    Total System Jitter     (TSJ):    0.071ns
    Total Input Jitter      (TIJ):    0.000ns
    Discrete Jitter          (DJ):    0.000ns
    Phase Error              (PE):    0.000ns

    Location             Delay type                Incr(ns)  Path(ns)    Netlist Resource(s)
  -------------------------------------------------------------------    -------------------
                         (clock cam_pclk rise edge)
                                                      0.000     0.000 r  
    W17                                               0.000     0.000 r  pclk (IN)
                         net (fo=0)                   0.000     0.000    pclk
    W17                  IBUF (Prop_ibuf_I_O)         1.484     1.484 r  pclk_IBUF_inst/O
                         net (fo=1, routed)           2.205     3.689    pclk_IBUF
    BUFGCTRL_X0Y0        BUFG (Prop_bufg_I_O)         0.101     3.790 r  pclk_IBUF_BUFG_inst/O
                         net (fo=464, routed)         1.867     5.657    g_chan[0].u_cdc/pclk_IBUF_BUFG
    SLICE_X106Y18        FDCE                                         r  g_chan[0].u_cdc/wbin_reg[10]/C
  -------------------------------------------------------------------    -------------------
    SLICE_X106Y18        FDCE (Prop_fdce_C_Q)         0.456     6.113 r  g_chan[0].u_cdc/wbin_reg[10]/Q
                         net (fo=34, routed)          0.896     7.009    g_chan[0].u_cdc/wbin_reg_n_0_[10]
    SLICE_X107Y18        CARRY4 (Prop_carry4_S[2]_O[3])
                                                      0.476     7.485 r  g_chan[0].u_cdc/wgray_reg[11]_i_1/O[3]
                         net (fo=3, routed)           1.019     8.505    g_chan[0].u_cdc/wnext[11]
    SLICE_X108Y17        LUT6 (Prop_lut6_I1_O)        0.306     8.811 r  g_chan[0].u_cdc/full_c_carry_i_1/O
                         net (fo=1, routed)           0.000     8.811    g_chan[0].u_cdc/full_c_carry_i_1_n_0
    SLICE_X108Y17        CARRY4 (Prop_carry4_S[3]_CO[3])
                                                      0.376     9.187 f  g_chan[0].u_cdc/full_c_carry/CO[3]
                         net (fo=3, routed)           0.767     9.953    u_cam/CO[0]
    SLICE_X106Y15        LUT3 (Prop_lut3_I2_O)        0.124    10.077 r  u_cam/mem_reg_0_63_0_2_i_5/O
                         net (fo=32, routed)          1.744    11.821    g_chan[0].u_cdc/mem_reg_1536_1599_3_5_0
    SLICE_X107Y14        LUT6 (Prop_lut6_I5_O)        0.124    11.945 r  g_chan[0].u_cdc/mem_reg_576_639_0_2_i_1/O
                         net (fo=12, routed)          1.293    13.238    g_chan[0].u_cdc/mem_reg_576_639_6_7/WE
    SLICE_X98Y13         RAMD64E                                      r  g_chan[0].u_cdc/mem_reg_576_639_6_7/RAMB/WE
  -------------------------------------------------------------------    -------------------

                         (clock cam_pclk rise edge)
                                                     17.000    17.000 r  
    W17                                               0.000    17.000 r  pclk (IN)
                         net (fo=0)                   0.000    17.000    pclk
    W17                  IBUF (Prop_ibuf_I_O)         1.414    18.414 r  pclk_IBUF_inst/O
                         net (fo=1, routed)           2.006    20.420    pclk_IBUF
    BUFGCTRL_X0Y0        BUFG (Prop_bufg_I_O)         0.091    20.511 r  pclk_IBUF_BUFG_inst/O
                         net (fo=464, routed)         1.617    22.128    g_chan[0].u_cdc/mem_reg_576_639_6_7/WCLK
    SLICE_X98Y13         RAMD64E                                      r  g_chan[0].u_cdc/mem_reg_576_639_6_7/RAMB/CLK
                         clock pessimism              0.394    22.522    
                         clock uncertainty           -0.035    22.487    
    SLICE_X98Y13         RAMD64E (Setup_ramd64e_CLK_WE)
                                                     -0.533    21.954    g_chan[0].u_cdc/mem_reg_576_639_6_7/RAMB
  -------------------------------------------------------------------
                         required time                         21.954    
                         arrival time                         -13.238    
  -------------------------------------------------------------------
                         slack                                  8.716    

Slack (MET) :             8.716ns  (required time - arrival time)
  Source:                 g_chan[0].u_cdc/wbin_reg[10]/C
                            (rising edge-triggered cell FDCE clocked by cam_pclk  {rise@0.000ns fall@8.500ns period=17.000ns})
  Destination:            g_chan[0].u_cdc/mem_reg_576_639_6_7/RAMC/WE
                            (rising edge-triggered cell RAMD64E clocked by cam_pclk  {rise@0.000ns fall@8.500ns period=17.000ns})
  Path Group:             cam_pclk
  Path Type:              Setup (Max at Slow Process Corner)
  Requirement:            17.000ns  (cam_pclk rise@17.000ns - cam_pclk rise@0.000ns)
  Data Path Delay:        7.581ns  (logic 1.862ns (24.562%)  route 5.719ns (75.438%))
  Logic Levels:           5  (CARRY4=2 LUT3=1 LUT6=2)
  Clock Path Skew:        -0.135ns (DCD - SCD + CPR)
    Destination Clock Delay (DCD):    5.128ns = ( 22.128 - 17.000 ) 
    Source Clock Delay      (SCD):    5.657ns
    Clock Pessimism Removal (CPR):    0.394ns
  Clock Uncertainty:      0.035ns  ((TSJ^2 + TIJ^2)^1/2 + DJ) / 2 + PE
    Total System Jitter     (TSJ):    0.071ns
    Total Input Jitter      (TIJ):    0.000ns
    Discrete Jitter          (DJ):    0.000ns
    Phase Error              (PE):    0.000ns

    Location             Delay type                Incr(ns)  Path(ns)    Netlist Resource(s)
  -------------------------------------------------------------------    -------------------
                         (clock cam_pclk rise edge)
                                                      0.000     0.000 r  
    W17                                               0.000     0.000 r  pclk (IN)
                         net (fo=0)                   0.000     0.000    pclk
    W17                  IBUF (Prop_ibuf_I_O)         1.484     1.484 r  pclk_IBUF_inst/O
                         net (fo=1, routed)           2.205     3.689    pclk_IBUF
    BUFGCTRL_X0Y0        BUFG (Prop_bufg_I_O)         0.101     3.790 r  pclk_IBUF_BUFG_inst/O
                         net (fo=464, routed)         1.867     5.657    g_chan[0].u_cdc/pclk_IBUF_BUFG
    SLICE_X106Y18        FDCE                                         r  g_chan[0].u_cdc/wbin_reg[10]/C
  -------------------------------------------------------------------    -------------------
    SLICE_X106Y18        FDCE (Prop_fdce_C_Q)         0.456     6.113 r  g_chan[0].u_cdc/wbin_reg[10]/Q
                         net (fo=34, routed)          0.896     7.009    g_chan[0].u_cdc/wbin_reg_n_0_[10]
    SLICE_X107Y18        CARRY4 (Prop_carry4_S[2]_O[3])
                                                      0.476     7.485 r  g_chan[0].u_cdc/wgray_reg[11]_i_1/O[3]
                         net (fo=3, routed)           1.019     8.505    g_chan[0].u_cdc/wnext[11]
    SLICE_X108Y17        LUT6 (Prop_lut6_I1_O)        0.306     8.811 r  g_chan[0].u_cdc/full_c_carry_i_1/O
                         net (fo=1, routed)           0.000     8.811    g_chan[0].u_cdc/full_c_carry_i_1_n_0
    SLICE_X108Y17        CARRY4 (Prop_carry4_S[3]_CO[3])
                                                      0.376     9.187 f  g_chan[0].u_cdc/full_c_carry/CO[3]
                         net (fo=3, routed)           0.767     9.953    u_cam/CO[0]
    SLICE_X106Y15        LUT3 (Prop_lut3_I2_O)        0.124    10.077 r  u_cam/mem_reg_0_63_0_2_i_5/O
                         net (fo=32, routed)          1.744    11.821    g_chan[0].u_cdc/mem_reg_1536_1599_3_5_0
    SLICE_X107Y14        LUT6 (Prop_lut6_I5_O)        0.124    11.945 r  g_chan[0].u_cdc/mem_reg_576_639_0_2_i_1/O
                         net (fo=12, routed)          1.293    13.238    g_chan[0].u_cdc/mem_reg_576_639_6_7/WE
    SLICE_X98Y13         RAMD64E                                      r  g_chan[0].u_cdc/mem_reg_576_639_6_7/RAMC/WE
  -------------------------------------------------------------------    -------------------

                         (clock cam_pclk rise edge)
                                                     17.000    17.000 r  
    W17                                               0.000    17.000 r  pclk (IN)
                         net (fo=0)                   0.000    17.000    pclk
    W17                  IBUF (Prop_ibuf_I_O)         1.414    18.414 r  pclk_IBUF_inst/O
                         net (fo=1, routed)           2.006    20.420    pclk_IBUF
    BUFGCTRL_X0Y0        BUFG (Prop_bufg_I_O)         0.091    20.511 r  pclk_IBUF_BUFG_inst/O
                         net (fo=464, routed)         1.617    22.128    g_chan[0].u_cdc/mem_reg_576_639_6_7/WCLK
    SLICE_X98Y13         RAMD64E                                      r  g_chan[0].u_cdc/mem_reg_576_639_6_7/RAMC/CLK
                         clock pessimism              0.394    22.522    
                         clock uncertainty           -0.035    22.487    
    SLICE_X98Y13         RAMD64E (Setup_ramd64e_CLK_WE)
                                                     -0.533    21.954    g_chan[0].u_cdc/mem_reg_576_639_6_7/RAMC
  -------------------------------------------------------------------
                         required time                         21.954    
                         arrival time                         -13.238    
  -------------------------------------------------------------------
                         slack                                  8.716    

Slack (MET) :             8.716ns  (required time - arrival time)
  Source:                 g_chan[0].u_cdc/wbin_reg[10]/C
                            (rising edge-triggered cell FDCE clocked by cam_pclk  {rise@0.000ns fall@8.500ns period=17.000ns})
  Destination:            g_chan[0].u_cdc/mem_reg_576_639_6_7/RAMD/WE
                            (rising edge-triggered cell RAMD64E clocked by cam_pclk  {rise@0.000ns fall@8.500ns period=17.000ns})
  Path Group:             cam_pclk
  Path Type:              Setup (Max at Slow Process Corner)
  Requirement:            17.000ns  (cam_pclk rise@17.000ns - cam_pclk rise@0.000ns)
  Data Path Delay:        7.581ns  (logic 1.862ns (24.562%)  route 5.719ns (75.438%))
  Logic Levels:           5  (CARRY4=2 LUT3=1 LUT6=2)
  Clock Path Skew:        -0.135ns (DCD - SCD + CPR)
    Destination Clock Delay (DCD):    5.128ns = ( 22.128 - 17.000 ) 
    Source Clock Delay      (SCD):    5.657ns
    Clock Pessimism Removal (CPR):    0.394ns
  Clock Uncertainty:      0.035ns  ((TSJ^2 + TIJ^2)^1/2 + DJ) / 2 + PE
    Total System Jitter     (TSJ):    0.071ns
    Total Input Jitter      (TIJ):    0.000ns
    Discrete Jitter          (DJ):    0.000ns
    Phase Error              (PE):    0.000ns

    Location             Delay type                Incr(ns)  Path(ns)    Netlist Resource(s)
  -------------------------------------------------------------------    -------------------
                         (clock cam_pclk rise edge)
                                                      0.000     0.000 r  
    W17                                               0.000     0.000 r  pclk (IN)
                         net (fo=0)                   0.000     0.000    pclk
    W17                  IBUF (Prop_ibuf_I_O)         1.484     1.484 r  pclk_IBUF_inst/O
                         net (fo=1, routed)           2.205     3.689    pclk_IBUF
    BUFGCTRL_X0Y0        BUFG (Prop_bufg_I_O)         0.101     3.790 r  pclk_IBUF_BUFG_inst/O
                         net (fo=464, routed)         1.867     5.657    g_chan[0].u_cdc/pclk_IBUF_BUFG
    SLICE_X106Y18        FDCE                                         r  g_chan[0].u_cdc/wbin_reg[10]/C
  -------------------------------------------------------------------    -------------------
    SLICE_X106Y18        FDCE (Prop_fdce_C_Q)         0.456     6.113 r  g_chan[0].u_cdc/wbin_reg[10]/Q
                         net (fo=34, routed)          0.896     7.009    g_chan[0].u_cdc/wbin_reg_n_0_[10]
    SLICE_X107Y18        CARRY4 (Prop_carry4_S[2]_O[3])
                                                      0.476     7.485 r  g_chan[0].u_cdc/wgray_reg[11]_i_1/O[3]
                         net (fo=3, routed)           1.019     8.505    g_chan[0].u_cdc/wnext[11]
    SLICE_X108Y17        LUT6 (Prop_lut6_I1_O)        0.306     8.811 r  g_chan[0].u_cdc/full_c_carry_i_1/O
                         net (fo=1, routed)           0.000     8.811    g_chan[0].u_cdc/full_c_carry_i_1_n_0
    SLICE_X108Y17        CARRY4 (Prop_carry4_S[3]_CO[3])
                                                      0.376     9.187 f  g_chan[0].u_cdc/full_c_carry/CO[3]
                         net (fo=3, routed)           0.767     9.953    u_cam/CO[0]
    SLICE_X106Y15        LUT3 (Prop_lut3_I2_O)        0.124    10.077 r  u_cam/mem_reg_0_63_0_2_i_5/O
                         net (fo=32, routed)          1.744    11.821    g_chan[0].u_cdc/mem_reg_1536_1599_3_5_0
    SLICE_X107Y14        LUT6 (Prop_lut6_I5_O)        0.124    11.945 r  g_chan[0].u_cdc/mem_reg_576_639_0_2_i_1/O
                         net (fo=12, routed)          1.293    13.238    g_chan[0].u_cdc/mem_reg_576_639_6_7/WE
    SLICE_X98Y13         RAMD64E                                      r  g_chan[0].u_cdc/mem_reg_576_639_6_7/RAMD/WE
  -------------------------------------------------------------------    -------------------

                         (clock cam_pclk rise edge)
                                                     17.000    17.000 r  
    W17                                               0.000    17.000 r  pclk (IN)
                         net (fo=0)                   0.000    17.000    pclk
    W17                  IBUF (Prop_ibuf_I_O)         1.414    18.414 r  pclk_IBUF_inst/O
                         net (fo=1, routed)           2.006    20.420    pclk_IBUF
    BUFGCTRL_X0Y0        BUFG (Prop_bufg_I_O)         0.091    20.511 r  pclk_IBUF_BUFG_inst/O
                         net (fo=464, routed)         1.617    22.128    g_chan[0].u_cdc/mem_reg_576_639_6_7/WCLK
    SLICE_X98Y13         RAMD64E                                      r  g_chan[0].u_cdc/mem_reg_576_639_6_7/RAMD/CLK
                         clock pessimism              0.394    22.522    
                         clock uncertainty           -0.035    22.487    
    SLICE_X98Y13         RAMD64E (Setup_ramd64e_CLK_WE)
                                                     -0.533    21.954    g_chan[0].u_cdc/mem_reg_576_639_6_7/RAMD
  -------------------------------------------------------------------
                         required time                         21.954    
                         arrival time                         -13.238    
  -------------------------------------------------------------------
                         slack                                  8.716    

Slack (MET) :             8.912ns  (required time - arrival time)
  Source:                 g_chan[0].u_cdc/wbin_reg[10]/C
                            (rising edge-triggered cell FDCE clocked by cam_pclk  {rise@0.000ns fall@8.500ns period=17.000ns})
  Destination:            g_chan[0].u_cdc/mem_reg_1920_1983_0_2/RAMA/WE
                            (rising edge-triggered cell RAMD64E clocked by cam_pclk  {rise@0.000ns fall@8.500ns period=17.000ns})
  Path Group:             cam_pclk
  Path Type:              Setup (Max at Slow Process Corner)
  Requirement:            17.000ns  (cam_pclk rise@17.000ns - cam_pclk rise@0.000ns)
  Data Path Delay:        7.389ns  (logic 1.862ns (25.198%)  route 5.527ns (74.802%))
  Logic Levels:           5  (CARRY4=2 LUT3=1 LUT6=2)
  Clock Path Skew:        -0.130ns (DCD - SCD + CPR)
    Destination Clock Delay (DCD):    5.133ns = ( 22.133 - 17.000 ) 
    Source Clock Delay      (SCD):    5.657ns
    Clock Pessimism Removal (CPR):    0.394ns
  Clock Uncertainty:      0.035ns  ((TSJ^2 + TIJ^2)^1/2 + DJ) / 2 + PE
    Total System Jitter     (TSJ):    0.071ns
    Total Input Jitter      (TIJ):    0.000ns
    Discrete Jitter          (DJ):    0.000ns
    Phase Error              (PE):    0.000ns

    Location             Delay type                Incr(ns)  Path(ns)    Netlist Resource(s)
  -------------------------------------------------------------------    -------------------
                         (clock cam_pclk rise edge)
                                                      0.000     0.000 r  
    W17                                               0.000     0.000 r  pclk (IN)
                         net (fo=0)                   0.000     0.000    pclk
    W17                  IBUF (Prop_ibuf_I_O)         1.484     1.484 r  pclk_IBUF_inst/O
                         net (fo=1, routed)           2.205     3.689    pclk_IBUF
    BUFGCTRL_X0Y0        BUFG (Prop_bufg_I_O)         0.101     3.790 r  pclk_IBUF_BUFG_inst/O
                         net (fo=464, routed)         1.867     5.657    g_chan[0].u_cdc/pclk_IBUF_BUFG
    SLICE_X106Y18        FDCE                                         r  g_chan[0].u_cdc/wbin_reg[10]/C
  -------------------------------------------------------------------    -------------------
    SLICE_X106Y18        FDCE (Prop_fdce_C_Q)         0.456     6.113 r  g_chan[0].u_cdc/wbin_reg[10]/Q
                         net (fo=34, routed)          0.896     7.009    g_chan[0].u_cdc/wbin_reg_n_0_[10]
    SLICE_X107Y18        CARRY4 (Prop_carry4_S[2]_O[3])
                                                      0.476     7.485 r  g_chan[0].u_cdc/wgray_reg[11]_i_1/O[3]
                         net (fo=3, routed)           1.019     8.505    g_chan[0].u_cdc/wnext[11]
    SLICE_X108Y17        LUT6 (Prop_lut6_I1_O)        0.306     8.811 r  g_chan[0].u_cdc/full_c_carry_i_1/O
                         net (fo=1, routed)           0.000     8.811    g_chan[0].u_cdc/full_c_carry_i_1_n_0
    SLICE_X108Y17        CARRY4 (Prop_carry4_S[3]_CO[3])
                                                      0.376     9.187 f  g_chan[0].u_cdc/full_c_carry/CO[3]
                         net (fo=3, routed)           0.767     9.953    u_cam/CO[0]
    SLICE_X106Y15        LUT3 (Prop_lut3_I2_O)        0.124    10.077 r  u_cam/mem_reg_0_63_0_2_i_5/O
                         net (fo=32, routed)          1.824    11.901    g_chan[0].u_cdc/mem_reg_1536_1599_3_5_0
    SLICE_X97Y13         LUT6 (Prop_lut6_I0_O)        0.124    12.025 r  g_chan[0].u_cdc/mem_reg_1920_1983_0_2_i_1/O
                         net (fo=12, routed)          1.021    13.047    g_chan[0].u_cdc/mem_reg_1920_1983_0_2/WE
    SLICE_X100Y5         RAMD64E                                      r  g_chan[0].u_cdc/mem_reg_1920_1983_0_2/RAMA/WE
  -------------------------------------------------------------------    -------------------

                         (clock cam_pclk rise edge)
                                                     17.000    17.000 r  
    W17                                               0.000    17.000 r  pclk (IN)
                         net (fo=0)                   0.000    17.000    pclk
    W17                  IBUF (Prop_ibuf_I_O)         1.414    18.414 r  pclk_IBUF_inst/O
                         net (fo=1, routed)           2.006    20.420    pclk_IBUF
    BUFGCTRL_X0Y0        BUFG (Prop_bufg_I_O)         0.091    20.511 r  pclk_IBUF_BUFG_inst/O
                         net (fo=464, routed)         1.622    22.133    g_chan[0].u_cdc/mem_reg_1920_1983_0_2/WCLK
    SLICE_X100Y5         RAMD64E                                      r  g_chan[0].u_cdc/mem_reg_1920_1983_0_2/RAMA/CLK
                         clock pessimism              0.394    22.527    
                         clock uncertainty           -0.035    22.492    
    SLICE_X100Y5         RAMD64E (Setup_ramd64e_CLK_WE)
                                                     -0.533    21.959    g_chan[0].u_cdc/mem_reg_1920_1983_0_2/RAMA
  -------------------------------------------------------------------
                         required time                         21.959    
                         arrival time                         -13.047    
  -------------------------------------------------------------------
                         slack                                  8.912    

Slack (MET) :             8.912ns  (required time - arrival time)
  Source:                 g_chan[0].u_cdc/wbin_reg[10]/C
                            (rising edge-triggered cell FDCE clocked by cam_pclk  {rise@0.000ns fall@8.500ns period=17.000ns})
  Destination:            g_chan[0].u_cdc/mem_reg_1920_1983_0_2/RAMB/WE
                            (rising edge-triggered cell RAMD64E clocked by cam_pclk  {rise@0.000ns fall@8.500ns period=17.000ns})
  Path Group:             cam_pclk
  Path Type:              Setup (Max at Slow Process Corner)
  Requirement:            17.000ns  (cam_pclk rise@17.000ns - cam_pclk rise@0.000ns)
  Data Path Delay:        7.389ns  (logic 1.862ns (25.198%)  route 5.527ns (74.802%))
  Logic Levels:           5  (CARRY4=2 LUT3=1 LUT6=2)
  Clock Path Skew:        -0.130ns (DCD - SCD + CPR)
    Destination Clock Delay (DCD):    5.133ns = ( 22.133 - 17.000 ) 
    Source Clock Delay      (SCD):    5.657ns
    Clock Pessimism Removal (CPR):    0.394ns
  Clock Uncertainty:      0.035ns  ((TSJ^2 + TIJ^2)^1/2 + DJ) / 2 + PE
    Total System Jitter     (TSJ):    0.071ns
    Total Input Jitter      (TIJ):    0.000ns
    Discrete Jitter          (DJ):    0.000ns
    Phase Error              (PE):    0.000ns

    Location             Delay type                Incr(ns)  Path(ns)    Netlist Resource(s)
  -------------------------------------------------------------------    -------------------
                         (clock cam_pclk rise edge)
                                                      0.000     0.000 r  
    W17                                               0.000     0.000 r  pclk (IN)
                         net (fo=0)                   0.000     0.000    pclk
    W17                  IBUF (Prop_ibuf_I_O)         1.484     1.484 r  pclk_IBUF_inst/O
                         net (fo=1, routed)           2.205     3.689    pclk_IBUF
    BUFGCTRL_X0Y0        BUFG (Prop_bufg_I_O)         0.101     3.790 r  pclk_IBUF_BUFG_inst/O
                         net (fo=464, routed)         1.867     5.657    g_chan[0].u_cdc/pclk_IBUF_BUFG
    SLICE_X106Y18        FDCE                                         r  g_chan[0].u_cdc/wbin_reg[10]/C
  -------------------------------------------------------------------    -------------------
    SLICE_X106Y18        FDCE (Prop_fdce_C_Q)         0.456     6.113 r  g_chan[0].u_cdc/wbin_reg[10]/Q
                         net (fo=34, routed)          0.896     7.009    g_chan[0].u_cdc/wbin_reg_n_0_[10]
    SLICE_X107Y18        CARRY4 (Prop_carry4_S[2]_O[3])
                                                      0.476     7.485 r  g_chan[0].u_cdc/wgray_reg[11]_i_1/O[3]
                         net (fo=3, routed)           1.019     8.505    g_chan[0].u_cdc/wnext[11]
    SLICE_X108Y17        LUT6 (Prop_lut6_I1_O)        0.306     8.811 r  g_chan[0].u_cdc/full_c_carry_i_1/O
                         net (fo=1, routed)           0.000     8.811    g_chan[0].u_cdc/full_c_carry_i_1_n_0
    SLICE_X108Y17        CARRY4 (Prop_carry4_S[3]_CO[3])
                                                      0.376     9.187 f  g_chan[0].u_cdc/full_c_carry/CO[3]
                         net (fo=3, routed)           0.767     9.953    u_cam/CO[0]
    SLICE_X106Y15        LUT3 (Prop_lut3_I2_O)        0.124    10.077 r  u_cam/mem_reg_0_63_0_2_i_5/O
                         net (fo=32, routed)          1.824    11.901    g_chan[0].u_cdc/mem_reg_1536_1599_3_5_0
    SLICE_X97Y13         LUT6 (Prop_lut6_I0_O)        0.124    12.025 r  g_chan[0].u_cdc/mem_reg_1920_1983_0_2_i_1/O
                         net (fo=12, routed)          1.021    13.047    g_chan[0].u_cdc/mem_reg_1920_1983_0_2/WE
    SLICE_X100Y5         RAMD64E                                      r  g_chan[0].u_cdc/mem_reg_1920_1983_0_2/RAMB/WE
  -------------------------------------------------------------------    -------------------

                         (clock cam_pclk rise edge)
                                                     17.000    17.000 r  
    W17                                               0.000    17.000 r  pclk (IN)
                         net (fo=0)                   0.000    17.000    pclk
    W17                  IBUF (Prop_ibuf_I_O)         1.414    18.414 r  pclk_IBUF_inst/O
                         net (fo=1, routed)           2.006    20.420    pclk_IBUF
    BUFGCTRL_X0Y0        BUFG (Prop_bufg_I_O)         0.091    20.511 r  pclk_IBUF_BUFG_inst/O
                         net (fo=464, routed)         1.622    22.133    g_chan[0].u_cdc/mem_reg_1920_1983_0_2/WCLK
    SLICE_X100Y5         RAMD64E                                      r  g_chan[0].u_cdc/mem_reg_1920_1983_0_2/RAMB/CLK
                         clock pessimism              0.394    22.527    
                         clock uncertainty           -0.035    22.492    
    SLICE_X100Y5         RAMD64E (Setup_ramd64e_CLK_WE)
                                                     -0.533    21.959    g_chan[0].u_cdc/mem_reg_1920_1983_0_2/RAMB
  -------------------------------------------------------------------
                         required time                         21.959    
                         arrival time                         -13.047    
  -------------------------------------------------------------------
                         slack                                  8.912    

Slack (MET) :             8.912ns  (required time - arrival time)
  Source:                 g_chan[0].u_cdc/wbin_reg[10]/C
                            (rising edge-triggered cell FDCE clocked by cam_pclk  {rise@0.000ns fall@8.500ns period=17.000ns})
  Destination:            g_chan[0].u_cdc/mem_reg_1920_1983_0_2/RAMC/WE
                            (rising edge-triggered cell RAMD64E clocked by cam_pclk  {rise@0.000ns fall@8.500ns period=17.000ns})
  Path Group:             cam_pclk
  Path Type:              Setup (Max at Slow Process Corner)
  Requirement:            17.000ns  (cam_pclk rise@17.000ns - cam_pclk rise@0.000ns)
  Data Path Delay:        7.389ns  (logic 1.862ns (25.198%)  route 5.527ns (74.802%))
  Logic Levels:           5  (CARRY4=2 LUT3=1 LUT6=2)
  Clock Path Skew:        -0.130ns (DCD - SCD + CPR)
    Destination Clock Delay (DCD):    5.133ns = ( 22.133 - 17.000 ) 
    Source Clock Delay      (SCD):    5.657ns
    Clock Pessimism Removal (CPR):    0.394ns
  Clock Uncertainty:      0.035ns  ((TSJ^2 + TIJ^2)^1/2 + DJ) / 2 + PE
    Total System Jitter     (TSJ):    0.071ns
    Total Input Jitter      (TIJ):    0.000ns
    Discrete Jitter          (DJ):    0.000ns
    Phase Error              (PE):    0.000ns

    Location             Delay type                Incr(ns)  Path(ns)    Netlist Resource(s)
  -------------------------------------------------------------------    -------------------
                         (clock cam_pclk rise edge)
                                                      0.000     0.000 r  
    W17                                               0.000     0.000 r  pclk (IN)
                         net (fo=0)                   0.000     0.000    pclk
    W17                  IBUF (Prop_ibuf_I_O)         1.484     1.484 r  pclk_IBUF_inst/O
                         net (fo=1, routed)           2.205     3.689    pclk_IBUF
    BUFGCTRL_X0Y0        BUFG (Prop_bufg_I_O)         0.101     3.790 r  pclk_IBUF_BUFG_inst/O
                         net (fo=464, routed)         1.867     5.657    g_chan[0].u_cdc/pclk_IBUF_BUFG
    SLICE_X106Y18        FDCE                                         r  g_chan[0].u_cdc/wbin_reg[10]/C
  -------------------------------------------------------------------    -------------------
    SLICE_X106Y18        FDCE (Prop_fdce_C_Q)         0.456     6.113 r  g_chan[0].u_cdc/wbin_reg[10]/Q
                         net (fo=34, routed)          0.896     7.009    g_chan[0].u_cdc/wbin_reg_n_0_[10]
    SLICE_X107Y18        CARRY4 (Prop_carry4_S[2]_O[3])
                                                      0.476     7.485 r  g_chan[0].u_cdc/wgray_reg[11]_i_1/O[3]
                         net (fo=3, routed)           1.019     8.505    g_chan[0].u_cdc/wnext[11]
    SLICE_X108Y17        LUT6 (Prop_lut6_I1_O)        0.306     8.811 r  g_chan[0].u_cdc/full_c_carry_i_1/O
                         net (fo=1, routed)           0.000     8.811    g_chan[0].u_cdc/full_c_carry_i_1_n_0
    SLICE_X108Y17        CARRY4 (Prop_carry4_S[3]_CO[3])
                                                      0.376     9.187 f  g_chan[0].u_cdc/full_c_carry/CO[3]
                         net (fo=3, routed)           0.767     9.953    u_cam/CO[0]
    SLICE_X106Y15        LUT3 (Prop_lut3_I2_O)        0.124    10.077 r  u_cam/mem_reg_0_63_0_2_i_5/O
                         net (fo=32, routed)          1.824    11.901    g_chan[0].u_cdc/mem_reg_1536_1599_3_5_0
    SLICE_X97Y13         LUT6 (Prop_lut6_I0_O)        0.124    12.025 r  g_chan[0].u_cdc/mem_reg_1920_1983_0_2_i_1/O
                         net (fo=12, routed)          1.021    13.047    g_chan[0].u_cdc/mem_reg_1920_1983_0_2/WE
    SLICE_X100Y5         RAMD64E                                      r  g_chan[0].u_cdc/mem_reg_1920_1983_0_2/RAMC/WE
  -------------------------------------------------------------------    -------------------

                         (clock cam_pclk rise edge)
                                                     17.000    17.000 r  
    W17                                               0.000    17.000 r  pclk (IN)
                         net (fo=0)                   0.000    17.000    pclk
    W17                  IBUF (Prop_ibuf_I_O)         1.414    18.414 r  pclk_IBUF_inst/O
                         net (fo=1, routed)           2.006    20.420    pclk_IBUF
    BUFGCTRL_X0Y0        BUFG (Prop_bufg_I_O)         0.091    20.511 r  pclk_IBUF_BUFG_inst/O
                         net (fo=464, routed)         1.622    22.133    g_chan[0].u_cdc/mem_reg_1920_1983_0_2/WCLK
    SLICE_X100Y5         RAMD64E                                      r  g_chan[0].u_cdc/mem_reg_1920_1983_0_2/RAMC/CLK
                         clock pessimism              0.394    22.527    
                         clock uncertainty           -0.035    22.492    
    SLICE_X100Y5         RAMD64E (Setup_ramd64e_CLK_WE)
                                                     -0.533    21.959    g_chan[0].u_cdc/mem_reg_1920_1983_0_2/RAMC
  -------------------------------------------------------------------
                         required time                         21.959    
                         arrival time                         -13.047    
  -------------------------------------------------------------------
                         slack                                  8.912    

Slack (MET) :             8.912ns  (required time - arrival time)
  Source:                 g_chan[0].u_cdc/wbin_reg[10]/C
                            (rising edge-triggered cell FDCE clocked by cam_pclk  {rise@0.000ns fall@8.500ns period=17.000ns})
  Destination:            g_chan[0].u_cdc/mem_reg_1920_1983_0_2/RAMD/WE
                            (rising edge-triggered cell RAMD64E clocked by cam_pclk  {rise@0.000ns fall@8.500ns period=17.000ns})
  Path Group:             cam_pclk
  Path Type:              Setup (Max at Slow Process Corner)
  Requirement:            17.000ns  (cam_pclk rise@17.000ns - cam_pclk rise@0.000ns)
  Data Path Delay:        7.389ns  (logic 1.862ns (25.198%)  route 5.527ns (74.802%))
  Logic Levels:           5  (CARRY4=2 LUT3=1 LUT6=2)
  Clock Path Skew:        -0.130ns (DCD - SCD + CPR)
    Destination Clock Delay (DCD):    5.133ns = ( 22.133 - 17.000 ) 
    Source Clock Delay      (SCD):    5.657ns
    Clock Pessimism Removal (CPR):    0.394ns
  Clock Uncertainty:      0.035ns  ((TSJ^2 + TIJ^2)^1/2 + DJ) / 2 + PE
    Total System Jitter     (TSJ):    0.071ns
    Total Input Jitter      (TIJ):    0.000ns
    Discrete Jitter          (DJ):    0.000ns
    Phase Error              (PE):    0.000ns

    Location             Delay type                Incr(ns)  Path(ns)    Netlist Resource(s)
  -------------------------------------------------------------------    -------------------
                         (clock cam_pclk rise edge)
                                                      0.000     0.000 r  
    W17                                               0.000     0.000 r  pclk (IN)
                         net (fo=0)                   0.000     0.000    pclk
    W17                  IBUF (Prop_ibuf_I_O)         1.484     1.484 r  pclk_IBUF_inst/O
                         net (fo=1, routed)           2.205     3.689    pclk_IBUF
    BUFGCTRL_X0Y0        BUFG (Prop_bufg_I_O)         0.101     3.790 r  pclk_IBUF_BUFG_inst/O
                         net (fo=464, routed)         1.867     5.657    g_chan[0].u_cdc/pclk_IBUF_BUFG
    SLICE_X106Y18        FDCE                                         r  g_chan[0].u_cdc/wbin_reg[10]/C
  -------------------------------------------------------------------    -------------------
    SLICE_X106Y18        FDCE (Prop_fdce_C_Q)         0.456     6.113 r  g_chan[0].u_cdc/wbin_reg[10]/Q
                         net (fo=34, routed)          0.896     7.009    g_chan[0].u_cdc/wbin_reg_n_0_[10]
    SLICE_X107Y18        CARRY4 (Prop_carry4_S[2]_O[3])
                                                      0.476     7.485 r  g_chan[0].u_cdc/wgray_reg[11]_i_1/O[3]
                         net (fo=3, routed)           1.019     8.505    g_chan[0].u_cdc/wnext[11]
    SLICE_X108Y17        LUT6 (Prop_lut6_I1_O)        0.306     8.811 r  g_chan[0].u_cdc/full_c_carry_i_1/O
                         net (fo=1, routed)           0.000     8.811    g_chan[0].u_cdc/full_c_carry_i_1_n_0
    SLICE_X108Y17        CARRY4 (Prop_carry4_S[3]_CO[3])
                                                      0.376     9.187 f  g_chan[0].u_cdc/full_c_carry/CO[3]
                         net (fo=3, routed)           0.767     9.953    u_cam/CO[0]
    SLICE_X106Y15        LUT3 (Prop_lut3_I2_O)        0.124    10.077 r  u_cam/mem_reg_0_63_0_2_i_5/O
                         net (fo=32, routed)          1.824    11.901    g_chan[0].u_cdc/mem_reg_1536_1599_3_5_0
    SLICE_X97Y13         LUT6 (Prop_lut6_I0_O)        0.124    12.025 r  g_chan[0].u_cdc/mem_reg_1920_1983_0_2_i_1/O
                         net (fo=12, routed)          1.021    13.047    g_chan[0].u_cdc/mem_reg_1920_1983_0_2/WE
    SLICE_X100Y5         RAMD64E                                      r  g_chan[0].u_cdc/mem_reg_1920_1983_0_2/RAMD/WE
  -------------------------------------------------------------------    -------------------

                         (clock cam_pclk rise edge)
                                                     17.000    17.000 r  
    W17                                               0.000    17.000 r  pclk (IN)
                         net (fo=0)                   0.000    17.000    pclk
    W17                  IBUF (Prop_ibuf_I_O)         1.414    18.414 r  pclk_IBUF_inst/O
                         net (fo=1, routed)           2.006    20.420    pclk_IBUF
    BUFGCTRL_X0Y0        BUFG (Prop_bufg_I_O)         0.091    20.511 r  pclk_IBUF_BUFG_inst/O
                         net (fo=464, routed)         1.622    22.133    g_chan[0].u_cdc/mem_reg_1920_1983_0_2/WCLK
    SLICE_X100Y5         RAMD64E                                      r  g_chan[0].u_cdc/mem_reg_1920_1983_0_2/RAMD/CLK
                         clock pessimism              0.394    22.527    
                         clock uncertainty           -0.035    22.492    
    SLICE_X100Y5         RAMD64E (Setup_ramd64e_CLK_WE)
                                                     -0.533    21.959    g_chan[0].u_cdc/mem_reg_1920_1983_0_2/RAMD
  -------------------------------------------------------------------
                         required time                         21.959    
                         arrival time                         -13.047    
  -------------------------------------------------------------------
                         slack                                  8.912    

Slack (MET) :             8.939ns  (required time - arrival time)
  Source:                 g_chan[0].u_cdc/wbin_reg[10]/C
                            (rising edge-triggered cell FDCE clocked by cam_pclk  {rise@0.000ns fall@8.500ns period=17.000ns})
  Destination:            g_chan[0].u_cdc/mem_reg_1344_1407_3_5/RAMA/WE
                            (rising edge-triggered cell RAMD64E clocked by cam_pclk  {rise@0.000ns fall@8.500ns period=17.000ns})
  Path Group:             cam_pclk
  Path Type:              Setup (Max at Slow Process Corner)
  Requirement:            17.000ns  (cam_pclk rise@17.000ns - cam_pclk rise@0.000ns)
  Data Path Delay:        7.353ns  (logic 1.862ns (25.325%)  route 5.491ns (74.675%))
  Logic Levels:           5  (CARRY4=2 LUT3=1 LUT6=2)
  Clock Path Skew:        -0.140ns (DCD - SCD + CPR)
    Destination Clock Delay (DCD):    5.123ns = ( 22.123 - 17.000 ) 
    Source Clock Delay      (SCD):    5.657ns
    Clock Pessimism Removal (CPR):    0.394ns
  Clock Uncertainty:      0.035ns  ((TSJ^2 + TIJ^2)^1/2 + DJ) / 2 + PE
    Total System Jitter     (TSJ):    0.071ns
    Total Input Jitter      (TIJ):    0.000ns
    Discrete Jitter          (DJ):    0.000ns
    Phase Error              (PE):    0.000ns

    Location             Delay type                Incr(ns)  Path(ns)    Netlist Resource(s)
  -------------------------------------------------------------------    -------------------
                         (clock cam_pclk rise edge)
                                                      0.000     0.000 r  
    W17                                               0.000     0.000 r  pclk (IN)
                         net (fo=0)                   0.000     0.000    pclk
    W17                  IBUF (Prop_ibuf_I_O)         1.484     1.484 r  pclk_IBUF_inst/O
                         net (fo=1, routed)           2.205     3.689    pclk_IBUF
    BUFGCTRL_X0Y0        BUFG (Prop_bufg_I_O)         0.101     3.790 r  pclk_IBUF_BUFG_inst/O
                         net (fo=464, routed)         1.867     5.657    g_chan[0].u_cdc/pclk_IBUF_BUFG
    SLICE_X106Y18        FDCE                                         r  g_chan[0].u_cdc/wbin_reg[10]/C
  -------------------------------------------------------------------    -------------------
    SLICE_X106Y18        FDCE (Prop_fdce_C_Q)         0.456     6.113 r  g_chan[0].u_cdc/wbin_reg[10]/Q
                         net (fo=34, routed)          0.896     7.009    g_chan[0].u_cdc/wbin_reg_n_0_[10]
    SLICE_X107Y18        CARRY4 (Prop_carry4_S[2]_O[3])
                                                      0.476     7.485 r  g_chan[0].u_cdc/wgray_reg[11]_i_1/O[3]
                         net (fo=3, routed)           1.019     8.505    g_chan[0].u_cdc/wnext[11]
    SLICE_X108Y17        LUT6 (Prop_lut6_I1_O)        0.306     8.811 r  g_chan[0].u_cdc/full_c_carry_i_1/O
                         net (fo=1, routed)           0.000     8.811    g_chan[0].u_cdc/full_c_carry_i_1_n_0
    SLICE_X108Y17        CARRY4 (Prop_carry4_S[3]_CO[3])
                                                      0.376     9.187 f  g_chan[0].u_cdc/full_c_carry/CO[3]
                         net (fo=3, routed)           0.767     9.953    u_cam/CO[0]
    SLICE_X106Y15        LUT3 (Prop_lut3_I2_O)        0.124    10.077 r  u_cam/mem_reg_0_63_0_2_i_5/O
                         net (fo=32, routed)          1.857    11.934    g_chan[0].u_cdc/mem_reg_1536_1599_3_5_0
    SLICE_X106Y11        LUT6 (Prop_lut6_I4_O)        0.124    12.058 r  g_chan[0].u_cdc/mem_reg_1344_1407_0_2_i_1/O
                         net (fo=12, routed)          0.952    13.010    g_chan[0].u_cdc/mem_reg_1344_1407_3_5/WE
    SLICE_X104Y19        RAMD64E                                      r  g_chan[0].u_cdc/mem_reg_1344_1407_3_5/RAMA/WE
  -------------------------------------------------------------------    -------------------

                         (clock cam_pclk rise edge)
                                                     17.000    17.000 r  
    W17                                               0.000    17.000 r  pclk (IN)
                         net (fo=0)                   0.000    17.000    pclk
    W17                  IBUF (Prop_ibuf_I_O)         1.414    18.414 r  pclk_IBUF_inst/O
                         net (fo=1, routed)           2.006    20.420    pclk_IBUF
    BUFGCTRL_X0Y0        BUFG (Prop_bufg_I_O)         0.091    20.511 r  pclk_IBUF_BUFG_inst/O
                         net (fo=464, routed)         1.612    22.123    g_chan[0].u_cdc/mem_reg_1344_1407_3_5/WCLK
    SLICE_X104Y19        RAMD64E                                      r  g_chan[0].u_cdc/mem_reg_1344_1407_3_5/RAMA/CLK
                         clock pessimism              0.394    22.517    
                         clock uncertainty           -0.035    22.482    
    SLICE_X104Y19        RAMD64E (Setup_ramd64e_CLK_WE)
                                                     -0.533    21.949    g_chan[0].u_cdc/mem_reg_1344_1407_3_5/RAMA
  -------------------------------------------------------------------
                         required time                         21.949    
                         arrival time                         -13.010    
  -------------------------------------------------------------------
                         slack                                  8.939    

Slack (MET) :             8.939ns  (required time - arrival time)
  Source:                 g_chan[0].u_cdc/wbin_reg[10]/C
                            (rising edge-triggered cell FDCE clocked by cam_pclk  {rise@0.000ns fall@8.500ns period=17.000ns})
  Destination:            g_chan[0].u_cdc/mem_reg_1344_1407_3_5/RAMB/WE
                            (rising edge-triggered cell RAMD64E clocked by cam_pclk  {rise@0.000ns fall@8.500ns period=17.000ns})
  Path Group:             cam_pclk
  Path Type:              Setup (Max at Slow Process Corner)
  Requirement:            17.000ns  (cam_pclk rise@17.000ns - cam_pclk rise@0.000ns)
  Data Path Delay:        7.353ns  (logic 1.862ns (25.325%)  route 5.491ns (74.675%))
  Logic Levels:           5  (CARRY4=2 LUT3=1 LUT6=2)
  Clock Path Skew:        -0.140ns (DCD - SCD + CPR)
    Destination Clock Delay (DCD):    5.123ns = ( 22.123 - 17.000 ) 
    Source Clock Delay      (SCD):    5.657ns
    Clock Pessimism Removal (CPR):    0.394ns
  Clock Uncertainty:      0.035ns  ((TSJ^2 + TIJ^2)^1/2 + DJ) / 2 + PE
    Total System Jitter     (TSJ):    0.071ns
    Total Input Jitter      (TIJ):    0.000ns
    Discrete Jitter          (DJ):    0.000ns
    Phase Error              (PE):    0.000ns

    Location             Delay type                Incr(ns)  Path(ns)    Netlist Resource(s)
  -------------------------------------------------------------------    -------------------
                         (clock cam_pclk rise edge)
                                                      0.000     0.000 r  
    W17                                               0.000     0.000 r  pclk (IN)
                         net (fo=0)                   0.000     0.000    pclk
    W17                  IBUF (Prop_ibuf_I_O)         1.484     1.484 r  pclk_IBUF_inst/O
                         net (fo=1, routed)           2.205     3.689    pclk_IBUF
    BUFGCTRL_X0Y0        BUFG (Prop_bufg_I_O)         0.101     3.790 r  pclk_IBUF_BUFG_inst/O
                         net (fo=464, routed)         1.867     5.657    g_chan[0].u_cdc/pclk_IBUF_BUFG
    SLICE_X106Y18        FDCE                                         r  g_chan[0].u_cdc/wbin_reg[10]/C
  -------------------------------------------------------------------    -------------------
    SLICE_X106Y18        FDCE (Prop_fdce_C_Q)         0.456     6.113 r  g_chan[0].u_cdc/wbin_reg[10]/Q
                         net (fo=34, routed)          0.896     7.009    g_chan[0].u_cdc/wbin_reg_n_0_[10]
    SLICE_X107Y18        CARRY4 (Prop_carry4_S[2]_O[3])
                                                      0.476     7.485 r  g_chan[0].u_cdc/wgray_reg[11]_i_1/O[3]
                         net (fo=3, routed)           1.019     8.505    g_chan[0].u_cdc/wnext[11]
    SLICE_X108Y17        LUT6 (Prop_lut6_I1_O)        0.306     8.811 r  g_chan[0].u_cdc/full_c_carry_i_1/O
                         net (fo=1, routed)           0.000     8.811    g_chan[0].u_cdc/full_c_carry_i_1_n_0
    SLICE_X108Y17        CARRY4 (Prop_carry4_S[3]_CO[3])
                                                      0.376     9.187 f  g_chan[0].u_cdc/full_c_carry/CO[3]
                         net (fo=3, routed)           0.767     9.953    u_cam/CO[0]
    SLICE_X106Y15        LUT3 (Prop_lut3_I2_O)        0.124    10.077 r  u_cam/mem_reg_0_63_0_2_i_5/O
                         net (fo=32, routed)          1.857    11.934    g_chan[0].u_cdc/mem_reg_1536_1599_3_5_0
    SLICE_X106Y11        LUT6 (Prop_lut6_I4_O)        0.124    12.058 r  g_chan[0].u_cdc/mem_reg_1344_1407_0_2_i_1/O
                         net (fo=12, routed)          0.952    13.010    g_chan[0].u_cdc/mem_reg_1344_1407_3_5/WE
    SLICE_X104Y19        RAMD64E                                      r  g_chan[0].u_cdc/mem_reg_1344_1407_3_5/RAMB/WE
  -------------------------------------------------------------------    -------------------

                         (clock cam_pclk rise edge)
                                                     17.000    17.000 r  
    W17                                               0.000    17.000 r  pclk (IN)
                         net (fo=0)                   0.000    17.000    pclk
    W17                  IBUF (Prop_ibuf_I_O)         1.414    18.414 r  pclk_IBUF_inst/O
                         net (fo=1, routed)           2.006    20.420    pclk_IBUF
    BUFGCTRL_X0Y0        BUFG (Prop_bufg_I_O)         0.091    20.511 r  pclk_IBUF_BUFG_inst/O
                         net (fo=464, routed)         1.612    22.123    g_chan[0].u_cdc/mem_reg_1344_1407_3_5/WCLK
    SLICE_X104Y19        RAMD64E                                      r  g_chan[0].u_cdc/mem_reg_1344_1407_3_5/RAMB/CLK
                         clock pessimism              0.394    22.517    
                         clock uncertainty           -0.035    22.482    
    SLICE_X104Y19        RAMD64E (Setup_ramd64e_CLK_WE)
                                                     -0.533    21.949    g_chan[0].u_cdc/mem_reg_1344_1407_3_5/RAMB
  -------------------------------------------------------------------
                         required time                         21.949    
                         arrival time                         -13.010    
  -------------------------------------------------------------------
                         slack                                  8.939    





Pulse Width Checks
--------------------------------------------------------------------------------------
Clock Name:         cam_pclk
Waveform(ns):       { 0.000 8.500 }
Period(ns):         17.000
Sources:            { pclk }

Check Type        Corner  Lib Pin      Reference Pin  Required(ns)  Actual(ns)  Slack(ns)  Location       Pin
Min Period        n/a     BUFG/I       n/a            2.155         17.000      14.845     BUFGCTRL_X0Y0  pclk_IBUF_BUFG_inst/I
Min Period        n/a     FDRE/C       n/a            1.474         17.000      15.526     ILOGIC_X1Y4    u_cam/d_i_reg[0]/C
Min Period        n/a     FDRE/C       n/a            1.474         17.000      15.526     ILOGIC_X1Y1    u_cam/d_i_reg[1]/C
Min Period        n/a     FDRE/C       n/a            1.474         17.000      15.526     ILOGIC_X1Y26   u_cam/d_i_reg[2]/C
Min Period        n/a     FDRE/C       n/a            1.474         17.000      15.526     ILOGIC_X1Y14   u_cam/d_i_reg[3]/C
Min Period        n/a     FDRE/C       n/a            1.474         17.000      15.526     ILOGIC_X1Y27   u_cam/d_i_reg[4]/C
Min Period        n/a     FDRE/C       n/a            1.474         17.000      15.526     ILOGIC_X1Y29   u_cam/d_i_reg[5]/C
Min Period        n/a     FDRE/C       n/a            1.474         17.000      15.526     ILOGIC_X1Y33   u_cam/d_i_reg[6]/C
Min Period        n/a     FDRE/C       n/a            1.474         17.000      15.526     ILOGIC_X1Y36   u_cam/d_i_reg[7]/C
Min Period        n/a     FDRE/C       n/a            1.474         17.000      15.526     ILOGIC_X1Y15   u_cam/hs_i_reg/C
Low Pulse Width   Slow    RAMD64E/CLK  n/a            1.250         8.500       7.250      SLICE_X98Y7    g_chan[0].u_cdc/mem_reg_0_63_0_2/RAMA/CLK
Low Pulse Width   Fast    RAMD64E/CLK  n/a            1.250         8.500       7.250      SLICE_X98Y7    g_chan[0].u_cdc/mem_reg_0_63_0_2/RAMA/CLK
Low Pulse Width   Slow    RAMD64E/CLK  n/a            1.250         8.500       7.250      SLICE_X98Y7    g_chan[0].u_cdc/mem_reg_0_63_0_2/RAMB/CLK
Low Pulse Width   Fast    RAMD64E/CLK  n/a            1.250         8.500       7.250      SLICE_X98Y7    g_chan[0].u_cdc/mem_reg_0_63_0_2/RAMB/CLK
Low Pulse Width   Slow    RAMD64E/CLK  n/a            1.250         8.500       7.250      SLICE_X98Y7    g_chan[0].u_cdc/mem_reg_0_63_0_2/RAMC/CLK
Low Pulse Width   Fast    RAMD64E/CLK  n/a            1.250         8.500       7.250      SLICE_X98Y7    g_chan[0].u_cdc/mem_reg_0_63_0_2/RAMC/CLK
Low Pulse Width   Slow    RAMD64E/CLK  n/a            1.250         8.500       7.250      SLICE_X98Y7    g_chan[0].u_cdc/mem_reg_0_63_0_2/RAMD/CLK
Low Pulse Width   Fast    RAMD64E/CLK  n/a            1.250         8.500       7.250      SLICE_X98Y7    g_chan[0].u_cdc/mem_reg_0_63_0_2/RAMD/CLK
Low Pulse Width   Slow    RAMD64E/CLK  n/a            1.250         8.500       7.250      SLICE_X94Y17   g_chan[0].u_cdc/mem_reg_0_63_3_5/RAMA/CLK
Low Pulse Width   Fast    RAMD64E/CLK  n/a            1.250         8.500       7.250      SLICE_X94Y17   g_chan[0].u_cdc/mem_reg_0_63_3_5/RAMA/CLK
High Pulse Width  Slow    RAMD64E/CLK  n/a            1.250         8.500       7.250      SLICE_X98Y7    g_chan[0].u_cdc/mem_reg_0_63_0_2/RAMA/CLK
High Pulse Width  Fast    RAMD64E/CLK  n/a            1.250         8.500       7.250      SLICE_X98Y7    g_chan[0].u_cdc/mem_reg_0_63_0_2/RAMA/CLK
High Pulse Width  Slow    RAMD64E/CLK  n/a            1.250         8.500       7.250      SLICE_X98Y7    g_chan[0].u_cdc/mem_reg_0_63_0_2/RAMB/CLK
High Pulse Width  Fast    RAMD64E/CLK  n/a            1.250         8.500       7.250      SLICE_X98Y7    g_chan[0].u_cdc/mem_reg_0_63_0_2/RAMB/CLK
High Pulse Width  Slow    RAMD64E/CLK  n/a            1.250         8.500       7.250      SLICE_X98Y7    g_chan[0].u_cdc/mem_reg_0_63_0_2/RAMC/CLK
High Pulse Width  Fast    RAMD64E/CLK  n/a            1.250         8.500       7.250      SLICE_X98Y7    g_chan[0].u_cdc/mem_reg_0_63_0_2/RAMC/CLK
High Pulse Width  Slow    RAMD64E/CLK  n/a            1.250         8.500       7.250      SLICE_X98Y7    g_chan[0].u_cdc/mem_reg_0_63_0_2/RAMD/CLK
High Pulse Width  Fast    RAMD64E/CLK  n/a            1.250         8.500       7.250      SLICE_X98Y7    g_chan[0].u_cdc/mem_reg_0_63_0_2/RAMD/CLK
High Pulse Width  Slow    RAMD64E/CLK  n/a            1.250         8.500       7.250      SLICE_X94Y17   g_chan[0].u_cdc/mem_reg_0_63_3_5/RAMA/CLK
High Pulse Width  Fast    RAMD64E/CLK  n/a            1.250         8.500       7.250      SLICE_X94Y17   g_chan[0].u_cdc/mem_reg_0_63_3_5/RAMA/CLK



---------------------------------------------------------------------------------------------------
From Clock:  sys_clk_50m
  To Clock:  sys_clk_50m

Setup :            0  Failing Endpoints,  Worst Slack       10.546ns,  Total Violation        0.000ns
Hold  :           NA  Failing Endpoints,  Worst Slack           NA  ,  Total Violation           NA
PW    :            0  Failing Endpoints,  Worst Slack        7.000ns,  Total Violation        0.000ns
---------------------------------------------------------------------------------------------------


Max Delay Paths
--------------------------------------------------------------------------------------
Slack (MET) :             10.546ns  (required time - arrival time)
  Source:                 u_cam/rom_idx_reg_rep[3]/C
                            (rising edge-triggered cell FDCE clocked by sys_clk_50m  {rise@0.000ns fall@10.000ns period=20.000ns})
  Destination:            u_cam/delay_cnt_reg[0]/D
                            (rising edge-triggered cell FDCE clocked by sys_clk_50m  {rise@0.000ns fall@10.000ns period=20.000ns})
  Path Group:             sys_clk_50m
  Path Type:              Setup (Max at Slow Process Corner)
  Requirement:            20.000ns  (sys_clk_50m rise@20.000ns - sys_clk_50m rise@0.000ns)
  Data Path Delay:        9.434ns  (logic 5.173ns (54.836%)  route 4.261ns (45.164%))
  Logic Levels:           5  (DSP48E1=1 LUT4=1 LUT6=1 MUXF7=1 MUXF8=1)
  Clock Path Skew:        -0.062ns (DCD - SCD + CPR)
    Destination Clock Delay (DCD):    5.089ns = ( 25.089 - 20.000 ) 
    Source Clock Delay      (SCD):    5.544ns
    Clock Pessimism Removal (CPR):    0.394ns
  Clock Uncertainty:      0.035ns  ((TSJ^2 + TIJ^2)^1/2 + DJ) / 2 + PE
    Total System Jitter     (TSJ):    0.071ns
    Total Input Jitter      (TIJ):    0.000ns
    Discrete Jitter          (DJ):    0.000ns
    Phase Error              (PE):    0.000ns

    Location             Delay type                Incr(ns)  Path(ns)    Netlist Resource(s)
  -------------------------------------------------------------------    -------------------
                         (clock sys_clk_50m rise edge)
                                                      0.000     0.000 r  
    M19                                               0.000     0.000 r  sys_clk (IN)
                         net (fo=0)                   0.000     0.000    sys_clk
    M19                  IBUF (Prop_ibuf_I_O)         1.436     1.436 r  sys_clk_IBUF_inst/O
                         net (fo=1, routed)           2.205     3.641    sys_clk_IBUF
    BUFGCTRL_X0Y16       BUFG (Prop_bufg_I_O)         0.101     3.742 r  sys_clk_IBUF_BUFG_inst/O
                         net (fo=173, routed)         1.802     5.544    u_cam/sys_clk_IBUF_BUFG
    SLICE_X101Y4         FDCE                                         r  u_cam/rom_idx_reg_rep[3]/C
  -------------------------------------------------------------------    -------------------
    SLICE_X101Y4         FDCE (Prop_fdce_C_Q)         0.419     5.963 r  u_cam/rom_idx_reg_rep[3]/Q
                         net (fo=81, routed)          2.333     8.297    u_cam/idx[3]
    SLICE_X102Y0         LUT6 (Prop_lut6_I3_O)        0.297     8.594 r  u_cam/sccb_wdata[0]_i_6/O
                         net (fo=1, routed)           0.000     8.594    u_cam/sccb_wdata[0]_i_6_n_0
    SLICE_X102Y0         MUXF7 (Prop_muxf7_I0_O)      0.209     8.803 r  u_cam/sccb_wdata_reg[0]_i_3/O
                         net (fo=1, routed)           0.000     8.803    u_cam/sccb_wdata_reg[0]_i_3_n_0
    SLICE_X102Y0         MUXF8 (Prop_muxf8_I1_O)      0.088     8.891 r  u_cam/sccb_wdata_reg[0]_i_1/O
                         net (fo=2, routed)           0.752     9.643    u_cam/sccb_wdata_reg[0]_i_1_n_0
    DSP48_X3Y0           DSP48E1 (Prop_dsp48e1_A[0]_P[0])
                                                      4.036    13.679 r  u_cam/delay_cnt0/P[0]
                         net (fo=1, routed)           1.175    14.854    u_cam/delay_cnt0_n_105
    SLICE_X96Y1          LUT4 (Prop_lut4_I1_O)        0.124    14.978 r  u_cam/delay_cnt[0]_i_1/O
                         net (fo=1, routed)           0.000    14.978    u_cam/delay_cnt[0]_i_1_n_0
    SLICE_X96Y1          FDCE                                         r  u_cam/delay_cnt_reg[0]/D
  -------------------------------------------------------------------    -------------------

                         (clock sys_clk_50m rise edge)
                                                     20.000    20.000 r  
    M19                                               0.000    20.000 r  sys_clk (IN)
                         net (fo=0)                   0.000    20.000    sys_clk
    M19                  IBUF (Prop_ibuf_I_O)         1.366    21.366 r  sys_clk_IBUF_inst/O
                         net (fo=1, routed)           2.006    23.372    sys_clk_IBUF
    BUFGCTRL_X0Y16       BUFG (Prop_bufg_I_O)         0.091    23.463 r  sys_clk_IBUF_BUFG_inst/O
                         net (fo=173, routed)         1.625    25.089    u_cam/sys_clk_IBUF_BUFG
    SLICE_X96Y1          FDCE                                         r  u_cam/delay_cnt_reg[0]/C
                         clock pessimism              0.394    25.482    
                         clock uncertainty           -0.035    25.447    
    SLICE_X96Y1          FDCE (Setup_fdce_C_D)        0.077    25.524    u_cam/delay_cnt_reg[0]
  -------------------------------------------------------------------
                         required time                         25.524    
                         arrival time                         -14.978    
  -------------------------------------------------------------------
                         slack                                 10.546    

Slack (MET) :             10.559ns  (required time - arrival time)
  Source:                 u_cam/rom_idx_reg_rep[3]/C
                            (rising edge-triggered cell FDCE clocked by sys_clk_50m  {rise@0.000ns fall@10.000ns period=20.000ns})
  Destination:            u_cam/delay_cnt_reg[20]/D
                            (rising edge-triggered cell FDCE clocked by sys_clk_50m  {rise@0.000ns fall@10.000ns period=20.000ns})
  Path Group:             sys_clk_50m
  Path Type:              Setup (Max at Slow Process Corner)
  Requirement:            20.000ns  (sys_clk_50m rise@20.000ns - sys_clk_50m rise@0.000ns)
  Data Path Delay:        9.423ns  (logic 5.173ns (54.899%)  route 4.250ns (45.101%))
  Logic Levels:           5  (DSP48E1=1 LUT4=1 LUT6=1 MUXF7=1 MUXF8=1)
  Clock Path Skew:        -0.062ns (DCD - SCD + CPR)
    Destination Clock Delay (DCD):    5.089ns = ( 25.089 - 20.000 ) 
    Source Clock Delay      (SCD):    5.544ns
    Clock Pessimism Removal (CPR):    0.394ns
  Clock Uncertainty:      0.035ns  ((TSJ^2 + TIJ^2)^1/2 + DJ) / 2 + PE
    Total System Jitter     (TSJ):    0.071ns
    Total Input Jitter      (TIJ):    0.000ns
    Discrete Jitter          (DJ):    0.000ns
    Phase Error              (PE):    0.000ns

    Location             Delay type                Incr(ns)  Path(ns)    Netlist Resource(s)
  -------------------------------------------------------------------    -------------------
                         (clock sys_clk_50m rise edge)
                                                      0.000     0.000 r  
    M19                                               0.000     0.000 r  sys_clk (IN)
                         net (fo=0)                   0.000     0.000    sys_clk
    M19                  IBUF (Prop_ibuf_I_O)         1.436     1.436 r  sys_clk_IBUF_inst/O
                         net (fo=1, routed)           2.205     3.641    sys_clk_IBUF
    BUFGCTRL_X0Y16       BUFG (Prop_bufg_I_O)         0.101     3.742 r  sys_clk_IBUF_BUFG_inst/O
                         net (fo=173, routed)         1.802     5.544    u_cam/sys_clk_IBUF_BUFG
    SLICE_X101Y4         FDCE                                         r  u_cam/rom_idx_reg_rep[3]/C
  -------------------------------------------------------------------    -------------------
    SLICE_X101Y4         FDCE (Prop_fdce_C_Q)         0.419     5.963 r  u_cam/rom_idx_reg_rep[3]/Q
                         net (fo=81, routed)          2.333     8.297    u_cam/idx[3]
    SLICE_X102Y0         LUT6 (Prop_lut6_I3_O)        0.297     8.594 r  u_cam/sccb_wdata[0]_i_6/O
                         net (fo=1, routed)           0.000     8.594    u_cam/sccb_wdata[0]_i_6_n_0
    SLICE_X102Y0         MUXF7 (Prop_muxf7_I0_O)      0.209     8.803 r  u_cam/sccb_wdata_reg[0]_i_3/O
                         net (fo=1, routed)           0.000     8.803    u_cam/sccb_wdata_reg[0]_i_3_n_0
    SLICE_X102Y0         MUXF8 (Prop_muxf8_I1_O)      0.088     8.891 r  u_cam/sccb_wdata_reg[0]_i_1/O
                         net (fo=2, routed)           0.752     9.643    u_cam/sccb_wdata_reg[0]_i_1_n_0
    DSP48_X3Y0           DSP48E1 (Prop_dsp48e1_A[0]_P[20])
                                                      4.036    13.679 r  u_cam/delay_cnt0/P[20]
                         net (fo=1, routed)           1.164    14.843    u_cam/delay_cnt0_n_85
    SLICE_X94Y2          LUT4 (Prop_lut4_I1_O)        0.124    14.967 r  u_cam/delay_cnt[20]_i_1/O
                         net (fo=1, routed)           0.000    14.967    u_cam/delay_cnt[20]_i_1_n_0
    SLICE_X94Y2          FDCE                                         r  u_cam/delay_cnt_reg[20]/D
  -------------------------------------------------------------------    -------------------

                         (clock sys_clk_50m rise edge)
                                                     20.000    20.000 r  
    M19                                               0.000    20.000 r  sys_clk (IN)
                         net (fo=0)                   0.000    20.000    sys_clk
    M19                  IBUF (Prop_ibuf_I_O)         1.366    21.366 r  sys_clk_IBUF_inst/O
                         net (fo=1, routed)           2.006    23.372    sys_clk_IBUF
    BUFGCTRL_X0Y16       BUFG (Prop_bufg_I_O)         0.091    23.463 r  sys_clk_IBUF_BUFG_inst/O
                         net (fo=173, routed)         1.625    25.089    u_cam/sys_clk_IBUF_BUFG
    SLICE_X94Y2          FDCE                                         r  u_cam/delay_cnt_reg[20]/C
                         clock pessimism              0.394    25.482    
                         clock uncertainty           -0.035    25.447    
    SLICE_X94Y2          FDCE (Setup_fdce_C_D)        0.079    25.526    u_cam/delay_cnt_reg[20]
  -------------------------------------------------------------------
                         required time                         25.526    
                         arrival time                         -14.967    
  -------------------------------------------------------------------
                         slack                                 10.559    

Slack (MET) :             10.569ns  (required time - arrival time)
  Source:                 u_cam/rom_idx_reg_rep[3]/C
                            (rising edge-triggered cell FDCE clocked by sys_clk_50m  {rise@0.000ns fall@10.000ns period=20.000ns})
  Destination:            u_cam/delay_cnt_reg[16]/D
                            (rising edge-triggered cell FDPE clocked by sys_clk_50m  {rise@0.000ns fall@10.000ns period=20.000ns})
  Path Group:             sys_clk_50m
  Path Type:              Setup (Max at Slow Process Corner)
  Requirement:            20.000ns  (sys_clk_50m rise@20.000ns - sys_clk_50m rise@0.000ns)
  Data Path Delay:        9.412ns  (logic 5.173ns (54.964%)  route 4.239ns (45.036%))
  Logic Levels:           5  (DSP48E1=1 LUT4=1 LUT6=1 MUXF7=1 MUXF8=1)
  Clock Path Skew:        -0.063ns (DCD - SCD + CPR)
    Destination Clock Delay (DCD):    5.088ns = ( 25.088 - 20.000 ) 
    Source Clock Delay      (SCD):    5.544ns
    Clock Pessimism Removal (CPR):    0.394ns
  Clock Uncertainty:      0.035ns  ((TSJ^2 + TIJ^2)^1/2 + DJ) / 2 + PE
    Total System Jitter     (TSJ):    0.071ns
    Total Input Jitter      (TIJ):    0.000ns
    Discrete Jitter          (DJ):    0.000ns
    Phase Error              (PE):    0.000ns

    Location             Delay type                Incr(ns)  Path(ns)    Netlist Resource(s)
  -------------------------------------------------------------------    -------------------
                         (clock sys_clk_50m rise edge)
                                                      0.000     0.000 r  
    M19                                               0.000     0.000 r  sys_clk (IN)
                         net (fo=0)                   0.000     0.000    sys_clk
    M19                  IBUF (Prop_ibuf_I_O)         1.436     1.436 r  sys_clk_IBUF_inst/O
                         net (fo=1, routed)           2.205     3.641    sys_clk_IBUF
    BUFGCTRL_X0Y16       BUFG (Prop_bufg_I_O)         0.101     3.742 r  sys_clk_IBUF_BUFG_inst/O
                         net (fo=173, routed)         1.802     5.544    u_cam/sys_clk_IBUF_BUFG
    SLICE_X101Y4         FDCE                                         r  u_cam/rom_idx_reg_rep[3]/C
  -------------------------------------------------------------------    -------------------
    SLICE_X101Y4         FDCE (Prop_fdce_C_Q)         0.419     5.963 r  u_cam/rom_idx_reg_rep[3]/Q
                         net (fo=81, routed)          2.333     8.297    u_cam/idx[3]
    SLICE_X102Y0         LUT6 (Prop_lut6_I3_O)        0.297     8.594 r  u_cam/sccb_wdata[0]_i_6/O
                         net (fo=1, routed)           0.000     8.594    u_cam/sccb_wdata[0]_i_6_n_0
    SLICE_X102Y0         MUXF7 (Prop_muxf7_I0_O)      0.209     8.803 r  u_cam/sccb_wdata_reg[0]_i_3/O
                         net (fo=1, routed)           0.000     8.803    u_cam/sccb_wdata_reg[0]_i_3_n_0
    SLICE_X102Y0         MUXF8 (Prop_muxf8_I1_O)      0.088     8.891 r  u_cam/sccb_wdata_reg[0]_i_1/O
                         net (fo=2, routed)           0.752     9.643    u_cam/sccb_wdata_reg[0]_i_1_n_0
    DSP48_X3Y0           DSP48E1 (Prop_dsp48e1_A[0]_P[16])
                                                      4.036    13.679 r  u_cam/delay_cnt0/P[16]
                         net (fo=1, routed)           1.153    14.832    u_cam/delay_cnt0_n_89
    SLICE_X96Y3          LUT4 (Prop_lut4_I1_O)        0.124    14.956 r  u_cam/delay_cnt[16]_i_1/O
                         net (fo=1, routed)           0.000    14.956    u_cam/delay_cnt[16]_i_1_n_0
    SLICE_X96Y3          FDPE                                         r  u_cam/delay_cnt_reg[16]/D
  -------------------------------------------------------------------    -------------------

                         (clock sys_clk_50m rise edge)
                                                     20.000    20.000 r  
    M19                                               0.000    20.000 r  sys_clk (IN)
                         net (fo=0)                   0.000    20.000    sys_clk
    M19                  IBUF (Prop_ibuf_I_O)         1.366    21.366 r  sys_clk_IBUF_inst/O
                         net (fo=1, routed)           2.006    23.372    sys_clk_IBUF
    BUFGCTRL_X0Y16       BUFG (Prop_bufg_I_O)         0.091    23.463 r  sys_clk_IBUF_BUFG_inst/O
                         net (fo=173, routed)         1.624    25.088    u_cam/sys_clk_IBUF_BUFG
    SLICE_X96Y3          FDPE                                         r  u_cam/delay_cnt_reg[16]/C
                         clock pessimism              0.394    25.481    
                         clock uncertainty           -0.035    25.446    
    SLICE_X96Y3          FDPE (Setup_fdpe_C_D)        0.079    25.525    u_cam/delay_cnt_reg[16]
  -------------------------------------------------------------------
                         required time                         25.525    
                         arrival time                         -14.956    
  -------------------------------------------------------------------
                         slack                                 10.569    

Slack (MET) :             10.570ns  (required time - arrival time)
  Source:                 u_cam/rom_idx_reg_rep[3]/C
                            (rising edge-triggered cell FDCE clocked by sys_clk_50m  {rise@0.000ns fall@10.000ns period=20.000ns})
  Destination:            u_cam/delay_cnt_reg[4]/D
                            (rising edge-triggered cell FDCE clocked by sys_clk_50m  {rise@0.000ns fall@10.000ns period=20.000ns})
  Path Group:             sys_clk_50m
  Path Type:              Setup (Max at Slow Process Corner)
  Requirement:            20.000ns  (sys_clk_50m rise@20.000ns - sys_clk_50m rise@0.000ns)
  Data Path Delay:        9.412ns  (logic 5.173ns (54.964%)  route 4.239ns (45.036%))
  Logic Levels:           5  (DSP48E1=1 LUT4=1 LUT6=1 MUXF7=1 MUXF8=1)
  Clock Path Skew:        -0.062ns (DCD - SCD + CPR)
    Destination Clock Delay (DCD):    5.089ns = ( 25.089 - 20.000 ) 
    Source Clock Delay      (SCD):    5.544ns
    Clock Pessimism Removal (CPR):    0.394ns
  Clock Uncertainty:      0.035ns  ((TSJ^2 + TIJ^2)^1/2 + DJ) / 2 + PE
    Total System Jitter     (TSJ):    0.071ns
    Total Input Jitter      (TIJ):    0.000ns
    Discrete Jitter          (DJ):    0.000ns
    Phase Error              (PE):    0.000ns

    Location             Delay type                Incr(ns)  Path(ns)    Netlist Resource(s)
  -------------------------------------------------------------------    -------------------
                         (clock sys_clk_50m rise edge)
                                                      0.000     0.000 r  
    M19                                               0.000     0.000 r  sys_clk (IN)
                         net (fo=0)                   0.000     0.000    sys_clk
    M19                  IBUF (Prop_ibuf_I_O)         1.436     1.436 r  sys_clk_IBUF_inst/O
                         net (fo=1, routed)           2.205     3.641    sys_clk_IBUF
    BUFGCTRL_X0Y16       BUFG (Prop_bufg_I_O)         0.101     3.742 r  sys_clk_IBUF_BUFG_inst/O
                         net (fo=173, routed)         1.802     5.544    u_cam/sys_clk_IBUF_BUFG
    SLICE_X101Y4         FDCE                                         r  u_cam/rom_idx_reg_rep[3]/C
  -------------------------------------------------------------------    -------------------
    SLICE_X101Y4         FDCE (Prop_fdce_C_Q)         0.419     5.963 r  u_cam/rom_idx_reg_rep[3]/Q
                         net (fo=81, routed)          2.333     8.297    u_cam/idx[3]
    SLICE_X102Y0         LUT6 (Prop_lut6_I3_O)        0.297     8.594 r  u_cam/sccb_wdata[0]_i_6/O
                         net (fo=1, routed)           0.000     8.594    u_cam/sccb_wdata[0]_i_6_n_0
    SLICE_X102Y0         MUXF7 (Prop_muxf7_I0_O)      0.209     8.803 r  u_cam/sccb_wdata_reg[0]_i_3/O
                         net (fo=1, routed)           0.000     8.803    u_cam/sccb_wdata_reg[0]_i_3_n_0
    SLICE_X102Y0         MUXF8 (Prop_muxf8_I1_O)      0.088     8.891 r  u_cam/sccb_wdata_reg[0]_i_1/O
                         net (fo=2, routed)           0.752     9.643    u_cam/sccb_wdata_reg[0]_i_1_n_0
    DSP48_X3Y0           DSP48E1 (Prop_dsp48e1_A[0]_P[4])
                                                      4.036    13.679 r  u_cam/delay_cnt0/P[4]
                         net (fo=1, routed)           1.153    14.832    u_cam/delay_cnt0_n_101
    SLICE_X96Y0          LUT4 (Prop_lut4_I1_O)        0.124    14.956 r  u_cam/delay_cnt[4]_i_1/O
                         net (fo=1, routed)           0.000    14.956    u_cam/delay_cnt[4]_i_1_n_0
    SLICE_X96Y0          FDCE                                         r  u_cam/delay_cnt_reg[4]/D
  -------------------------------------------------------------------    -------------------

                         (clock sys_clk_50m rise edge)
                                                     20.000    20.000 r  
    M19                                               0.000    20.000 r  sys_clk (IN)
                         net (fo=0)                   0.000    20.000    sys_clk
    M19                  IBUF (Prop_ibuf_I_O)         1.366    21.366 r  sys_clk_IBUF_inst/O
                         net (fo=1, routed)           2.006    23.372    sys_clk_IBUF
    BUFGCTRL_X0Y16       BUFG (Prop_bufg_I_O)         0.091    23.463 r  sys_clk_IBUF_BUFG_inst/O
                         net (fo=173, routed)         1.625    25.089    u_cam/sys_clk_IBUF_BUFG
    SLICE_X96Y0          FDCE                                         r  u_cam/delay_cnt_reg[4]/C
                         clock pessimism              0.394    25.482    
                         clock uncertainty           -0.035    25.447    
    SLICE_X96Y0          FDCE (Setup_fdce_C_D)        0.079    25.526    u_cam/delay_cnt_reg[4]
  -------------------------------------------------------------------
                         required time                         25.526    
                         arrival time                         -14.956    
  -------------------------------------------------------------------
                         slack                                 10.570    

Slack (MET) :             10.588ns  (required time - arrival time)
  Source:                 u_cam/rom_idx_reg_rep[3]/C
                            (rising edge-triggered cell FDCE clocked by sys_clk_50m  {rise@0.000ns fall@10.000ns period=20.000ns})
  Destination:            u_cam/delay_cnt_reg[3]/D
                            (rising edge-triggered cell FDCE clocked by sys_clk_50m  {rise@0.000ns fall@10.000ns period=20.000ns})
  Path Group:             sys_clk_50m
  Path Type:              Setup (Max at Slow Process Corner)
  Requirement:            20.000ns  (sys_clk_50m rise@20.000ns - sys_clk_50m rise@0.000ns)
  Data Path Delay:        9.396ns  (logic 5.173ns (55.057%)  route 4.223ns (44.943%))
  Logic Levels:           5  (DSP48E1=1 LUT4=1 LUT6=1 MUXF7=1 MUXF8=1)
  Clock Path Skew:        -0.062ns (DCD - SCD + CPR)
    Destination Clock Delay (DCD):    5.089ns = ( 25.089 - 20.000 ) 
    Source Clock Delay      (SCD):    5.544ns
    Clock Pessimism Removal (CPR):    0.394ns
  Clock Uncertainty:      0.035ns  ((TSJ^2 + TIJ^2)^1/2 + DJ) / 2 + PE
    Total System Jitter     (TSJ):    0.071ns
    Total Input Jitter      (TIJ):    0.000ns
    Discrete Jitter          (DJ):    0.000ns
    Phase Error              (PE):    0.000ns

    Location             Delay type                Incr(ns)  Path(ns)    Netlist Resource(s)
  -------------------------------------------------------------------    -------------------
                         (clock sys_clk_50m rise edge)
                                                      0.000     0.000 r  
    M19                                               0.000     0.000 r  sys_clk (IN)
                         net (fo=0)                   0.000     0.000    sys_clk
    M19                  IBUF (Prop_ibuf_I_O)         1.436     1.436 r  sys_clk_IBUF_inst/O
                         net (fo=1, routed)           2.205     3.641    sys_clk_IBUF
    BUFGCTRL_X0Y16       BUFG (Prop_bufg_I_O)         0.101     3.742 r  sys_clk_IBUF_BUFG_inst/O
                         net (fo=173, routed)         1.802     5.544    u_cam/sys_clk_IBUF_BUFG
    SLICE_X101Y4         FDCE                                         r  u_cam/rom_idx_reg_rep[3]/C
  -------------------------------------------------------------------    -------------------
    SLICE_X101Y4         FDCE (Prop_fdce_C_Q)         0.419     5.963 r  u_cam/rom_idx_reg_rep[3]/Q
                         net (fo=81, routed)          2.333     8.297    u_cam/idx[3]
    SLICE_X102Y0         LUT6 (Prop_lut6_I3_O)        0.297     8.594 r  u_cam/sccb_wdata[0]_i_6/O
                         net (fo=1, routed)           0.000     8.594    u_cam/sccb_wdata[0]_i_6_n_0
    SLICE_X102Y0         MUXF7 (Prop_muxf7_I0_O)      0.209     8.803 r  u_cam/sccb_wdata_reg[0]_i_3/O
                         net (fo=1, routed)           0.000     8.803    u_cam/sccb_wdata_reg[0]_i_3_n_0
    SLICE_X102Y0         MUXF8 (Prop_muxf8_I1_O)      0.088     8.891 r  u_cam/sccb_wdata_reg[0]_i_1/O
                         net (fo=2, routed)           0.752     9.643    u_cam/sccb_wdata_reg[0]_i_1_n_0
    DSP48_X3Y0           DSP48E1 (Prop_dsp48e1_A[0]_P[3])
                                                      4.036    13.679 r  u_cam/delay_cnt0/P[3]
                         net (fo=1, routed)           1.137    14.816    u_cam/delay_cnt0_n_102
    SLICE_X96Y0          LUT4 (Prop_lut4_I1_O)        0.124    14.940 r  u_cam/delay_cnt[3]_i_1/O
                         net (fo=1, routed)           0.000    14.940    u_cam/delay_cnt[3]_i_1_n_0
    SLICE_X96Y0          FDCE                                         r  u_cam/delay_cnt_reg[3]/D
  -------------------------------------------------------------------    -------------------

                         (clock sys_clk_50m rise edge)
                                                     20.000    20.000 r  
    M19                                               0.000    20.000 r  sys_clk (IN)
                         net (fo=0)                   0.000    20.000    sys_clk
    M19                  IBUF (Prop_ibuf_I_O)         1.366    21.366 r  sys_clk_IBUF_inst/O
                         net (fo=1, routed)           2.006    23.372    sys_clk_IBUF
    BUFGCTRL_X0Y16       BUFG (Prop_bufg_I_O)         0.091    23.463 r  sys_clk_IBUF_BUFG_inst/O
                         net (fo=173, routed)         1.625    25.089    u_cam/sys_clk_IBUF_BUFG
    SLICE_X96Y0          FDCE                                         r  u_cam/delay_cnt_reg[3]/C
                         clock pessimism              0.394    25.482    
                         clock uncertainty           -0.035    25.447    
    SLICE_X96Y0          FDCE (Setup_fdce_C_D)        0.081    25.528    u_cam/delay_cnt_reg[3]
  -------------------------------------------------------------------
                         required time                         25.528    
                         arrival time                         -14.940    
  -------------------------------------------------------------------
                         slack                                 10.588    

Slack (MET) :             10.658ns  (required time - arrival time)
  Source:                 u_cam/rom_idx_reg_rep[3]/C
                            (rising edge-triggered cell FDCE clocked by sys_clk_50m  {rise@0.000ns fall@10.000ns period=20.000ns})
  Destination:            u_cam/delay_cnt_reg[9]/D
                            (rising edge-triggered cell FDCE clocked by sys_clk_50m  {rise@0.000ns fall@10.000ns period=20.000ns})
  Path Group:             sys_clk_50m
  Path Type:              Setup (Max at Slow Process Corner)
  Requirement:            20.000ns  (sys_clk_50m rise@20.000ns - sys_clk_50m rise@0.000ns)
  Data Path Delay:        9.276ns  (logic 5.173ns (55.769%)  route 4.103ns (44.231%))
  Logic Levels:           5  (DSP48E1=1 LUT4=1 LUT6=1 MUXF7=1 MUXF8=1)
  Clock Path Skew:        -0.062ns (DCD - SCD + CPR)
    Destination Clock Delay (DCD):    5.089ns = ( 25.089 - 20.000 ) 
    Source Clock Delay      (SCD):    5.544ns
    Clock Pessimism Removal (CPR):    0.394ns
  Clock Uncertainty:      0.035ns  ((TSJ^2 + TIJ^2)^1/2 + DJ) / 2 + PE
    Total System Jitter     (TSJ):    0.071ns
    Total Input Jitter      (TIJ):    0.000ns
    Discrete Jitter          (DJ):    0.000ns
    Phase Error              (PE):    0.000ns

    Location             Delay type                Incr(ns)  Path(ns)    Netlist Resource(s)
  -------------------------------------------------------------------    -------------------
                         (clock sys_clk_50m rise edge)
                                                      0.000     0.000 r  
    M19                                               0.000     0.000 r  sys_clk (IN)
                         net (fo=0)                   0.000     0.000    sys_clk
    M19                  IBUF (Prop_ibuf_I_O)         1.436     1.436 r  sys_clk_IBUF_inst/O
                         net (fo=1, routed)           2.205     3.641    sys_clk_IBUF
    BUFGCTRL_X0Y16       BUFG (Prop_bufg_I_O)         0.101     3.742 r  sys_clk_IBUF_BUFG_inst/O
                         net (fo=173, routed)         1.802     5.544    u_cam/sys_clk_IBUF_BUFG
    SLICE_X101Y4         FDCE                                         r  u_cam/rom_idx_reg_rep[3]/C
  -------------------------------------------------------------------    -------------------
    SLICE_X101Y4         FDCE (Prop_fdce_C_Q)         0.419     5.963 r  u_cam/rom_idx_reg_rep[3]/Q
                         net (fo=81, routed)          2.333     8.297    u_cam/idx[3]
    SLICE_X102Y0         LUT6 (Prop_lut6_I3_O)        0.297     8.594 r  u_cam/sccb_wdata[0]_i_6/O
                         net (fo=1, routed)           0.000     8.594    u_cam/sccb_wdata[0]_i_6_n_0
    SLICE_X102Y0         MUXF7 (Prop_muxf7_I0_O)      0.209     8.803 r  u_cam/sccb_wdata_reg[0]_i_3/O
                         net (fo=1, routed)           0.000     8.803    u_cam/sccb_wdata_reg[0]_i_3_n_0
    SLICE_X102Y0         MUXF8 (Prop_muxf8_I1_O)      0.088     8.891 r  u_cam/sccb_wdata_reg[0]_i_1/O
                         net (fo=2, routed)           0.752     9.643    u_cam/sccb_wdata_reg[0]_i_1_n_0
    DSP48_X3Y0           DSP48E1 (Prop_dsp48e1_A[0]_P[9])
                                                      4.036    13.679 r  u_cam/delay_cnt0/P[9]
                         net (fo=1, routed)           1.017    14.696    u_cam/delay_cnt0_n_96
    SLICE_X95Y2          LUT4 (Prop_lut4_I1_O)        0.124    14.820 r  u_cam/delay_cnt[9]_i_1/O
                         net (fo=1, routed)           0.000    14.820    u_cam/delay_cnt[9]_i_1_n_0
    SLICE_X95Y2          FDCE                                         r  u_cam/delay_cnt_reg[9]/D
  -------------------------------------------------------------------    -------------------

                         (clock sys_clk_50m rise edge)
                                                     20.000    20.000 r  
    M19                                               0.000    20.000 r  sys_clk (IN)
                         net (fo=0)                   0.000    20.000    sys_clk
    M19                  IBUF (Prop_ibuf_I_O)         1.366    21.366 r  sys_clk_IBUF_inst/O
                         net (fo=1, routed)           2.006    23.372    sys_clk_IBUF
    BUFGCTRL_X0Y16       BUFG (Prop_bufg_I_O)         0.091    23.463 r  sys_clk_IBUF_BUFG_inst/O
                         net (fo=173, routed)         1.625    25.089    u_cam/sys_clk_IBUF_BUFG
    SLICE_X95Y2          FDCE                                         r  u_cam/delay_cnt_reg[9]/C
                         clock pessimism              0.394    25.482    
                         clock uncertainty           -0.035    25.447    
    SLICE_X95Y2          FDCE (Setup_fdce_C_D)        0.031    25.478    u_cam/delay_cnt_reg[9]
  -------------------------------------------------------------------
                         required time                         25.478    
                         arrival time                         -14.820    
  -------------------------------------------------------------------
                         slack                                 10.658    

Slack (MET) :             10.666ns  (required time - arrival time)
  Source:                 u_cam/rom_idx_reg_rep[3]/C
                            (rising edge-triggered cell FDCE clocked by sys_clk_50m  {rise@0.000ns fall@10.000ns period=20.000ns})
  Destination:            u_cam/delay_cnt_reg[19]/D
                            (rising edge-triggered cell FDCE clocked by sys_clk_50m  {rise@0.000ns fall@10.000ns period=20.000ns})
  Path Group:             sys_clk_50m
  Path Type:              Setup (Max at Slow Process Corner)
  Requirement:            20.000ns  (sys_clk_50m rise@20.000ns - sys_clk_50m rise@0.000ns)
  Data Path Delay:        9.267ns  (logic 5.173ns (55.823%)  route 4.094ns (44.177%))
  Logic Levels:           5  (DSP48E1=1 LUT4=1 LUT6=1 MUXF7=1 MUXF8=1)
  Clock Path Skew:        -0.063ns (DCD - SCD + CPR)
    Destination Clock Delay (DCD):    5.088ns = ( 25.088 - 20.000 ) 
    Source Clock Delay      (SCD):    5.544ns
    Clock Pessimism Removal (CPR):    0.394ns
  Clock Uncertainty:      0.035ns  ((TSJ^2 + TIJ^2)^1/2 + DJ) / 2 + PE
    Total System Jitter     (TSJ):    0.071ns
    Total Input Jitter      (TIJ):    0.000ns
    Discrete Jitter          (DJ):    0.000ns
    Phase Error              (PE):    0.000ns

    Location             Delay type                Incr(ns)  Path(ns)    Netlist Resource(s)
  -------------------------------------------------------------------    -------------------
                         (clock sys_clk_50m rise edge)
                                                      0.000     0.000 r  
    M19                                               0.000     0.000 r  sys_clk (IN)
                         net (fo=0)                   0.000     0.000    sys_clk
    M19                  IBUF (Prop_ibuf_I_O)         1.436     1.436 r  sys_clk_IBUF_inst/O
                         net (fo=1, routed)           2.205     3.641    sys_clk_IBUF
    BUFGCTRL_X0Y16       BUFG (Prop_bufg_I_O)         0.101     3.742 r  sys_clk_IBUF_BUFG_inst/O
                         net (fo=173, routed)         1.802     5.544    u_cam/sys_clk_IBUF_BUFG
    SLICE_X101Y4         FDCE                                         r  u_cam/rom_idx_reg_rep[3]/C
  -------------------------------------------------------------------    -------------------
    SLICE_X101Y4         FDCE (Prop_fdce_C_Q)         0.419     5.963 r  u_cam/rom_idx_reg_rep[3]/Q
                         net (fo=81, routed)          2.333     8.297    u_cam/idx[3]
    SLICE_X102Y0         LUT6 (Prop_lut6_I3_O)        0.297     8.594 r  u_cam/sccb_wdata[0]_i_6/O
                         net (fo=1, routed)           0.000     8.594    u_cam/sccb_wdata[0]_i_6_n_0
    SLICE_X102Y0         MUXF7 (Prop_muxf7_I0_O)      0.209     8.803 r  u_cam/sccb_wdata_reg[0]_i_3/O
                         net (fo=1, routed)           0.000     8.803    u_cam/sccb_wdata_reg[0]_i_3_n_0
    SLICE_X102Y0         MUXF8 (Prop_muxf8_I1_O)      0.088     8.891 r  u_cam/sccb_wdata_reg[0]_i_1/O
                         net (fo=2, routed)           0.752     9.643    u_cam/sccb_wdata_reg[0]_i_1_n_0
    DSP48_X3Y0           DSP48E1 (Prop_dsp48e1_A[0]_P[19])
                                                      4.036    13.679 r  u_cam/delay_cnt0/P[19]
                         net (fo=1, routed)           1.008    14.687    u_cam/delay_cnt0_n_86
    SLICE_X95Y4          LUT4 (Prop_lut4_I1_O)        0.124    14.811 r  u_cam/delay_cnt[19]_i_1/O
                         net (fo=1, routed)           0.000    14.811    u_cam/delay_cnt[19]_i_1_n_0
    SLICE_X95Y4          FDCE                                         r  u_cam/delay_cnt_reg[19]/D
  -------------------------------------------------------------------    -------------------

                         (clock sys_clk_50m rise edge)
                                                     20.000    20.000 r  
    M19                                               0.000    20.000 r  sys_clk (IN)
                         net (fo=0)                   0.000    20.000    sys_clk
    M19                  IBUF (Prop_ibuf_I_O)         1.366    21.366 r  sys_clk_IBUF_inst/O
                         net (fo=1, routed)           2.006    23.372    sys_clk_IBUF
    BUFGCTRL_X0Y16       BUFG (Prop_bufg_I_O)         0.091    23.463 r  sys_clk_IBUF_BUFG_inst/O
                         net (fo=173, routed)         1.624    25.088    u_cam/sys_clk_IBUF_BUFG
    SLICE_X95Y4          FDCE                                         r  u_cam/delay_cnt_reg[19]/C
                         clock pessimism              0.394    25.481    
                         clock uncertainty           -0.035    25.446    
    SLICE_X95Y4          FDCE (Setup_fdce_C_D)        0.031    25.477    u_cam/delay_cnt_reg[19]
  -------------------------------------------------------------------
                         required time                         25.477    
                         arrival time                         -14.811    
  -------------------------------------------------------------------
                         slack                                 10.666    

Slack (MET) :             10.669ns  (required time - arrival time)
  Source:                 u_cam/rom_idx_reg_rep[3]/C
                            (rising edge-triggered cell FDCE clocked by sys_clk_50m  {rise@0.000ns fall@10.000ns period=20.000ns})
  Destination:            u_cam/delay_cnt_reg[6]/D
                            (rising edge-triggered cell FDCE clocked by sys_clk_50m  {rise@0.000ns fall@10.000ns period=20.000ns})
  Path Group:             sys_clk_50m
  Path Type:              Setup (Max at Slow Process Corner)
  Requirement:            20.000ns  (sys_clk_50m rise@20.000ns - sys_clk_50m rise@0.000ns)
  Data Path Delay:        9.264ns  (logic 5.173ns (55.837%)  route 4.091ns (44.163%))
  Logic Levels:           5  (DSP48E1=1 LUT4=1 LUT6=1 MUXF7=1 MUXF8=1)
  Clock Path Skew:        -0.062ns (DCD - SCD + CPR)
    Destination Clock Delay (DCD):    5.089ns = ( 25.089 - 20.000 ) 
    Source Clock Delay      (SCD):    5.544ns
    Clock Pessimism Removal (CPR):    0.394ns
  Clock Uncertainty:      0.035ns  ((TSJ^2 + TIJ^2)^1/2 + DJ) / 2 + PE
    Total System Jitter     (TSJ):    0.071ns
    Total Input Jitter      (TIJ):    0.000ns
    Discrete Jitter          (DJ):    0.000ns
    Phase Error              (PE):    0.000ns

    Location             Delay type                Incr(ns)  Path(ns)    Netlist Resource(s)
  -------------------------------------------------------------------    -------------------
                         (clock sys_clk_50m rise edge)
                                                      0.000     0.000 r  
    M19                                               0.000     0.000 r  sys_clk (IN)
                         net (fo=0)                   0.000     0.000    sys_clk
    M19                  IBUF (Prop_ibuf_I_O)         1.436     1.436 r  sys_clk_IBUF_inst/O
                         net (fo=1, routed)           2.205     3.641    sys_clk_IBUF
    BUFGCTRL_X0Y16       BUFG (Prop_bufg_I_O)         0.101     3.742 r  sys_clk_IBUF_BUFG_inst/O
                         net (fo=173, routed)         1.802     5.544    u_cam/sys_clk_IBUF_BUFG
    SLICE_X101Y4         FDCE                                         r  u_cam/rom_idx_reg_rep[3]/C
  -------------------------------------------------------------------    -------------------
    SLICE_X101Y4         FDCE (Prop_fdce_C_Q)         0.419     5.963 r  u_cam/rom_idx_reg_rep[3]/Q
                         net (fo=81, routed)          2.333     8.297    u_cam/idx[3]
    SLICE_X102Y0         LUT6 (Prop_lut6_I3_O)        0.297     8.594 r  u_cam/sccb_wdata[0]_i_6/O
                         net (fo=1, routed)           0.000     8.594    u_cam/sccb_wdata[0]_i_6_n_0
    SLICE_X102Y0         MUXF7 (Prop_muxf7_I0_O)      0.209     8.803 r  u_cam/sccb_wdata_reg[0]_i_3/O
                         net (fo=1, routed)           0.000     8.803    u_cam/sccb_wdata_reg[0]_i_3_n_0
    SLICE_X102Y0         MUXF8 (Prop_muxf8_I1_O)      0.088     8.891 r  u_cam/sccb_wdata_reg[0]_i_1/O
                         net (fo=2, routed)           0.752     9.643    u_cam/sccb_wdata_reg[0]_i_1_n_0
    DSP48_X3Y0           DSP48E1 (Prop_dsp48e1_A[0]_P[6])
                                                      4.036    13.679 r  u_cam/delay_cnt0/P[6]
                         net (fo=1, routed)           1.006    14.685    u_cam/delay_cnt0_n_99
    SLICE_X95Y1          LUT4 (Prop_lut4_I1_O)        0.124    14.809 r  u_cam/delay_cnt[6]_i_1/O
                         net (fo=1, routed)           0.000    14.809    u_cam/delay_cnt[6]_i_1_n_0
    SLICE_X95Y1          FDCE                                         r  u_cam/delay_cnt_reg[6]/D
  -------------------------------------------------------------------    -------------------

                         (clock sys_clk_50m rise edge)
                                                     20.000    20.000 r  
    M19                                               0.000    20.000 r  sys_clk (IN)
                         net (fo=0)                   0.000    20.000    sys_clk
    M19                  IBUF (Prop_ibuf_I_O)         1.366    21.366 r  sys_clk_IBUF_inst/O
                         net (fo=1, routed)           2.006    23.372    sys_clk_IBUF
    BUFGCTRL_X0Y16       BUFG (Prop_bufg_I_O)         0.091    23.463 r  sys_clk_IBUF_BUFG_inst/O
                         net (fo=173, routed)         1.625    25.089    u_cam/sys_clk_IBUF_BUFG
    SLICE_X95Y1          FDCE                                         r  u_cam/delay_cnt_reg[6]/C
                         clock pessimism              0.394    25.482    
                         clock uncertainty           -0.035    25.447    
    SLICE_X95Y1          FDCE (Setup_fdce_C_D)        0.031    25.478    u_cam/delay_cnt_reg[6]
  -------------------------------------------------------------------
                         required time                         25.478    
                         arrival time                         -14.809    
  -------------------------------------------------------------------
                         slack                                 10.669    

Slack (MET) :             10.678ns  (required time - arrival time)
  Source:                 u_cam/rom_idx_reg_rep[3]/C
                            (rising edge-triggered cell FDCE clocked by sys_clk_50m  {rise@0.000ns fall@10.000ns period=20.000ns})
  Destination:            u_cam/delay_cnt_reg[21]/D
                            (rising edge-triggered cell FDCE clocked by sys_clk_50m  {rise@0.000ns fall@10.000ns period=20.000ns})
  Path Group:             sys_clk_50m
  Path Type:              Setup (Max at Slow Process Corner)
  Requirement:            20.000ns  (sys_clk_50m rise@20.000ns - sys_clk_50m rise@0.000ns)
  Data Path Delay:        9.253ns  (logic 5.173ns (55.905%)  route 4.080ns (44.095%))
  Logic Levels:           5  (DSP48E1=1 LUT4=1 LUT6=1 MUXF7=1 MUXF8=1)
  Clock Path Skew:        -0.062ns (DCD - SCD + CPR)
    Destination Clock Delay (DCD):    5.089ns = ( 25.089 - 20.000 ) 
    Source Clock Delay      (SCD):    5.544ns
    Clock Pessimism Removal (CPR):    0.394ns
  Clock Uncertainty:      0.035ns  ((TSJ^2 + TIJ^2)^1/2 + DJ) / 2 + PE
    Total System Jitter     (TSJ):    0.071ns
    Total Input Jitter      (TIJ):    0.000ns
    Discrete Jitter          (DJ):    0.000ns
    Phase Error              (PE):    0.000ns

    Location             Delay type                Incr(ns)  Path(ns)    Netlist Resource(s)
  -------------------------------------------------------------------    -------------------
                         (clock sys_clk_50m rise edge)
                                                      0.000     0.000 r  
    M19                                               0.000     0.000 r  sys_clk (IN)
                         net (fo=0)                   0.000     0.000    sys_clk
    M19                  IBUF (Prop_ibuf_I_O)         1.436     1.436 r  sys_clk_IBUF_inst/O
                         net (fo=1, routed)           2.205     3.641    sys_clk_IBUF
    BUFGCTRL_X0Y16       BUFG (Prop_bufg_I_O)         0.101     3.742 r  sys_clk_IBUF_BUFG_inst/O
                         net (fo=173, routed)         1.802     5.544    u_cam/sys_clk_IBUF_BUFG
    SLICE_X101Y4         FDCE                                         r  u_cam/rom_idx_reg_rep[3]/C
  -------------------------------------------------------------------    -------------------
    SLICE_X101Y4         FDCE (Prop_fdce_C_Q)         0.419     5.963 r  u_cam/rom_idx_reg_rep[3]/Q
                         net (fo=81, routed)          2.333     8.297    u_cam/idx[3]
    SLICE_X102Y0         LUT6 (Prop_lut6_I3_O)        0.297     8.594 r  u_cam/sccb_wdata[0]_i_6/O
                         net (fo=1, routed)           0.000     8.594    u_cam/sccb_wdata[0]_i_6_n_0
    SLICE_X102Y0         MUXF7 (Prop_muxf7_I0_O)      0.209     8.803 r  u_cam/sccb_wdata_reg[0]_i_3/O
                         net (fo=1, routed)           0.000     8.803    u_cam/sccb_wdata_reg[0]_i_3_n_0
    SLICE_X102Y0         MUXF8 (Prop_muxf8_I1_O)      0.088     8.891 r  u_cam/sccb_wdata_reg[0]_i_1/O
                         net (fo=2, routed)           0.752     9.643    u_cam/sccb_wdata_reg[0]_i_1_n_0
    DSP48_X3Y0           DSP48E1 (Prop_dsp48e1_A[0]_P[21])
                                                      4.036    13.679 r  u_cam/delay_cnt0/P[21]
                         net (fo=1, routed)           0.995    14.674    u_cam/delay_cnt0_n_84
    SLICE_X95Y2          LUT4 (Prop_lut4_I1_O)        0.124    14.798 r  u_cam/delay_cnt[21]_i_1/O
                         net (fo=1, routed)           0.000    14.798    u_cam/delay_cnt[21]_i_1_n_0
    SLICE_X95Y2          FDCE                                         r  u_cam/delay_cnt_reg[21]/D
  -------------------------------------------------------------------    -------------------

                         (clock sys_clk_50m rise edge)
                                                     20.000    20.000 r  
    M19                                               0.000    20.000 r  sys_clk (IN)
                         net (fo=0)                   0.000    20.000    sys_clk
    M19                  IBUF (Prop_ibuf_I_O)         1.366    21.366 r  sys_clk_IBUF_inst/O
                         net (fo=1, routed)           2.006    23.372    sys_clk_IBUF
    BUFGCTRL_X0Y16       BUFG (Prop_bufg_I_O)         0.091    23.463 r  sys_clk_IBUF_BUFG_inst/O
                         net (fo=173, routed)         1.625    25.089    u_cam/sys_clk_IBUF_BUFG
    SLICE_X95Y2          FDCE                                         r  u_cam/delay_cnt_reg[21]/C
                         clock pessimism              0.394    25.482    
                         clock uncertainty           -0.035    25.447    
    SLICE_X95Y2          FDCE (Setup_fdce_C_D)        0.029    25.476    u_cam/delay_cnt_reg[21]
  -------------------------------------------------------------------
                         required time                         25.476    
                         arrival time                         -14.798    
  -------------------------------------------------------------------
                         slack                                 10.678    

Slack (MET) :             10.690ns  (required time - arrival time)
  Source:                 u_cam/rom_idx_reg_rep[3]/C
                            (rising edge-triggered cell FDCE clocked by sys_clk_50m  {rise@0.000ns fall@10.000ns period=20.000ns})
  Destination:            u_cam/delay_cnt_reg[12]/D
                            (rising edge-triggered cell FDCE clocked by sys_clk_50m  {rise@0.000ns fall@10.000ns period=20.000ns})
  Path Group:             sys_clk_50m
  Path Type:              Setup (Max at Slow Process Corner)
  Requirement:            20.000ns  (sys_clk_50m rise@20.000ns - sys_clk_50m rise@0.000ns)
  Data Path Delay:        9.294ns  (logic 5.173ns (55.661%)  route 4.121ns (44.339%))
  Logic Levels:           5  (DSP48E1=1 LUT4=1 LUT6=1 MUXF7=1 MUXF8=1)
  Clock Path Skew:        -0.062ns (DCD - SCD + CPR)
    Destination Clock Delay (DCD):    5.089ns = ( 25.089 - 20.000 ) 
    Source Clock Delay      (SCD):    5.544ns
    Clock Pessimism Removal (CPR):    0.394ns
  Clock Uncertainty:      0.035ns  ((TSJ^2 + TIJ^2)^1/2 + DJ) / 2 + PE
    Total System Jitter     (TSJ):    0.071ns
    Total Input Jitter      (TIJ):    0.000ns
    Discrete Jitter          (DJ):    0.000ns
    Phase Error              (PE):    0.000ns

    Location             Delay type                Incr(ns)  Path(ns)    Netlist Resource(s)
  -------------------------------------------------------------------    -------------------
                         (clock sys_clk_50m rise edge)
                                                      0.000     0.000 r  
    M19                                               0.000     0.000 r  sys_clk (IN)
                         net (fo=0)                   0.000     0.000    sys_clk
    M19                  IBUF (Prop_ibuf_I_O)         1.436     1.436 r  sys_clk_IBUF_inst/O
                         net (fo=1, routed)           2.205     3.641    sys_clk_IBUF
    BUFGCTRL_X0Y16       BUFG (Prop_bufg_I_O)         0.101     3.742 r  sys_clk_IBUF_BUFG_inst/O
                         net (fo=173, routed)         1.802     5.544    u_cam/sys_clk_IBUF_BUFG
    SLICE_X101Y4         FDCE                                         r  u_cam/rom_idx_reg_rep[3]/C
  -------------------------------------------------------------------    -------------------
    SLICE_X101Y4         FDCE (Prop_fdce_C_Q)         0.419     5.963 r  u_cam/rom_idx_reg_rep[3]/Q
                         net (fo=81, routed)          2.333     8.297    u_cam/idx[3]
    SLICE_X102Y0         LUT6 (Prop_lut6_I3_O)        0.297     8.594 r  u_cam/sccb_wdata[0]_i_6/O
                         net (fo=1, routed)           0.000     8.594    u_cam/sccb_wdata[0]_i_6_n_0
    SLICE_X102Y0         MUXF7 (Prop_muxf7_I0_O)      0.209     8.803 r  u_cam/sccb_wdata_reg[0]_i_3/O
                         net (fo=1, routed)           0.000     8.803    u_cam/sccb_wdata_reg[0]_i_3_n_0
    SLICE_X102Y0         MUXF8 (Prop_muxf8_I1_O)      0.088     8.891 r  u_cam/sccb_wdata_reg[0]_i_1/O
                         net (fo=2, routed)           0.752     9.643    u_cam/sccb_wdata_reg[0]_i_1_n_0
    DSP48_X3Y0           DSP48E1 (Prop_dsp48e1_A[0]_P[12])
                                                      4.036    13.679 r  u_cam/delay_cnt0/P[12]
                         net (fo=1, routed)           1.035    14.714    u_cam/delay_cnt0_n_93
    SLICE_X94Y2          LUT4 (Prop_lut4_I1_O)        0.124    14.838 r  u_cam/delay_cnt[12]_i_1/O
                         net (fo=1, routed)           0.000    14.838    u_cam/delay_cnt[12]_i_1_n_0
    SLICE_X94Y2          FDCE                                         r  u_cam/delay_cnt_reg[12]/D
  -------------------------------------------------------------------    -------------------

                         (clock sys_clk_50m rise edge)
                                                     20.000    20.000 r  
    M19                                               0.000    20.000 r  sys_clk (IN)
                         net (fo=0)                   0.000    20.000    sys_clk
    M19                  IBUF (Prop_ibuf_I_O)         1.366    21.366 r  sys_clk_IBUF_inst/O
                         net (fo=1, routed)           2.006    23.372    sys_clk_IBUF
    BUFGCTRL_X0Y16       BUFG (Prop_bufg_I_O)         0.091    23.463 r  sys_clk_IBUF_BUFG_inst/O
                         net (fo=173, routed)         1.625    25.089    u_cam/sys_clk_IBUF_BUFG
    SLICE_X94Y2          FDCE                                         r  u_cam/delay_cnt_reg[12]/C
                         clock pessimism              0.394    25.482    
                         clock uncertainty           -0.035    25.447    
    SLICE_X94Y2          FDCE (Setup_fdce_C_D)        0.081    25.528    u_cam/delay_cnt_reg[12]
  -------------------------------------------------------------------
                         required time                         25.528    
                         arrival time                         -14.838    
  -------------------------------------------------------------------
                         slack                                 10.690    





Pulse Width Checks
--------------------------------------------------------------------------------------
Clock Name:         sys_clk_50m
Waveform(ns):       { 0.000 10.000 }
Period(ns):         20.000
Sources:            { sys_clk }

Check Type        Corner  Lib Pin            Reference Pin  Required(ns)  Actual(ns)  Slack(ns)  Location         Pin
Min Period        n/a     BUFG/I             n/a            2.155         20.000      17.845     BUFGCTRL_X0Y16   sys_clk_IBUF_BUFG_inst/I
Min Period        n/a     MMCME2_ADV/CLKIN1  n/a            1.249         20.000      18.751     MMCME2_ADV_X1Y0  u_mmcm/CLKIN1
Min Period        n/a     FDCE/C             n/a            1.000         20.000      19.000     SLICE_X106Y5     u_cam/FSM_sequential_cstate_reg[0]/C
Min Period        n/a     FDCE/C             n/a            1.000         20.000      19.000     SLICE_X105Y4     u_cam/FSM_sequential_cstate_reg[1]/C
Min Period        n/a     FDCE/C             n/a            1.000         20.000      19.000     SLICE_X107Y5     u_cam/FSM_sequential_cstate_reg[2]/C
Min Period        n/a     FDCE/C             n/a            1.000         20.000      19.000     SLICE_X106Y4     u_cam/FSM_sequential_cstate_reg[3]/C
Min Period        n/a     FDCE/C             n/a            1.000         20.000      19.000     SLICE_X110Y9     u_cam/cam_rst_n_reg/C
Min Period        n/a     FDCE/C             n/a            1.000         20.000      19.000     SLICE_X107Y4     u_cam/cfg_done_reg/C
Min Period        n/a     FDPE/C             n/a            1.000         20.000      19.000     SLICE_X111Y9     u_cam/chip_id_reg[0]/C
Min Period        n/a     FDPE/C             n/a            1.000         20.000      19.000     SLICE_X110Y10    u_cam/chip_id_reg[10]/C
Max Period        n/a     MMCME2_ADV/CLKIN1  n/a            100.000       20.000      80.000     MMCME2_ADV_X1Y0  u_mmcm/CLKIN1
Low Pulse Width   Slow    MMCME2_ADV/CLKIN1  n/a            3.000         10.000      7.000      MMCME2_ADV_X1Y0  u_mmcm/CLKIN1
Low Pulse Width   Fast    MMCME2_ADV/CLKIN1  n/a            3.000         10.000      7.000      MMCME2_ADV_X1Y0  u_mmcm/CLKIN1
Low Pulse Width   Slow    FDCE/C             n/a            0.500         10.000      9.500      SLICE_X106Y5     u_cam/FSM_sequential_cstate_reg[0]/C
Low Pulse Width   Fast    FDCE/C             n/a            0.500         10.000      9.500      SLICE_X106Y5     u_cam/FSM_sequential_cstate_reg[0]/C
Low Pulse Width   Slow    FDCE/C             n/a            0.500         10.000      9.500      SLICE_X105Y4     u_cam/FSM_sequential_cstate_reg[1]/C
Low Pulse Width   Fast    FDCE/C             n/a            0.500         10.000      9.500      SLICE_X105Y4     u_cam/FSM_sequential_cstate_reg[1]/C
Low Pulse Width   Slow    FDCE/C             n/a            0.500         10.000      9.500      SLICE_X107Y5     u_cam/FSM_sequential_cstate_reg[2]/C
Low Pulse Width   Fast    FDCE/C             n/a            0.500         10.000      9.500      SLICE_X107Y5     u_cam/FSM_sequential_cstate_reg[2]/C
Low Pulse Width   Slow    FDCE/C             n/a            0.500         10.000      9.500      SLICE_X106Y4     u_cam/FSM_sequential_cstate_reg[3]/C
Low Pulse Width   Fast    FDCE/C             n/a            0.500         10.000      9.500      SLICE_X106Y4     u_cam/FSM_sequential_cstate_reg[3]/C
High Pulse Width  Slow    MMCME2_ADV/CLKIN1  n/a            3.000         10.000      7.000      MMCME2_ADV_X1Y0  u_mmcm/CLKIN1
High Pulse Width  Fast    MMCME2_ADV/CLKIN1  n/a            3.000         10.000      7.000      MMCME2_ADV_X1Y0  u_mmcm/CLKIN1
High Pulse Width  Slow    FDCE/C             n/a            0.500         10.000      9.500      SLICE_X106Y5     u_cam/FSM_sequential_cstate_reg[0]/C
High Pulse Width  Fast    FDCE/C             n/a            0.500         10.000      9.500      SLICE_X106Y5     u_cam/FSM_sequential_cstate_reg[0]/C
High Pulse Width  Slow    FDCE/C             n/a            0.500         10.000      9.500      SLICE_X105Y4     u_cam/FSM_sequential_cstate_reg[1]/C
High Pulse Width  Fast    FDCE/C             n/a            0.500         10.000      9.500      SLICE_X105Y4     u_cam/FSM_sequential_cstate_reg[1]/C
High Pulse Width  Slow    FDCE/C             n/a            0.500         10.000      9.500      SLICE_X107Y5     u_cam/FSM_sequential_cstate_reg[2]/C
High Pulse Width  Fast    FDCE/C             n/a            0.500         10.000      9.500      SLICE_X107Y5     u_cam/FSM_sequential_cstate_reg[2]/C
High Pulse Width  Slow    FDCE/C             n/a            0.500         10.000      9.500      SLICE_X106Y4     u_cam/FSM_sequential_cstate_reg[3]/C
High Pulse Width  Fast    FDCE/C             n/a            0.500         10.000      9.500      SLICE_X106Y4     u_cam/FSM_sequential_cstate_reg[3]/C



---------------------------------------------------------------------------------------------------
From Clock:  clk_mmcm_fb
  To Clock:  clk_mmcm_fb

Setup :           NA  Failing Endpoints,  Worst Slack           NA  ,  Total Violation           NA
Hold  :           NA  Failing Endpoints,  Worst Slack           NA  ,  Total Violation           NA
PW    :            0  Failing Endpoints,  Worst Slack       18.751ns,  Total Violation        0.000ns
---------------------------------------------------------------------------------------------------


Pulse Width Checks
--------------------------------------------------------------------------------------
Clock Name:         clk_mmcm_fb
Waveform(ns):       { 0.000 10.000 }
Period(ns):         20.000
Sources:            { u_mmcm/CLKFBOUT }

Check Type  Corner  Lib Pin              Reference Pin  Required(ns)  Actual(ns)  Slack(ns)  Location         Pin
Min Period  n/a     MMCME2_ADV/CLKFBOUT  n/a            1.249         20.000      18.751     MMCME2_ADV_X1Y0  u_mmcm/CLKFBOUT
Min Period  n/a     MMCME2_ADV/CLKFBIN   n/a            1.249         20.000      18.751     MMCME2_ADV_X1Y0  u_mmcm/CLKFBIN
Max Period  n/a     MMCME2_ADV/CLKFBIN   n/a            100.000       20.000      80.000     MMCME2_ADV_X1Y0  u_mmcm/CLKFBIN
Max Period  n/a     MMCME2_ADV/CLKFBOUT  n/a            213.360       20.000      193.360    MMCME2_ADV_X1Y0  u_mmcm/CLKFBOUT



---------------------------------------------------------------------------------------------------
From Clock:  clk_pix
  To Clock:  clk_pix

Setup :            0  Failing Endpoints,  Worst Slack        7.441ns,  Total Violation        0.000ns
Hold  :           NA  Failing Endpoints,  Worst Slack           NA  ,  Total Violation           NA
PW    :            0  Failing Endpoints,  Worst Slack        6.167ns,  Total Violation        0.000ns
---------------------------------------------------------------------------------------------------


Max Delay Paths
--------------------------------------------------------------------------------------
Slack (MET) :             7.441ns  (required time - arrival time)
  Source:                 u_vga/cx_reg[7]/C
                            (rising edge-triggered cell FDCE clocked by clk_pix  {rise@0.000ns fall@6.667ns period=13.333ns})
  Destination:            u_vga/cy_reg[12]/D
                            (rising edge-triggered cell FDCE clocked by clk_pix  {rise@0.000ns fall@6.667ns period=13.333ns})
  Path Group:             clk_pix
  Path Type:              Setup (Max at Slow Process Corner)
  Requirement:            13.333ns  (clk_pix rise@13.333ns - clk_pix rise@0.000ns)
  Data Path Delay:        5.805ns  (logic 1.939ns (33.401%)  route 3.866ns (66.599%))
  Logic Levels:           8  (CARRY4=4 LUT3=1 LUT4=1 LUT5=1 LUT6=1)
  Clock Path Skew:        -0.067ns (DCD - SCD + CPR)
    Destination Clock Delay (DCD):    8.671ns = ( 22.005 - 13.333 ) 
    Source Clock Delay      (SCD):    9.504ns
    Clock Pessimism Removal (CPR):    0.766ns
  Clock Uncertainty:      0.082ns  ((TSJ^2 + DJ^2)^1/2) / 2 + PE
    Total System Jitter     (TSJ):    0.071ns
    Discrete Jitter          (DJ):    0.148ns
    Phase Error              (PE):    0.000ns

    Location             Delay type                Incr(ns)  Path(ns)    Netlist Resource(s)
  -------------------------------------------------------------------    -------------------
                         (clock clk_pix rise edge)    0.000     0.000 r  
    M19                                               0.000     0.000 r  sys_clk (IN)
                         net (fo=0)                   0.000     0.000    sys_clk
    M19                  IBUF (Prop_ibuf_I_O)         1.436     1.436 r  sys_clk_IBUF_inst/O
                         net (fo=1, routed)           2.205     3.641    sys_clk_IBUF
    BUFGCTRL_X0Y16       BUFG (Prop_bufg_I_O)         0.101     3.742 r  sys_clk_IBUF_BUFG_inst/O
                         net (fo=173, routed)         1.806     5.548    sys_clk_IBUF_BUFG
    MMCME2_ADV_X1Y0      MMCME2_ADV (Prop_mmcme2_adv_CLKIN1_CLKOUT1)
                                                      0.088     5.636 r  u_mmcm/CLKOUT1
                         net (fo=1, routed)           1.889     7.525    clk_pix
    BUFGCTRL_X0Y2        BUFG (Prop_bufg_I_O)         0.101     7.626 r  clk_pix_BUFG_inst/O
                         net (fo=28, routed)          1.878     9.504    u_vga/clk_pix
    SLICE_X111Y8         FDCE                                         r  u_vga/cx_reg[7]/C
  -------------------------------------------------------------------    -------------------
    SLICE_X111Y8         FDCE (Prop_fdce_C_Q)         0.419     9.923 r  u_vga/cx_reg[7]/Q
                         net (fo=4, routed)           0.833    10.757    u_vga/cx_reg_n_0_[7]
    SLICE_X111Y7         LUT4 (Prop_lut4_I1_O)        0.296    11.053 r  u_vga/cx[12]_i_5/O
                         net (fo=1, routed)           0.670    11.723    u_vga/cx[12]_i_5_n_0
    SLICE_X111Y7         LUT6 (Prop_lut6_I0_O)        0.124    11.847 f  u_vga/cx[12]_i_3/O
                         net (fo=28, routed)          1.503    13.350    u_vga/cy[0]_i_1_n_0
    SLICE_X108Y5         LUT5 (Prop_lut5_I4_O)        0.124    13.474 r  u_vga/cy[0]_i_7/O
                         net (fo=2, routed)           0.859    14.334    u_vga/cy[0]_i_7_n_0
    SLICE_X109Y5         LUT3 (Prop_lut3_I2_O)        0.124    14.458 r  u_vga/cy[0]_i_4/O
                         net (fo=1, routed)           0.000    14.458    u_vga/cy[0]_i_4_n_0
    SLICE_X109Y5         CARRY4 (Prop_carry4_S[3]_CO[3])
                                                      0.401    14.859 r  u_vga/cy_reg[0]_i_2/CO[3]
                         net (fo=1, routed)           0.000    14.859    u_vga/cy_reg[0]_i_2_n_0
    SLICE_X109Y6         CARRY4 (Prop_carry4_CI_CO[3])
                                                      0.114    14.973 r  u_vga/cy_reg[4]_i_1/CO[3]
                         net (fo=1, routed)           0.000    14.973    u_vga/cy_reg[4]_i_1_n_0
    SLICE_X109Y7         CARRY4 (Prop_carry4_CI_CO[3])
                                                      0.114    15.087 r  u_vga/cy_reg[8]_i_1/CO[3]
                         net (fo=1, routed)           0.000    15.087    u_vga/cy_reg[8]_i_1_n_0
    SLICE_X109Y8         CARRY4 (Prop_carry4_CI_O[0])
                                                      0.223    15.310 r  u_vga/cy_reg[12]_i_1/O[0]
                         net (fo=1, routed)           0.000    15.310    u_vga/cy_reg[12]_i_1_n_7
    SLICE_X109Y8         FDCE                                         r  u_vga/cy_reg[12]/D
  -------------------------------------------------------------------    -------------------

                         (clock clk_pix rise edge)   13.333    13.333 r  
    M19                                               0.000    13.333 r  sys_clk (IN)
                         net (fo=0)                   0.000    13.333    sys_clk
    M19                  IBUF (Prop_ibuf_I_O)         1.366    14.700 r  sys_clk_IBUF_inst/O
                         net (fo=1, routed)           2.006    16.706    sys_clk_IBUF
    BUFGCTRL_X0Y16       BUFG (Prop_bufg_I_O)         0.091    16.797 r  sys_clk_IBUF_BUFG_inst/O
                         net (fo=173, routed)         1.612    18.409    sys_clk_IBUF_BUFG
    MMCME2_ADV_X1Y0      MMCME2_ADV (Prop_mmcme2_adv_CLKIN1_CLKOUT1)
                                                      0.083    18.492 r  u_mmcm/CLKOUT1
                         net (fo=1, routed)           1.725    20.217    clk_pix
    BUFGCTRL_X0Y2        BUFG (Prop_bufg_I_O)         0.091    20.308 r  clk_pix_BUFG_inst/O
                         net (fo=28, routed)          1.696    22.005    u_vga/clk_pix
    SLICE_X109Y8         FDCE                                         r  u_vga/cy_reg[12]/C
                         clock pessimism              0.766    22.771    
                         clock uncertainty           -0.082    22.689    
    SLICE_X109Y8         FDCE (Setup_fdce_C_D)        0.062    22.751    u_vga/cy_reg[12]
  -------------------------------------------------------------------
                         required time                         22.751    
                         arrival time                         -15.310    
  -------------------------------------------------------------------
                         slack                                  7.441    

Slack (MET) :             7.444ns  (required time - arrival time)
  Source:                 u_vga/cx_reg[7]/C
                            (rising edge-triggered cell FDCE clocked by clk_pix  {rise@0.000ns fall@6.667ns period=13.333ns})
  Destination:            u_vga/cy_reg[9]/D
                            (rising edge-triggered cell FDCE clocked by clk_pix  {rise@0.000ns fall@6.667ns period=13.333ns})
  Path Group:             clk_pix
  Path Type:              Setup (Max at Slow Process Corner)
  Requirement:            13.333ns  (clk_pix rise@13.333ns - clk_pix rise@0.000ns)
  Data Path Delay:        5.802ns  (logic 1.936ns (33.367%)  route 3.866ns (66.633%))
  Logic Levels:           7  (CARRY4=3 LUT3=1 LUT4=1 LUT5=1 LUT6=1)
  Clock Path Skew:        -0.067ns (DCD - SCD + CPR)
    Destination Clock Delay (DCD):    8.671ns = ( 22.005 - 13.333 ) 
    Source Clock Delay      (SCD):    9.504ns
    Clock Pessimism Removal (CPR):    0.766ns
  Clock Uncertainty:      0.082ns  ((TSJ^2 + DJ^2)^1/2) / 2 + PE
    Total System Jitter     (TSJ):    0.071ns
    Discrete Jitter          (DJ):    0.148ns
    Phase Error              (PE):    0.000ns

    Location             Delay type                Incr(ns)  Path(ns)    Netlist Resource(s)
  -------------------------------------------------------------------    -------------------
                         (clock clk_pix rise edge)    0.000     0.000 r  
    M19                                               0.000     0.000 r  sys_clk (IN)
                         net (fo=0)                   0.000     0.000    sys_clk
    M19                  IBUF (Prop_ibuf_I_O)         1.436     1.436 r  sys_clk_IBUF_inst/O
                         net (fo=1, routed)           2.205     3.641    sys_clk_IBUF
    BUFGCTRL_X0Y16       BUFG (Prop_bufg_I_O)         0.101     3.742 r  sys_clk_IBUF_BUFG_inst/O
                         net (fo=173, routed)         1.806     5.548    sys_clk_IBUF_BUFG
    MMCME2_ADV_X1Y0      MMCME2_ADV (Prop_mmcme2_adv_CLKIN1_CLKOUT1)
                                                      0.088     5.636 r  u_mmcm/CLKOUT1
                         net (fo=1, routed)           1.889     7.525    clk_pix
    BUFGCTRL_X0Y2        BUFG (Prop_bufg_I_O)         0.101     7.626 r  clk_pix_BUFG_inst/O
                         net (fo=28, routed)          1.878     9.504    u_vga/clk_pix
    SLICE_X111Y8         FDCE                                         r  u_vga/cx_reg[7]/C
  -------------------------------------------------------------------    -------------------
    SLICE_X111Y8         FDCE (Prop_fdce_C_Q)         0.419     9.923 r  u_vga/cx_reg[7]/Q
                         net (fo=4, routed)           0.833    10.757    u_vga/cx_reg_n_0_[7]
    SLICE_X111Y7         LUT4 (Prop_lut4_I1_O)        0.296    11.053 r  u_vga/cx[12]_i_5/O
                         net (fo=1, routed)           0.670    11.723    u_vga/cx[12]_i_5_n_0
    SLICE_X111Y7         LUT6 (Prop_lut6_I0_O)        0.124    11.847 f  u_vga/cx[12]_i_3/O
                         net (fo=28, routed)          1.503    13.350    u_vga/cy[0]_i_1_n_0
    SLICE_X108Y5         LUT5 (Prop_lut5_I4_O)        0.124    13.474 r  u_vga/cy[0]_i_7/O
                         net (fo=2, routed)           0.859    14.334    u_vga/cy[0]_i_7_n_0
    SLICE_X109Y5         LUT3 (Prop_lut3_I2_O)        0.124    14.458 r  u_vga/cy[0]_i_4/O
                         net (fo=1, routed)           0.000    14.458    u_vga/cy[0]_i_4_n_0
    SLICE_X109Y5         CARRY4 (Prop_carry4_S[3]_CO[3])
                                                      0.401    14.859 r  u_vga/cy_reg[0]_i_2/CO[3]
                         net (fo=1, routed)           0.000    14.859    u_vga/cy_reg[0]_i_2_n_0
    SLICE_X109Y6         CARRY4 (Prop_carry4_CI_CO[3])
                                                      0.114    14.973 r  u_vga/cy_reg[4]_i_1/CO[3]
                         net (fo=1, routed)           0.000    14.973    u_vga/cy_reg[4]_i_1_n_0
    SLICE_X109Y7         CARRY4 (Prop_carry4_CI_O[1])
                                                      0.334    15.307 r  u_vga/cy_reg[8]_i_1/O[1]
                         net (fo=1, routed)           0.000    15.307    u_vga/cy_reg[8]_i_1_n_6
    SLICE_X109Y7         FDCE                                         r  u_vga/cy_reg[9]/D
  -------------------------------------------------------------------    -------------------

                         (clock clk_pix rise edge)   13.333    13.333 r  
    M19                                               0.000    13.333 r  sys_clk (IN)
                         net (fo=0)                   0.000    13.333    sys_clk
    M19                  IBUF (Prop_ibuf_I_O)         1.366    14.700 r  sys_clk_IBUF_inst/O
                         net (fo=1, routed)           2.006    16.706    sys_clk_IBUF
    BUFGCTRL_X0Y16       BUFG (Prop_bufg_I_O)         0.091    16.797 r  sys_clk_IBUF_BUFG_inst/O
                         net (fo=173, routed)         1.612    18.409    sys_clk_IBUF_BUFG
    MMCME2_ADV_X1Y0      MMCME2_ADV (Prop_mmcme2_adv_CLKIN1_CLKOUT1)
                                                      0.083    18.492 r  u_mmcm/CLKOUT1
                         net (fo=1, routed)           1.725    20.217    clk_pix
    BUFGCTRL_X0Y2        BUFG (Prop_bufg_I_O)         0.091    20.308 r  clk_pix_BUFG_inst/O
                         net (fo=28, routed)          1.696    22.005    u_vga/clk_pix
    SLICE_X109Y7         FDCE                                         r  u_vga/cy_reg[9]/C
                         clock pessimism              0.766    22.771    
                         clock uncertainty           -0.082    22.689    
    SLICE_X109Y7         FDCE (Setup_fdce_C_D)        0.062    22.751    u_vga/cy_reg[9]
  -------------------------------------------------------------------
                         required time                         22.751    
                         arrival time                         -15.307    
  -------------------------------------------------------------------
                         slack                                  7.444    

Slack (MET) :             7.465ns  (required time - arrival time)
  Source:                 u_vga/cx_reg[7]/C
                            (rising edge-triggered cell FDCE clocked by clk_pix  {rise@0.000ns fall@6.667ns period=13.333ns})
  Destination:            u_vga/cy_reg[11]/D
                            (rising edge-triggered cell FDCE clocked by clk_pix  {rise@0.000ns fall@6.667ns period=13.333ns})
  Path Group:             clk_pix
  Path Type:              Setup (Max at Slow Process Corner)
  Requirement:            13.333ns  (clk_pix rise@13.333ns - clk_pix rise@0.000ns)
  Data Path Delay:        5.781ns  (logic 1.915ns (33.125%)  route 3.866ns (66.875%))
  Logic Levels:           7  (CARRY4=3 LUT3=1 LUT4=1 LUT5=1 LUT6=1)
  Clock Path Skew:        -0.067ns (DCD - SCD + CPR)
    Destination Clock Delay (DCD):    8.671ns = ( 22.005 - 13.333 ) 
    Source Clock Delay      (SCD):    9.504ns
    Clock Pessimism Removal (CPR):    0.766ns
  Clock Uncertainty:      0.082ns  ((TSJ^2 + DJ^2)^1/2) / 2 + PE
    Total System Jitter     (TSJ):    0.071ns
    Discrete Jitter          (DJ):    0.148ns
    Phase Error              (PE):    0.000ns

    Location             Delay type                Incr(ns)  Path(ns)    Netlist Resource(s)
  -------------------------------------------------------------------    -------------------
                         (clock clk_pix rise edge)    0.000     0.000 r  
    M19                                               0.000     0.000 r  sys_clk (IN)
                         net (fo=0)                   0.000     0.000    sys_clk
    M19                  IBUF (Prop_ibuf_I_O)         1.436     1.436 r  sys_clk_IBUF_inst/O
                         net (fo=1, routed)           2.205     3.641    sys_clk_IBUF
    BUFGCTRL_X0Y16       BUFG (Prop_bufg_I_O)         0.101     3.742 r  sys_clk_IBUF_BUFG_inst/O
                         net (fo=173, routed)         1.806     5.548    sys_clk_IBUF_BUFG
    MMCME2_ADV_X1Y0      MMCME2_ADV (Prop_mmcme2_adv_CLKIN1_CLKOUT1)
                                                      0.088     5.636 r  u_mmcm/CLKOUT1
                         net (fo=1, routed)           1.889     7.525    clk_pix
    BUFGCTRL_X0Y2        BUFG (Prop_bufg_I_O)         0.101     7.626 r  clk_pix_BUFG_inst/O
                         net (fo=28, routed)          1.878     9.504    u_vga/clk_pix
    SLICE_X111Y8         FDCE                                         r  u_vga/cx_reg[7]/C
  -------------------------------------------------------------------    -------------------
    SLICE_X111Y8         FDCE (Prop_fdce_C_Q)         0.419     9.923 r  u_vga/cx_reg[7]/Q
                         net (fo=4, routed)           0.833    10.757    u_vga/cx_reg_n_0_[7]
    SLICE_X111Y7         LUT4 (Prop_lut4_I1_O)        0.296    11.053 r  u_vga/cx[12]_i_5/O
                         net (fo=1, routed)           0.670    11.723    u_vga/cx[12]_i_5_n_0
    SLICE_X111Y7         LUT6 (Prop_lut6_I0_O)        0.124    11.847 f  u_vga/cx[12]_i_3/O
                         net (fo=28, routed)          1.503    13.350    u_vga/cy[0]_i_1_n_0
    SLICE_X108Y5         LUT5 (Prop_lut5_I4_O)        0.124    13.474 r  u_vga/cy[0]_i_7/O
                         net (fo=2, routed)           0.859    14.334    u_vga/cy[0]_i_7_n_0
    SLICE_X109Y5         LUT3 (Prop_lut3_I2_O)        0.124    14.458 r  u_vga/cy[0]_i_4/O
                         net (fo=1, routed)           0.000    14.458    u_vga/cy[0]_i_4_n_0
    SLICE_X109Y5         CARRY4 (Prop_carry4_S[3]_CO[3])
                                                      0.401    14.859 r  u_vga/cy_reg[0]_i_2/CO[3]
                         net (fo=1, routed)           0.000    14.859    u_vga/cy_reg[0]_i_2_n_0
    SLICE_X109Y6         CARRY4 (Prop_carry4_CI_CO[3])
                                                      0.114    14.973 r  u_vga/cy_reg[4]_i_1/CO[3]
                         net (fo=1, routed)           0.000    14.973    u_vga/cy_reg[4]_i_1_n_0
    SLICE_X109Y7         CARRY4 (Prop_carry4_CI_O[3])
                                                      0.313    15.286 r  u_vga/cy_reg[8]_i_1/O[3]
                         net (fo=1, routed)           0.000    15.286    u_vga/cy_reg[8]_i_1_n_4
    SLICE_X109Y7         FDCE                                         r  u_vga/cy_reg[11]/D
  -------------------------------------------------------------------    -------------------

                         (clock clk_pix rise edge)   13.333    13.333 r  
    M19                                               0.000    13.333 r  sys_clk (IN)
                         net (fo=0)                   0.000    13.333    sys_clk
    M19                  IBUF (Prop_ibuf_I_O)         1.366    14.700 r  sys_clk_IBUF_inst/O
                         net (fo=1, routed)           2.006    16.706    sys_clk_IBUF
    BUFGCTRL_X0Y16       BUFG (Prop_bufg_I_O)         0.091    16.797 r  sys_clk_IBUF_BUFG_inst/O
                         net (fo=173, routed)         1.612    18.409    sys_clk_IBUF_BUFG
    MMCME2_ADV_X1Y0      MMCME2_ADV (Prop_mmcme2_adv_CLKIN1_CLKOUT1)
                                                      0.083    18.492 r  u_mmcm/CLKOUT1
                         net (fo=1, routed)           1.725    20.217    clk_pix
    BUFGCTRL_X0Y2        BUFG (Prop_bufg_I_O)         0.091    20.308 r  clk_pix_BUFG_inst/O
                         net (fo=28, routed)          1.696    22.005    u_vga/clk_pix
    SLICE_X109Y7         FDCE                                         r  u_vga/cy_reg[11]/C
                         clock pessimism              0.766    22.771    
                         clock uncertainty           -0.082    22.689    
    SLICE_X109Y7         FDCE (Setup_fdce_C_D)        0.062    22.751    u_vga/cy_reg[11]
  -------------------------------------------------------------------
                         required time                         22.751    
                         arrival time                         -15.286    
  -------------------------------------------------------------------
                         slack                                  7.465    

Slack (MET) :             7.539ns  (required time - arrival time)
  Source:                 u_vga/cx_reg[7]/C
                            (rising edge-triggered cell FDCE clocked by clk_pix  {rise@0.000ns fall@6.667ns period=13.333ns})
  Destination:            u_vga/cy_reg[10]/D
                            (rising edge-triggered cell FDCE clocked by clk_pix  {rise@0.000ns fall@6.667ns period=13.333ns})
  Path Group:             clk_pix
  Path Type:              Setup (Max at Slow Process Corner)
  Requirement:            13.333ns  (clk_pix rise@13.333ns - clk_pix rise@0.000ns)
  Data Path Delay:        5.707ns  (logic 1.841ns (32.257%)  route 3.866ns (67.743%))
  Logic Levels:           7  (CARRY4=3 LUT3=1 LUT4=1 LUT5=1 LUT6=1)
  Clock Path Skew:        -0.067ns (DCD - SCD + CPR)
    Destination Clock Delay (DCD):    8.671ns = ( 22.005 - 13.333 ) 
    Source Clock Delay      (SCD):    9.504ns
    Clock Pessimism Removal (CPR):    0.766ns
  Clock Uncertainty:      0.082ns  ((TSJ^2 + DJ^2)^1/2) / 2 + PE
    Total System Jitter     (TSJ):    0.071ns
    Discrete Jitter          (DJ):    0.148ns
    Phase Error              (PE):    0.000ns

    Location             Delay type                Incr(ns)  Path(ns)    Netlist Resource(s)
  -------------------------------------------------------------------    -------------------
                         (clock clk_pix rise edge)    0.000     0.000 r  
    M19                                               0.000     0.000 r  sys_clk (IN)
                         net (fo=0)                   0.000     0.000    sys_clk
    M19                  IBUF (Prop_ibuf_I_O)         1.436     1.436 r  sys_clk_IBUF_inst/O
                         net (fo=1, routed)           2.205     3.641    sys_clk_IBUF
    BUFGCTRL_X0Y16       BUFG (Prop_bufg_I_O)         0.101     3.742 r  sys_clk_IBUF_BUFG_inst/O
                         net (fo=173, routed)         1.806     5.548    sys_clk_IBUF_BUFG
    MMCME2_ADV_X1Y0      MMCME2_ADV (Prop_mmcme2_adv_CLKIN1_CLKOUT1)
                                                      0.088     5.636 r  u_mmcm/CLKOUT1
                         net (fo=1, routed)           1.889     7.525    clk_pix
    BUFGCTRL_X0Y2        BUFG (Prop_bufg_I_O)         0.101     7.626 r  clk_pix_BUFG_inst/O
                         net (fo=28, routed)          1.878     9.504    u_vga/clk_pix
    SLICE_X111Y8         FDCE                                         r  u_vga/cx_reg[7]/C
  -------------------------------------------------------------------    -------------------
    SLICE_X111Y8         FDCE (Prop_fdce_C_Q)         0.419     9.923 r  u_vga/cx_reg[7]/Q
                         net (fo=4, routed)           0.833    10.757    u_vga/cx_reg_n_0_[7]
    SLICE_X111Y7         LUT4 (Prop_lut4_I1_O)        0.296    11.053 r  u_vga/cx[12]_i_5/O
                         net (fo=1, routed)           0.670    11.723    u_vga/cx[12]_i_5_n_0
    SLICE_X111Y7         LUT6 (Prop_lut6_I0_O)        0.124    11.847 f  u_vga/cx[12]_i_3/O
                         net (fo=28, routed)          1.503    13.350    u_vga/cy[0]_i_1_n_0
    SLICE_X108Y5         LUT5 (Prop_lut5_I4_O)        0.124    13.474 r  u_vga/cy[0]_i_7/O
                         net (fo=2, routed)           0.859    14.334    u_vga/cy[0]_i_7_n_0
    SLICE_X109Y5         LUT3 (Prop_lut3_I2_O)        0.124    14.458 r  u_vga/cy[0]_i_4/O
                         net (fo=1, routed)           0.000    14.458    u_vga/cy[0]_i_4_n_0
    SLICE_X109Y5         CARRY4 (Prop_carry4_S[3]_CO[3])
                                                      0.401    14.859 r  u_vga/cy_reg[0]_i_2/CO[3]
                         net (fo=1, routed)           0.000    14.859    u_vga/cy_reg[0]_i_2_n_0
    SLICE_X109Y6         CARRY4 (Prop_carry4_CI_CO[3])
                                                      0.114    14.973 r  u_vga/cy_reg[4]_i_1/CO[3]
                         net (fo=1, routed)           0.000    14.973    u_vga/cy_reg[4]_i_1_n_0
    SLICE_X109Y7         CARRY4 (Prop_carry4_CI_O[2])
                                                      0.239    15.212 r  u_vga/cy_reg[8]_i_1/O[2]
                         net (fo=1, routed)           0.000    15.212    u_vga/cy_reg[8]_i_1_n_5
    SLICE_X109Y7         FDCE                                         r  u_vga/cy_reg[10]/D
  -------------------------------------------------------------------    -------------------

                         (clock clk_pix rise edge)   13.333    13.333 r  
    M19                                               0.000    13.333 r  sys_clk (IN)
                         net (fo=0)                   0.000    13.333    sys_clk
    M19                  IBUF (Prop_ibuf_I_O)         1.366    14.700 r  sys_clk_IBUF_inst/O
                         net (fo=1, routed)           2.006    16.706    sys_clk_IBUF
    BUFGCTRL_X0Y16       BUFG (Prop_bufg_I_O)         0.091    16.797 r  sys_clk_IBUF_BUFG_inst/O
                         net (fo=173, routed)         1.612    18.409    sys_clk_IBUF_BUFG
    MMCME2_ADV_X1Y0      MMCME2_ADV (Prop_mmcme2_adv_CLKIN1_CLKOUT1)
                                                      0.083    18.492 r  u_mmcm/CLKOUT1
                         net (fo=1, routed)           1.725    20.217    clk_pix
    BUFGCTRL_X0Y2        BUFG (Prop_bufg_I_O)         0.091    20.308 r  clk_pix_BUFG_inst/O
                         net (fo=28, routed)          1.696    22.005    u_vga/clk_pix
    SLICE_X109Y7         FDCE                                         r  u_vga/cy_reg[10]/C
                         clock pessimism              0.766    22.771    
                         clock uncertainty           -0.082    22.689    
    SLICE_X109Y7         FDCE (Setup_fdce_C_D)        0.062    22.751    u_vga/cy_reg[10]
  -------------------------------------------------------------------
                         required time                         22.751    
                         arrival time                         -15.212    
  -------------------------------------------------------------------
                         slack                                  7.539    

Slack (MET) :             7.555ns  (required time - arrival time)
  Source:                 u_vga/cx_reg[7]/C
                            (rising edge-triggered cell FDCE clocked by clk_pix  {rise@0.000ns fall@6.667ns period=13.333ns})
  Destination:            u_vga/cy_reg[8]/D
                            (rising edge-triggered cell FDCE clocked by clk_pix  {rise@0.000ns fall@6.667ns period=13.333ns})
  Path Group:             clk_pix
  Path Type:              Setup (Max at Slow Process Corner)
  Requirement:            13.333ns  (clk_pix rise@13.333ns - clk_pix rise@0.000ns)
  Data Path Delay:        5.691ns  (logic 1.825ns (32.067%)  route 3.866ns (67.933%))
  Logic Levels:           7  (CARRY4=3 LUT3=1 LUT4=1 LUT5=1 LUT6=1)
  Clock Path Skew:        -0.067ns (DCD - SCD + CPR)
    Destination Clock Delay (DCD):    8.671ns = ( 22.005 - 13.333 ) 
    Source Clock Delay      (SCD):    9.504ns
    Clock Pessimism Removal (CPR):    0.766ns
  Clock Uncertainty:      0.082ns  ((TSJ^2 + DJ^2)^1/2) / 2 + PE
    Total System Jitter     (TSJ):    0.071ns
    Discrete Jitter          (DJ):    0.148ns
    Phase Error              (PE):    0.000ns

    Location             Delay type                Incr(ns)  Path(ns)    Netlist Resource(s)
  -------------------------------------------------------------------    -------------------
                         (clock clk_pix rise edge)    0.000     0.000 r  
    M19                                               0.000     0.000 r  sys_clk (IN)
                         net (fo=0)                   0.000     0.000    sys_clk
    M19                  IBUF (Prop_ibuf_I_O)         1.436     1.436 r  sys_clk_IBUF_inst/O
                         net (fo=1, routed)           2.205     3.641    sys_clk_IBUF
    BUFGCTRL_X0Y16       BUFG (Prop_bufg_I_O)         0.101     3.742 r  sys_clk_IBUF_BUFG_inst/O
                         net (fo=173, routed)         1.806     5.548    sys_clk_IBUF_BUFG
    MMCME2_ADV_X1Y0      MMCME2_ADV (Prop_mmcme2_adv_CLKIN1_CLKOUT1)
                                                      0.088     5.636 r  u_mmcm/CLKOUT1
                         net (fo=1, routed)           1.889     7.525    clk_pix
    BUFGCTRL_X0Y2        BUFG (Prop_bufg_I_O)         0.101     7.626 r  clk_pix_BUFG_inst/O
                         net (fo=28, routed)          1.878     9.504    u_vga/clk_pix
    SLICE_X111Y8         FDCE                                         r  u_vga/cx_reg[7]/C
  -------------------------------------------------------------------    -------------------
    SLICE_X111Y8         FDCE (Prop_fdce_C_Q)         0.419     9.923 r  u_vga/cx_reg[7]/Q
                         net (fo=4, routed)           0.833    10.757    u_vga/cx_reg_n_0_[7]
    SLICE_X111Y7         LUT4 (Prop_lut4_I1_O)        0.296    11.053 r  u_vga/cx[12]_i_5/O
                         net (fo=1, routed)           0.670    11.723    u_vga/cx[12]_i_5_n_0
    SLICE_X111Y7         LUT6 (Prop_lut6_I0_O)        0.124    11.847 f  u_vga/cx[12]_i_3/O
                         net (fo=28, routed)          1.503    13.350    u_vga/cy[0]_i_1_n_0
    SLICE_X108Y5         LUT5 (Prop_lut5_I4_O)        0.124    13.474 r  u_vga/cy[0]_i_7/O
                         net (fo=2, routed)           0.859    14.334    u_vga/cy[0]_i_7_n_0
    SLICE_X109Y5         LUT3 (Prop_lut3_I2_O)        0.124    14.458 r  u_vga/cy[0]_i_4/O
                         net (fo=1, routed)           0.000    14.458    u_vga/cy[0]_i_4_n_0
    SLICE_X109Y5         CARRY4 (Prop_carry4_S[3]_CO[3])
                                                      0.401    14.859 r  u_vga/cy_reg[0]_i_2/CO[3]
                         net (fo=1, routed)           0.000    14.859    u_vga/cy_reg[0]_i_2_n_0
    SLICE_X109Y6         CARRY4 (Prop_carry4_CI_CO[3])
                                                      0.114    14.973 r  u_vga/cy_reg[4]_i_1/CO[3]
                         net (fo=1, routed)           0.000    14.973    u_vga/cy_reg[4]_i_1_n_0
    SLICE_X109Y7         CARRY4 (Prop_carry4_CI_O[0])
                                                      0.223    15.196 r  u_vga/cy_reg[8]_i_1/O[0]
                         net (fo=1, routed)           0.000    15.196    u_vga/cy_reg[8]_i_1_n_7
    SLICE_X109Y7         FDCE                                         r  u_vga/cy_reg[8]/D
  -------------------------------------------------------------------    -------------------

                         (clock clk_pix rise edge)   13.333    13.333 r  
    M19                                               0.000    13.333 r  sys_clk (IN)
                         net (fo=0)                   0.000    13.333    sys_clk
    M19                  IBUF (Prop_ibuf_I_O)         1.366    14.700 r  sys_clk_IBUF_inst/O
                         net (fo=1, routed)           2.006    16.706    sys_clk_IBUF
    BUFGCTRL_X0Y16       BUFG (Prop_bufg_I_O)         0.091    16.797 r  sys_clk_IBUF_BUFG_inst/O
                         net (fo=173, routed)         1.612    18.409    sys_clk_IBUF_BUFG
    MMCME2_ADV_X1Y0      MMCME2_ADV (Prop_mmcme2_adv_CLKIN1_CLKOUT1)
                                                      0.083    18.492 r  u_mmcm/CLKOUT1
                         net (fo=1, routed)           1.725    20.217    clk_pix
    BUFGCTRL_X0Y2        BUFG (Prop_bufg_I_O)         0.091    20.308 r  clk_pix_BUFG_inst/O
                         net (fo=28, routed)          1.696    22.005    u_vga/clk_pix
    SLICE_X109Y7         FDCE                                         r  u_vga/cy_reg[8]/C
                         clock pessimism              0.766    22.771    
                         clock uncertainty           -0.082    22.689    
    SLICE_X109Y7         FDCE (Setup_fdce_C_D)        0.062    22.751    u_vga/cy_reg[8]
  -------------------------------------------------------------------
                         required time                         22.751    
                         arrival time                         -15.196    
  -------------------------------------------------------------------
                         slack                                  7.555    

Slack (MET) :             7.559ns  (required time - arrival time)
  Source:                 u_vga/cx_reg[7]/C
                            (rising edge-triggered cell FDCE clocked by clk_pix  {rise@0.000ns fall@6.667ns period=13.333ns})
  Destination:            u_vga/cy_reg[5]/D
                            (rising edge-triggered cell FDCE clocked by clk_pix  {rise@0.000ns fall@6.667ns period=13.333ns})
  Path Group:             clk_pix
  Path Type:              Setup (Max at Slow Process Corner)
  Requirement:            13.333ns  (clk_pix rise@13.333ns - clk_pix rise@0.000ns)
  Data Path Delay:        5.688ns  (logic 1.822ns (32.031%)  route 3.866ns (67.969%))
  Logic Levels:           6  (CARRY4=2 LUT3=1 LUT4=1 LUT5=1 LUT6=1)
  Clock Path Skew:        -0.066ns (DCD - SCD + CPR)
    Destination Clock Delay (DCD):    8.672ns = ( 22.006 - 13.333 ) 
    Source Clock Delay      (SCD):    9.504ns
    Clock Pessimism Removal (CPR):    0.766ns
  Clock Uncertainty:      0.082ns  ((TSJ^2 + DJ^2)^1/2) / 2 + PE
    Total System Jitter     (TSJ):    0.071ns
    Discrete Jitter          (DJ):    0.148ns
    Phase Error              (PE):    0.000ns

    Location             Delay type                Incr(ns)  Path(ns)    Netlist Resource(s)
  -------------------------------------------------------------------    -------------------
                         (clock clk_pix rise edge)    0.000     0.000 r  
    M19                                               0.000     0.000 r  sys_clk (IN)
                         net (fo=0)                   0.000     0.000    sys_clk
    M19                  IBUF (Prop_ibuf_I_O)         1.436     1.436 r  sys_clk_IBUF_inst/O
                         net (fo=1, routed)           2.205     3.641    sys_clk_IBUF
    BUFGCTRL_X0Y16       BUFG (Prop_bufg_I_O)         0.101     3.742 r  sys_clk_IBUF_BUFG_inst/O
                         net (fo=173, routed)         1.806     5.548    sys_clk_IBUF_BUFG
    MMCME2_ADV_X1Y0      MMCME2_ADV (Prop_mmcme2_adv_CLKIN1_CLKOUT1)
                                                      0.088     5.636 r  u_mmcm/CLKOUT1
                         net (fo=1, routed)           1.889     7.525    clk_pix
    BUFGCTRL_X0Y2        BUFG (Prop_bufg_I_O)         0.101     7.626 r  clk_pix_BUFG_inst/O
                         net (fo=28, routed)          1.878     9.504    u_vga/clk_pix
    SLICE_X111Y8         FDCE                                         r  u_vga/cx_reg[7]/C
  -------------------------------------------------------------------    -------------------
    SLICE_X111Y8         FDCE (Prop_fdce_C_Q)         0.419     9.923 r  u_vga/cx_reg[7]/Q
                         net (fo=4, routed)           0.833    10.757    u_vga/cx_reg_n_0_[7]
    SLICE_X111Y7         LUT4 (Prop_lut4_I1_O)        0.296    11.053 r  u_vga/cx[12]_i_5/O
                         net (fo=1, routed)           0.670    11.723    u_vga/cx[12]_i_5_n_0
    SLICE_X111Y7         LUT6 (Prop_lut6_I0_O)        0.124    11.847 f  u_vga/cx[12]_i_3/O
                         net (fo=28, routed)          1.503    13.350    u_vga/cy[0]_i_1_n_0
    SLICE_X108Y5         LUT5 (Prop_lut5_I4_O)        0.124    13.474 r  u_vga/cy[0]_i_7/O
                         net (fo=2, routed)           0.859    14.334    u_vga/cy[0]_i_7_n_0
    SLICE_X109Y5         LUT3 (Prop_lut3_I2_O)        0.124    14.458 r  u_vga/cy[0]_i_4/O
                         net (fo=1, routed)           0.000    14.458    u_vga/cy[0]_i_4_n_0
    SLICE_X109Y5         CARRY4 (Prop_carry4_S[3]_CO[3])
                                                      0.401    14.859 r  u_vga/cy_reg[0]_i_2/CO[3]
                         net (fo=1, routed)           0.000    14.859    u_vga/cy_reg[0]_i_2_n_0
    SLICE_X109Y6         CARRY4 (Prop_carry4_CI_O[1])
                                                      0.334    15.193 r  u_vga/cy_reg[4]_i_1/O[1]
                         net (fo=1, routed)           0.000    15.193    u_vga/cy_reg[4]_i_1_n_6
    SLICE_X109Y6         FDCE                                         r  u_vga/cy_reg[5]/D
  -------------------------------------------------------------------    -------------------

                         (clock clk_pix rise edge)   13.333    13.333 r  
    M19                                               0.000    13.333 r  sys_clk (IN)
                         net (fo=0)                   0.000    13.333    sys_clk
    M19                  IBUF (Prop_ibuf_I_O)         1.366    14.700 r  sys_clk_IBUF_inst/O
                         net (fo=1, routed)           2.006    16.706    sys_clk_IBUF
    BUFGCTRL_X0Y16       BUFG (Prop_bufg_I_O)         0.091    16.797 r  sys_clk_IBUF_BUFG_inst/O
                         net (fo=173, routed)         1.612    18.409    sys_clk_IBUF_BUFG
    MMCME2_ADV_X1Y0      MMCME2_ADV (Prop_mmcme2_adv_CLKIN1_CLKOUT1)
                                                      0.083    18.492 r  u_mmcm/CLKOUT1
                         net (fo=1, routed)           1.725    20.217    clk_pix
    BUFGCTRL_X0Y2        BUFG (Prop_bufg_I_O)         0.091    20.308 r  clk_pix_BUFG_inst/O
                         net (fo=28, routed)          1.697    22.006    u_vga/clk_pix
    SLICE_X109Y6         FDCE                                         r  u_vga/cy_reg[5]/C
                         clock pessimism              0.766    22.772    
                         clock uncertainty           -0.082    22.690    
    SLICE_X109Y6         FDCE (Setup_fdce_C_D)        0.062    22.752    u_vga/cy_reg[5]
  -------------------------------------------------------------------
                         required time                         22.752    
                         arrival time                         -15.193    
  -------------------------------------------------------------------
                         slack                                  7.559    

Slack (MET) :             7.580ns  (required time - arrival time)
  Source:                 u_vga/cx_reg[7]/C
                            (rising edge-triggered cell FDCE clocked by clk_pix  {rise@0.000ns fall@6.667ns period=13.333ns})
  Destination:            u_vga/cy_reg[7]/D
                            (rising edge-triggered cell FDCE clocked by clk_pix  {rise@0.000ns fall@6.667ns period=13.333ns})
  Path Group:             clk_pix
  Path Type:              Setup (Max at Slow Process Corner)
  Requirement:            13.333ns  (clk_pix rise@13.333ns - clk_pix rise@0.000ns)
  Data Path Delay:        5.667ns  (logic 1.801ns (31.779%)  route 3.866ns (68.221%))
  Logic Levels:           6  (CARRY4=2 LUT3=1 LUT4=1 LUT5=1 LUT6=1)
  Clock Path Skew:        -0.066ns (DCD - SCD + CPR)
    Destination Clock Delay (DCD):    8.672ns = ( 22.006 - 13.333 ) 
    Source Clock Delay      (SCD):    9.504ns
    Clock Pessimism Removal (CPR):    0.766ns
  Clock Uncertainty:      0.082ns  ((TSJ^2 + DJ^2)^1/2) / 2 + PE
    Total System Jitter     (TSJ):    0.071ns
    Discrete Jitter          (DJ):    0.148ns
    Phase Error              (PE):    0.000ns

    Location             Delay type                Incr(ns)  Path(ns)    Netlist Resource(s)
  -------------------------------------------------------------------    -------------------
                         (clock clk_pix rise edge)    0.000     0.000 r  
    M19                                               0.000     0.000 r  sys_clk (IN)
                         net (fo=0)                   0.000     0.000    sys_clk
    M19                  IBUF (Prop_ibuf_I_O)         1.436     1.436 r  sys_clk_IBUF_inst/O
                         net (fo=1, routed)           2.205     3.641    sys_clk_IBUF
    BUFGCTRL_X0Y16       BUFG (Prop_bufg_I_O)         0.101     3.742 r  sys_clk_IBUF_BUFG_inst/O
                         net (fo=173, routed)         1.806     5.548    sys_clk_IBUF_BUFG
    MMCME2_ADV_X1Y0      MMCME2_ADV (Prop_mmcme2_adv_CLKIN1_CLKOUT1)
                                                      0.088     5.636 r  u_mmcm/CLKOUT1
                         net (fo=1, routed)           1.889     7.525    clk_pix
    BUFGCTRL_X0Y2        BUFG (Prop_bufg_I_O)         0.101     7.626 r  clk_pix_BUFG_inst/O
                         net (fo=28, routed)          1.878     9.504    u_vga/clk_pix
    SLICE_X111Y8         FDCE                                         r  u_vga/cx_reg[7]/C
  -------------------------------------------------------------------    -------------------
    SLICE_X111Y8         FDCE (Prop_fdce_C_Q)         0.419     9.923 r  u_vga/cx_reg[7]/Q
                         net (fo=4, routed)           0.833    10.757    u_vga/cx_reg_n_0_[7]
    SLICE_X111Y7         LUT4 (Prop_lut4_I1_O)        0.296    11.053 r  u_vga/cx[12]_i_5/O
                         net (fo=1, routed)           0.670    11.723    u_vga/cx[12]_i_5_n_0
    SLICE_X111Y7         LUT6 (Prop_lut6_I0_O)        0.124    11.847 f  u_vga/cx[12]_i_3/O
                         net (fo=28, routed)          1.503    13.350    u_vga/cy[0]_i_1_n_0
    SLICE_X108Y5         LUT5 (Prop_lut5_I4_O)        0.124    13.474 r  u_vga/cy[0]_i_7/O
                         net (fo=2, routed)           0.859    14.334    u_vga/cy[0]_i_7_n_0
    SLICE_X109Y5         LUT3 (Prop_lut3_I2_O)        0.124    14.458 r  u_vga/cy[0]_i_4/O
                         net (fo=1, routed)           0.000    14.458    u_vga/cy[0]_i_4_n_0
    SLICE_X109Y5         CARRY4 (Prop_carry4_S[3]_CO[3])
                                                      0.401    14.859 r  u_vga/cy_reg[0]_i_2/CO[3]
                         net (fo=1, routed)           0.000    14.859    u_vga/cy_reg[0]_i_2_n_0
    SLICE_X109Y6         CARRY4 (Prop_carry4_CI_O[3])
                                                      0.313    15.172 r  u_vga/cy_reg[4]_i_1/O[3]
                         net (fo=1, routed)           0.000    15.172    u_vga/cy_reg[4]_i_1_n_4
    SLICE_X109Y6         FDCE                                         r  u_vga/cy_reg[7]/D
  -------------------------------------------------------------------    -------------------

                         (clock clk_pix rise edge)   13.333    13.333 r  
    M19                                               0.000    13.333 r  sys_clk (IN)
                         net (fo=0)                   0.000    13.333    sys_clk
    M19                  IBUF (Prop_ibuf_I_O)         1.366    14.700 r  sys_clk_IBUF_inst/O
                         net (fo=1, routed)           2.006    16.706    sys_clk_IBUF
    BUFGCTRL_X0Y16       BUFG (Prop_bufg_I_O)         0.091    16.797 r  sys_clk_IBUF_BUFG_inst/O
                         net (fo=173, routed)         1.612    18.409    sys_clk_IBUF_BUFG
    MMCME2_ADV_X1Y0      MMCME2_ADV (Prop_mmcme2_adv_CLKIN1_CLKOUT1)
                                                      0.083    18.492 r  u_mmcm/CLKOUT1
                         net (fo=1, routed)           1.725    20.217    clk_pix
    BUFGCTRL_X0Y2        BUFG (Prop_bufg_I_O)         0.091    20.308 r  clk_pix_BUFG_inst/O
                         net (fo=28, routed)          1.697    22.006    u_vga/clk_pix
    SLICE_X109Y6         FDCE                                         r  u_vga/cy_reg[7]/C
                         clock pessimism              0.766    22.772    
                         clock uncertainty           -0.082    22.690    
    SLICE_X109Y6         FDCE (Setup_fdce_C_D)        0.062    22.752    u_vga/cy_reg[7]
  -------------------------------------------------------------------
                         required time                         22.752    
                         arrival time                         -15.172    
  -------------------------------------------------------------------
                         slack                                  7.580    

Slack (MET) :             7.654ns  (required time - arrival time)
  Source:                 u_vga/cx_reg[7]/C
                            (rising edge-triggered cell FDCE clocked by clk_pix  {rise@0.000ns fall@6.667ns period=13.333ns})
  Destination:            u_vga/cy_reg[6]/D
                            (rising edge-triggered cell FDCE clocked by clk_pix  {rise@0.000ns fall@6.667ns period=13.333ns})
  Path Group:             clk_pix
  Path Type:              Setup (Max at Slow Process Corner)
  Requirement:            13.333ns  (clk_pix rise@13.333ns - clk_pix rise@0.000ns)
  Data Path Delay:        5.593ns  (logic 1.727ns (30.877%)  route 3.866ns (69.123%))
  Logic Levels:           6  (CARRY4=2 LUT3=1 LUT4=1 LUT5=1 LUT6=1)
  Clock Path Skew:        -0.066ns (DCD - SCD + CPR)
    Destination Clock Delay (DCD):    8.672ns = ( 22.006 - 13.333 ) 
    Source Clock Delay      (SCD):    9.504ns
    Clock Pessimism Removal (CPR):    0.766ns
  Clock Uncertainty:      0.082ns  ((TSJ^2 + DJ^2)^1/2) / 2 + PE
    Total System Jitter     (TSJ):    0.071ns
    Discrete Jitter          (DJ):    0.148ns
    Phase Error              (PE):    0.000ns

    Location             Delay type                Incr(ns)  Path(ns)    Netlist Resource(s)
  -------------------------------------------------------------------    -------------------
                         (clock clk_pix rise edge)    0.000     0.000 r  
    M19                                               0.000     0.000 r  sys_clk (IN)
                         net (fo=0)                   0.000     0.000    sys_clk
    M19                  IBUF (Prop_ibuf_I_O)         1.436     1.436 r  sys_clk_IBUF_inst/O
                         net (fo=1, routed)           2.205     3.641    sys_clk_IBUF
    BUFGCTRL_X0Y16       BUFG (Prop_bufg_I_O)         0.101     3.742 r  sys_clk_IBUF_BUFG_inst/O
                         net (fo=173, routed)         1.806     5.548    sys_clk_IBUF_BUFG
    MMCME2_ADV_X1Y0      MMCME2_ADV (Prop_mmcme2_adv_CLKIN1_CLKOUT1)
                                                      0.088     5.636 r  u_mmcm/CLKOUT1
                         net (fo=1, routed)           1.889     7.525    clk_pix
    BUFGCTRL_X0Y2        BUFG (Prop_bufg_I_O)         0.101     7.626 r  clk_pix_BUFG_inst/O
                         net (fo=28, routed)          1.878     9.504    u_vga/clk_pix
    SLICE_X111Y8         FDCE                                         r  u_vga/cx_reg[7]/C
  -------------------------------------------------------------------    -------------------
    SLICE_X111Y8         FDCE (Prop_fdce_C_Q)         0.419     9.923 r  u_vga/cx_reg[7]/Q
                         net (fo=4, routed)           0.833    10.757    u_vga/cx_reg_n_0_[7]
    SLICE_X111Y7         LUT4 (Prop_lut4_I1_O)        0.296    11.053 r  u_vga/cx[12]_i_5/O
                         net (fo=1, routed)           0.670    11.723    u_vga/cx[12]_i_5_n_0
    SLICE_X111Y7         LUT6 (Prop_lut6_I0_O)        0.124    11.847 f  u_vga/cx[12]_i_3/O
                         net (fo=28, routed)          1.503    13.350    u_vga/cy[0]_i_1_n_0
    SLICE_X108Y5         LUT5 (Prop_lut5_I4_O)        0.124    13.474 r  u_vga/cy[0]_i_7/O
                         net (fo=2, routed)           0.859    14.334    u_vga/cy[0]_i_7_n_0
    SLICE_X109Y5         LUT3 (Prop_lut3_I2_O)        0.124    14.458 r  u_vga/cy[0]_i_4/O
                         net (fo=1, routed)           0.000    14.458    u_vga/cy[0]_i_4_n_0
    SLICE_X109Y5         CARRY4 (Prop_carry4_S[3]_CO[3])
                                                      0.401    14.859 r  u_vga/cy_reg[0]_i_2/CO[3]
                         net (fo=1, routed)           0.000    14.859    u_vga/cy_reg[0]_i_2_n_0
    SLICE_X109Y6         CARRY4 (Prop_carry4_CI_O[2])
                                                      0.239    15.098 r  u_vga/cy_reg[4]_i_1/O[2]
                         net (fo=1, routed)           0.000    15.098    u_vga/cy_reg[4]_i_1_n_5
    SLICE_X109Y6         FDCE                                         r  u_vga/cy_reg[6]/D
  -------------------------------------------------------------------    -------------------

                         (clock clk_pix rise edge)   13.333    13.333 r  
    M19                                               0.000    13.333 r  sys_clk (IN)
                         net (fo=0)                   0.000    13.333    sys_clk
    M19                  IBUF (Prop_ibuf_I_O)         1.366    14.700 r  sys_clk_IBUF_inst/O
                         net (fo=1, routed)           2.006    16.706    sys_clk_IBUF
    BUFGCTRL_X0Y16       BUFG (Prop_bufg_I_O)         0.091    16.797 r  sys_clk_IBUF_BUFG_inst/O
                         net (fo=173, routed)         1.612    18.409    sys_clk_IBUF_BUFG
    MMCME2_ADV_X1Y0      MMCME2_ADV (Prop_mmcme2_adv_CLKIN1_CLKOUT1)
                                                      0.083    18.492 r  u_mmcm/CLKOUT1
                         net (fo=1, routed)           1.725    20.217    clk_pix
    BUFGCTRL_X0Y2        BUFG (Prop_bufg_I_O)         0.091    20.308 r  clk_pix_BUFG_inst/O
                         net (fo=28, routed)          1.697    22.006    u_vga/clk_pix
    SLICE_X109Y6         FDCE                                         r  u_vga/cy_reg[6]/C
                         clock pessimism              0.766    22.772    
                         clock uncertainty           -0.082    22.690    
    SLICE_X109Y6         FDCE (Setup_fdce_C_D)        0.062    22.752    u_vga/cy_reg[6]
  -------------------------------------------------------------------
                         required time                         22.752    
                         arrival time                         -15.098    
  -------------------------------------------------------------------
                         slack                                  7.654    

Slack (MET) :             7.670ns  (required time - arrival time)
  Source:                 u_vga/cx_reg[7]/C
                            (rising edge-triggered cell FDCE clocked by clk_pix  {rise@0.000ns fall@6.667ns period=13.333ns})
  Destination:            u_vga/cy_reg[4]/D
                            (rising edge-triggered cell FDCE clocked by clk_pix  {rise@0.000ns fall@6.667ns period=13.333ns})
  Path Group:             clk_pix
  Path Type:              Setup (Max at Slow Process Corner)
  Requirement:            13.333ns  (clk_pix rise@13.333ns - clk_pix rise@0.000ns)
  Data Path Delay:        5.577ns  (logic 1.711ns (30.678%)  route 3.866ns (69.322%))
  Logic Levels:           6  (CARRY4=2 LUT3=1 LUT4=1 LUT5=1 LUT6=1)
  Clock Path Skew:        -0.066ns (DCD - SCD + CPR)
    Destination Clock Delay (DCD):    8.672ns = ( 22.006 - 13.333 ) 
    Source Clock Delay      (SCD):    9.504ns
    Clock Pessimism Removal (CPR):    0.766ns
  Clock Uncertainty:      0.082ns  ((TSJ^2 + DJ^2)^1/2) / 2 + PE
    Total System Jitter     (TSJ):    0.071ns
    Discrete Jitter          (DJ):    0.148ns
    Phase Error              (PE):    0.000ns

    Location             Delay type                Incr(ns)  Path(ns)    Netlist Resource(s)
  -------------------------------------------------------------------    -------------------
                         (clock clk_pix rise edge)    0.000     0.000 r  
    M19                                               0.000     0.000 r  sys_clk (IN)
                         net (fo=0)                   0.000     0.000    sys_clk
    M19                  IBUF (Prop_ibuf_I_O)         1.436     1.436 r  sys_clk_IBUF_inst/O
                         net (fo=1, routed)           2.205     3.641    sys_clk_IBUF
    BUFGCTRL_X0Y16       BUFG (Prop_bufg_I_O)         0.101     3.742 r  sys_clk_IBUF_BUFG_inst/O
                         net (fo=173, routed)         1.806     5.548    sys_clk_IBUF_BUFG
    MMCME2_ADV_X1Y0      MMCME2_ADV (Prop_mmcme2_adv_CLKIN1_CLKOUT1)
                                                      0.088     5.636 r  u_mmcm/CLKOUT1
                         net (fo=1, routed)           1.889     7.525    clk_pix
    BUFGCTRL_X0Y2        BUFG (Prop_bufg_I_O)         0.101     7.626 r  clk_pix_BUFG_inst/O
                         net (fo=28, routed)          1.878     9.504    u_vga/clk_pix
    SLICE_X111Y8         FDCE                                         r  u_vga/cx_reg[7]/C
  -------------------------------------------------------------------    -------------------
    SLICE_X111Y8         FDCE (Prop_fdce_C_Q)         0.419     9.923 r  u_vga/cx_reg[7]/Q
                         net (fo=4, routed)           0.833    10.757    u_vga/cx_reg_n_0_[7]
    SLICE_X111Y7         LUT4 (Prop_lut4_I1_O)        0.296    11.053 r  u_vga/cx[12]_i_5/O
                         net (fo=1, routed)           0.670    11.723    u_vga/cx[12]_i_5_n_0
    SLICE_X111Y7         LUT6 (Prop_lut6_I0_O)        0.124    11.847 f  u_vga/cx[12]_i_3/O
                         net (fo=28, routed)          1.503    13.350    u_vga/cy[0]_i_1_n_0
    SLICE_X108Y5         LUT5 (Prop_lut5_I4_O)        0.124    13.474 r  u_vga/cy[0]_i_7/O
                         net (fo=2, routed)           0.859    14.334    u_vga/cy[0]_i_7_n_0
    SLICE_X109Y5         LUT3 (Prop_lut3_I2_O)        0.124    14.458 r  u_vga/cy[0]_i_4/O
                         net (fo=1, routed)           0.000    14.458    u_vga/cy[0]_i_4_n_0
    SLICE_X109Y5         CARRY4 (Prop_carry4_S[3]_CO[3])
                                                      0.401    14.859 r  u_vga/cy_reg[0]_i_2/CO[3]
                         net (fo=1, routed)           0.000    14.859    u_vga/cy_reg[0]_i_2_n_0
    SLICE_X109Y6         CARRY4 (Prop_carry4_CI_O[0])
                                                      0.223    15.082 r  u_vga/cy_reg[4]_i_1/O[0]
                         net (fo=1, routed)           0.000    15.082    u_vga/cy_reg[4]_i_1_n_7
    SLICE_X109Y6         FDCE                                         r  u_vga/cy_reg[4]/D
  -------------------------------------------------------------------    -------------------

                         (clock clk_pix rise edge)   13.333    13.333 r  
    M19                                               0.000    13.333 r  sys_clk (IN)
                         net (fo=0)                   0.000    13.333    sys_clk
    M19                  IBUF (Prop_ibuf_I_O)         1.366    14.700 r  sys_clk_IBUF_inst/O
                         net (fo=1, routed)           2.006    16.706    sys_clk_IBUF
    BUFGCTRL_X0Y16       BUFG (Prop_bufg_I_O)         0.091    16.797 r  sys_clk_IBUF_BUFG_inst/O
                         net (fo=173, routed)         1.612    18.409    sys_clk_IBUF_BUFG
    MMCME2_ADV_X1Y0      MMCME2_ADV (Prop_mmcme2_adv_CLKIN1_CLKOUT1)
                                                      0.083    18.492 r  u_mmcm/CLKOUT1
                         net (fo=1, routed)           1.725    20.217    clk_pix
    BUFGCTRL_X0Y2        BUFG (Prop_bufg_I_O)         0.091    20.308 r  clk_pix_BUFG_inst/O
                         net (fo=28, routed)          1.697    22.006    u_vga/clk_pix
    SLICE_X109Y6         FDCE                                         r  u_vga/cy_reg[4]/C
                         clock pessimism              0.766    22.772    
                         clock uncertainty           -0.082    22.690    
    SLICE_X109Y6         FDCE (Setup_fdce_C_D)        0.062    22.752    u_vga/cy_reg[4]
  -------------------------------------------------------------------
                         required time                         22.752    
                         arrival time                         -15.082    
  -------------------------------------------------------------------
                         slack                                  7.670    

Slack (MET) :             7.921ns  (required time - arrival time)
  Source:                 u_vga/cx_reg[7]/C
                            (rising edge-triggered cell FDCE clocked by clk_pix  {rise@0.000ns fall@6.667ns period=13.333ns})
  Destination:            u_vga/cy_reg[3]/D
                            (rising edge-triggered cell FDCE clocked by clk_pix  {rise@0.000ns fall@6.667ns period=13.333ns})
  Path Group:             clk_pix
  Path Type:              Setup (Max at Slow Process Corner)
  Requirement:            13.333ns  (clk_pix rise@13.333ns - clk_pix rise@0.000ns)
  Data Path Delay:        5.326ns  (logic 1.685ns (31.636%)  route 3.641ns (68.364%))
  Logic Levels:           5  (CARRY4=1 LUT3=1 LUT4=1 LUT5=1 LUT6=1)
  Clock Path Skew:        -0.066ns (DCD - SCD + CPR)
    Destination Clock Delay (DCD):    8.672ns = ( 22.006 - 13.333 ) 
    Source Clock Delay      (SCD):    9.504ns
    Clock Pessimism Removal (CPR):    0.766ns
  Clock Uncertainty:      0.082ns  ((TSJ^2 + DJ^2)^1/2) / 2 + PE
    Total System Jitter     (TSJ):    0.071ns
    Discrete Jitter          (DJ):    0.148ns
    Phase Error              (PE):    0.000ns

    Location             Delay type                Incr(ns)  Path(ns)    Netlist Resource(s)
  -------------------------------------------------------------------    -------------------
                         (clock clk_pix rise edge)    0.000     0.000 r  
    M19                                               0.000     0.000 r  sys_clk (IN)
                         net (fo=0)                   0.000     0.000    sys_clk
    M19                  IBUF (Prop_ibuf_I_O)         1.436     1.436 r  sys_clk_IBUF_inst/O
                         net (fo=1, routed)           2.205     3.641    sys_clk_IBUF
    BUFGCTRL_X0Y16       BUFG (Prop_bufg_I_O)         0.101     3.742 r  sys_clk_IBUF_BUFG_inst/O
                         net (fo=173, routed)         1.806     5.548    sys_clk_IBUF_BUFG
    MMCME2_ADV_X1Y0      MMCME2_ADV (Prop_mmcme2_adv_CLKIN1_CLKOUT1)
                                                      0.088     5.636 r  u_mmcm/CLKOUT1
                         net (fo=1, routed)           1.889     7.525    clk_pix
    BUFGCTRL_X0Y2        BUFG (Prop_bufg_I_O)         0.101     7.626 r  clk_pix_BUFG_inst/O
                         net (fo=28, routed)          1.878     9.504    u_vga/clk_pix
    SLICE_X111Y8         FDCE                                         r  u_vga/cx_reg[7]/C
  -------------------------------------------------------------------    -------------------
    SLICE_X111Y8         FDCE (Prop_fdce_C_Q)         0.419     9.923 r  u_vga/cx_reg[7]/Q
                         net (fo=4, routed)           0.833    10.757    u_vga/cx_reg_n_0_[7]
    SLICE_X111Y7         LUT4 (Prop_lut4_I1_O)        0.296    11.053 r  u_vga/cx[12]_i_5/O
                         net (fo=1, routed)           0.670    11.723    u_vga/cx[12]_i_5_n_0
    SLICE_X111Y7         LUT6 (Prop_lut6_I0_O)        0.124    11.847 f  u_vga/cx[12]_i_3/O
                         net (fo=28, routed)          1.503    13.350    u_vga/cy[0]_i_1_n_0
    SLICE_X108Y5         LUT5 (Prop_lut5_I4_O)        0.124    13.474 r  u_vga/cy[0]_i_7/O
                         net (fo=2, routed)           0.634    14.109    u_vga/cy[0]_i_7_n_0
    SLICE_X109Y5         LUT3 (Prop_lut3_I2_O)        0.150    14.259 r  u_vga/cy[0]_i_3/O
                         net (fo=1, routed)           0.000    14.259    u_vga/cy[0]_i_3_n_0
    SLICE_X109Y5         CARRY4 (Prop_carry4_DI[0]_O[3])
                                                      0.572    14.831 r  u_vga/cy_reg[0]_i_2/O[3]
                         net (fo=1, routed)           0.000    14.831    u_vga/cy_reg[0]_i_2_n_4
    SLICE_X109Y5         FDCE                                         r  u_vga/cy_reg[3]/D
  -------------------------------------------------------------------    -------------------

                         (clock clk_pix rise edge)   13.333    13.333 r  
    M19                                               0.000    13.333 r  sys_clk (IN)
                         net (fo=0)                   0.000    13.333    sys_clk
    M19                  IBUF (Prop_ibuf_I_O)         1.366    14.700 r  sys_clk_IBUF_inst/O
                         net (fo=1, routed)           2.006    16.706    sys_clk_IBUF
    BUFGCTRL_X0Y16       BUFG (Prop_bufg_I_O)         0.091    16.797 r  sys_clk_IBUF_BUFG_inst/O
                         net (fo=173, routed)         1.612    18.409    sys_clk_IBUF_BUFG
    MMCME2_ADV_X1Y0      MMCME2_ADV (Prop_mmcme2_adv_CLKIN1_CLKOUT1)
                                                      0.083    18.492 r  u_mmcm/CLKOUT1
                         net (fo=1, routed)           1.725    20.217    clk_pix
    BUFGCTRL_X0Y2        BUFG (Prop_bufg_I_O)         0.091    20.308 r  clk_pix_BUFG_inst/O
                         net (fo=28, routed)          1.697    22.006    u_vga/clk_pix
    SLICE_X109Y5         FDCE                                         r  u_vga/cy_reg[3]/C
                         clock pessimism              0.766    22.772    
                         clock uncertainty           -0.082    22.690    
    SLICE_X109Y5         FDCE (Setup_fdce_C_D)        0.062    22.752    u_vga/cy_reg[3]
  -------------------------------------------------------------------
                         required time                         22.752    
                         arrival time                         -14.831    
  -------------------------------------------------------------------
                         slack                                  7.921    





Pulse Width Checks
--------------------------------------------------------------------------------------
Clock Name:         clk_pix
Waveform(ns):       { 0.000 6.667 }
Period(ns):         13.333
Sources:            { u_mmcm/CLKOUT1 }

Check Type        Corner  Lib Pin             Reference Pin  Required(ns)  Actual(ns)  Slack(ns)  Location         Pin
Min Period        n/a     BUFG/I              n/a            2.155         13.333      11.178     BUFGCTRL_X0Y2    clk_pix_BUFG_inst/I
Min Period        n/a     MMCME2_ADV/CLKOUT1  n/a            1.249         13.333      12.084     MMCME2_ADV_X1Y0  u_mmcm/CLKOUT1
Min Period        n/a     FDCE/C              n/a            1.000         13.333      12.333     SLICE_X113Y8     u_rx/sync_ff_reg[0]/C
Min Period        n/a     FDCE/C              n/a            1.000         13.333      12.333     SLICE_X113Y8     u_rx/sync_ff_reg[1]/C
Min Period        n/a     FDCE/C              n/a            1.000         13.333      12.333     SLICE_X110Y6     u_vga/cx_reg[0]/C
Min Period        n/a     FDCE/C              n/a            1.000         13.333      12.333     SLICE_X112Y8     u_vga/cx_reg[10]/C
Min Period        n/a     FDCE/C              n/a            1.000         13.333      12.333     SLICE_X111Y8     u_vga/cx_reg[11]/C
Min Period        n/a     FDCE/C              n/a            1.000         13.333      12.333     SLICE_X112Y8     u_vga/cx_reg[12]/C
Min Period        n/a     FDCE/C              n/a            1.000         13.333      12.333     SLICE_X111Y7     u_vga/cx_reg[1]/C
Min Period        n/a     FDCE/C              n/a            1.000         13.333      12.333     SLICE_X111Y7     u_vga/cx_reg[2]/C
Max Period        n/a     MMCME2_ADV/CLKOUT1  n/a            213.360       13.333      200.027    MMCME2_ADV_X1Y0  u_mmcm/CLKOUT1
Low Pulse Width   Slow    FDCE/C              n/a            0.500         6.667       6.167      SLICE_X113Y8     u_rx/sync_ff_reg[0]/C
Low Pulse Width   Fast    FDCE/C              n/a            0.500         6.667       6.167      SLICE_X113Y8     u_rx/sync_ff_reg[0]/C
Low Pulse Width   Slow    FDCE/C              n/a            0.500         6.667       6.167      SLICE_X113Y8     u_rx/sync_ff_reg[1]/C
Low Pulse Width   Fast    FDCE/C              n/a            0.500         6.667       6.167      SLICE_X113Y8     u_rx/sync_ff_reg[1]/C
Low Pulse Width   Slow    FDCE/C              n/a            0.500         6.667       6.167      SLICE_X110Y6     u_vga/cx_reg[0]/C
Low Pulse Width   Fast    FDCE/C              n/a            0.500         6.667       6.167      SLICE_X110Y6     u_vga/cx_reg[0]/C
Low Pulse Width   Slow    FDCE/C              n/a            0.500         6.667       6.167      SLICE_X112Y8     u_vga/cx_reg[10]/C
Low Pulse Width   Fast    FDCE/C              n/a            0.500         6.667       6.167      SLICE_X112Y8     u_vga/cx_reg[10]/C
Low Pulse Width   Slow    FDCE/C              n/a            0.500         6.667       6.167      SLICE_X111Y8     u_vga/cx_reg[11]/C
Low Pulse Width   Fast    FDCE/C              n/a            0.500         6.667       6.167      SLICE_X111Y8     u_vga/cx_reg[11]/C
High Pulse Width  Slow    FDCE/C              n/a            0.500         6.667       6.167      SLICE_X113Y8     u_rx/sync_ff_reg[0]/C
High Pulse Width  Fast    FDCE/C              n/a            0.500         6.667       6.167      SLICE_X113Y8     u_rx/sync_ff_reg[0]/C
High Pulse Width  Slow    FDCE/C              n/a            0.500         6.667       6.167      SLICE_X113Y8     u_rx/sync_ff_reg[1]/C
High Pulse Width  Fast    FDCE/C              n/a            0.500         6.667       6.167      SLICE_X113Y8     u_rx/sync_ff_reg[1]/C
High Pulse Width  Slow    FDCE/C              n/a            0.500         6.667       6.167      SLICE_X110Y6     u_vga/cx_reg[0]/C
High Pulse Width  Fast    FDCE/C              n/a            0.500         6.667       6.167      SLICE_X110Y6     u_vga/cx_reg[0]/C
High Pulse Width  Slow    FDCE/C              n/a            0.500         6.667       6.167      SLICE_X112Y8     u_vga/cx_reg[10]/C
High Pulse Width  Fast    FDCE/C              n/a            0.500         6.667       6.167      SLICE_X112Y8     u_vga/cx_reg[10]/C
High Pulse Width  Slow    FDCE/C              n/a            0.500         6.667       6.167      SLICE_X111Y8     u_vga/cx_reg[11]/C
High Pulse Width  Fast    FDCE/C              n/a            0.500         6.667       6.167      SLICE_X111Y8     u_vga/cx_reg[11]/C



---------------------------------------------------------------------------------------------------
From Clock:  clk_proc
  To Clock:  clk_proc

Setup :            0  Failing Endpoints,  Worst Slack        0.139ns,  Total Violation        0.000ns
Hold  :           NA  Failing Endpoints,  Worst Slack           NA  ,  Total Violation           NA
PW    :            0  Failing Endpoints,  Worst Slack        1.528ns,  Total Violation        0.000ns
---------------------------------------------------------------------------------------------------


Max Delay Paths
--------------------------------------------------------------------------------------
Slack (MET) :             0.139ns  (required time - arrival time)
  Source:                 g_chan[0].u_canny/u_hyst/weak_mem_reg_0/CLKBWRCLK
                            (rising edge-triggered cell RAMB36E1 clocked by clk_proc  {rise@0.000ns fall@2.778ns period=5.556ns})
  Destination:            g_chan[0].u_canny/u_hyst/win_data_r_reg[1]/D
                            (rising edge-triggered cell FDCE clocked by clk_proc  {rise@0.000ns fall@2.778ns period=5.556ns})
  Path Group:             clk_proc
  Path Type:              Setup (Max at Slow Process Corner)
  Requirement:            5.556ns  (clk_proc rise@5.556ns - clk_proc rise@0.000ns)
  Data Path Delay:        5.124ns  (logic 3.545ns (69.190%)  route 1.579ns (30.810%))
  Logic Levels:           3  (LUT5=1 LUT6=1 RAMB36E1=1)
  Clock Path Skew:        -0.251ns (DCD - SCD + CPR)
    Destination Clock Delay (DCD):    8.463ns = ( 14.019 - 5.556 ) 
    Source Clock Delay      (SCD):    9.380ns
    Clock Pessimism Removal (CPR):    0.666ns
  Clock Uncertainty:      0.073ns  ((TSJ^2 + DJ^2)^1/2) / 2 + PE
    Total System Jitter     (TSJ):    0.071ns
    Discrete Jitter          (DJ):    0.127ns
    Phase Error              (PE):    0.000ns

    Location             Delay type                Incr(ns)  Path(ns)    Netlist Resource(s)
  -------------------------------------------------------------------    -------------------
                         (clock clk_proc rise edge)
                                                      0.000     0.000 r  
    M19                                               0.000     0.000 r  sys_clk (IN)
                         net (fo=0)                   0.000     0.000    sys_clk
    M19                  IBUF (Prop_ibuf_I_O)         1.436     1.436 r  sys_clk_IBUF_inst/O
                         net (fo=1, routed)           2.205     3.641    sys_clk_IBUF
    BUFGCTRL_X0Y16       BUFG (Prop_bufg_I_O)         0.101     3.742 r  sys_clk_IBUF_BUFG_inst/O
                         net (fo=173, routed)         1.806     5.548    sys_clk_IBUF_BUFG
    MMCME2_ADV_X1Y0      MMCME2_ADV (Prop_mmcme2_adv_CLKIN1_CLKOUT0)
                                                      0.088     5.636 r  u_mmcm/CLKOUT0
                         net (fo=1, routed)           1.889     7.525    clk_proc
    BUFGCTRL_X0Y1        BUFG (Prop_bufg_I_O)         0.101     7.626 r  clk_proc_BUFG_inst/O
                         net (fo=4049, routed)        1.753     9.380    g_chan[0].u_canny/u_hyst/clk_proc_BUFG
    RAMB36_X3Y4          RAMB36E1                                     r  g_chan[0].u_canny/u_hyst/weak_mem_reg_0/CLKBWRCLK
  -------------------------------------------------------------------    -------------------
    RAMB36_X3Y4          RAMB36E1 (Prop_ramb36e1_CLKBWRCLK_CASCADEOUTB)
                                                      2.872    12.252 r  g_chan[0].u_canny/u_hyst/weak_mem_reg_0/CASCADEOUTB
                         net (fo=1, routed)           0.065    12.317    g_chan[0].u_canny/u_hyst/weak_mem_reg_0_n_1
    RAMB36_X3Y5          RAMB36E1 (Prop_ramb36e1_CASCADEINB_DOBDO[0])
                                                      0.425    12.742 r  g_chan[0].u_canny/u_hyst/weak_mem_reg_1/DOBDO[0]
                         net (fo=1, routed)           1.355    14.097    g_chan[0].u_canny/u_hyst/weak_mem_reg_1_n_67
    SLICE_X48Y9          LUT6 (Prop_lut6_I5_O)        0.124    14.221 r  g_chan[0].u_canny/u_hyst/win_data_r[1]_i_2/O
                         net (fo=1, routed)           0.158    14.379    g_chan[0].u_canny/u_hyst/win_data_r[1]_i_2_n_0
    SLICE_X48Y9          LUT5 (Prop_lut5_I4_O)        0.124    14.503 r  g_chan[0].u_canny/u_hyst/win_data_r[1]_i_1/O
                         net (fo=1, routed)           0.000    14.503    g_chan[0].u_canny/u_hyst/rd_word_q_reg[1]
    SLICE_X48Y9          FDCE                                         r  g_chan[0].u_canny/u_hyst/win_data_r_reg[1]/D
  -------------------------------------------------------------------    -------------------

                         (clock clk_proc rise edge)
                                                      5.556     5.556 r  
    M19                                               0.000     5.556 r  sys_clk (IN)
                         net (fo=0)                   0.000     5.556    sys_clk
    M19                  IBUF (Prop_ibuf_I_O)         1.366     6.922 r  sys_clk_IBUF_inst/O
                         net (fo=1, routed)           2.006     8.928    sys_clk_IBUF
    BUFGCTRL_X0Y16       BUFG (Prop_bufg_I_O)         0.091     9.019 r  sys_clk_IBUF_BUFG_inst/O
                         net (fo=173, routed)         1.612    10.631    sys_clk_IBUF_BUFG
    MMCME2_ADV_X1Y0      MMCME2_ADV (Prop_mmcme2_adv_CLKIN1_CLKOUT0)
                                                      0.083    10.714 r  u_mmcm/CLKOUT0
                         net (fo=1, routed)           1.725    12.439    clk_proc
    BUFGCTRL_X0Y1        BUFG (Prop_bufg_I_O)         0.091    12.530 r  clk_proc_BUFG_inst/O
                         net (fo=4049, routed)        1.488    14.019    g_chan[0].u_canny/u_hyst/clk_proc_BUFG
    SLICE_X48Y9          FDCE                                         r  g_chan[0].u_canny/u_hyst/win_data_r_reg[1]/C
                         clock pessimism              0.666    14.684    
                         clock uncertainty           -0.073    14.612    
    SLICE_X48Y9          FDCE (Setup_fdce_C_D)        0.031    14.643    g_chan[0].u_canny/u_hyst/win_data_r_reg[1]
  -------------------------------------------------------------------
                         required time                         14.643    
                         arrival time                         -14.503    
  -------------------------------------------------------------------
                         slack                                  0.139    

Slack (MET) :             0.169ns  (required time - arrival time)
  Source:                 g_chan[0].u_cdc/rgray_reg[3]/C
                            (rising edge-triggered cell FDCE clocked by clk_proc  {rise@0.000ns fall@2.778ns period=5.556ns})
  Destination:            g_chan[0].u_cdc/rgray_reg[8]/D
                            (rising edge-triggered cell FDCE clocked by clk_proc  {rise@0.000ns fall@2.778ns period=5.556ns})
  Path Group:             clk_proc
  Path Type:              Setup (Max at Slow Process Corner)
  Requirement:            5.556ns  (clk_proc rise@5.556ns - clk_proc rise@0.000ns)
  Data Path Delay:        5.203ns  (logic 2.572ns (49.432%)  route 2.631ns (50.568%))
  Logic Levels:           7  (CARRY4=4 LUT2=1 LUT3=1 LUT6=1)
  Clock Path Skew:        -0.142ns (DCD - SCD + CPR)
    Destination Clock Delay (DCD):    8.592ns = ( 14.148 - 5.556 ) 
    Source Clock Delay      (SCD):    9.500ns
    Clock Pessimism Removal (CPR):    0.766ns
  Clock Uncertainty:      0.073ns  ((TSJ^2 + DJ^2)^1/2) / 2 + PE
    Total System Jitter     (TSJ):    0.071ns
    Discrete Jitter          (DJ):    0.127ns
    Phase Error              (PE):    0.000ns

    Location             Delay type                Incr(ns)  Path(ns)    Netlist Resource(s)
  -------------------------------------------------------------------    -------------------
                         (clock clk_proc rise edge)
                                                      0.000     0.000 r  
    M19                                               0.000     0.000 r  sys_clk (IN)
                         net (fo=0)                   0.000     0.000    sys_clk
    M19                  IBUF (Prop_ibuf_I_O)         1.436     1.436 r  sys_clk_IBUF_inst/O
                         net (fo=1, routed)           2.205     3.641    sys_clk_IBUF
    BUFGCTRL_X0Y16       BUFG (Prop_bufg_I_O)         0.101     3.742 r  sys_clk_IBUF_BUFG_inst/O
                         net (fo=173, routed)         1.806     5.548    sys_clk_IBUF_BUFG
    MMCME2_ADV_X1Y0      MMCME2_ADV (Prop_mmcme2_adv_CLKIN1_CLKOUT0)
                                                      0.088     5.636 r  u_mmcm/CLKOUT0
                         net (fo=1, routed)           1.889     7.525    clk_proc
    BUFGCTRL_X0Y1        BUFG (Prop_bufg_I_O)         0.101     7.626 r  clk_proc_BUFG_inst/O
                         net (fo=4049, routed)        1.874     9.500    g_chan[0].u_cdc/clk_proc_BUFG
    SLICE_X111Y14        FDCE                                         r  g_chan[0].u_cdc/rgray_reg[3]/C
  -------------------------------------------------------------------    -------------------
    SLICE_X111Y14        FDCE (Prop_fdce_C_Q)         0.419     9.919 r  g_chan[0].u_cdc/rgray_reg[3]/Q
                         net (fo=2, routed)           0.799    10.718    g_chan[0].u_cdc/rgray[3]
    SLICE_X106Y14        LUT6 (Prop_lut6_I4_O)        0.299    11.017 r  g_chan[0].u_cdc/empty_carry_i_3/O
                         net (fo=1, routed)           0.000    11.017    g_chan[0].u_cdc/empty_carry_i_3_n_0
    SLICE_X106Y14        CARRY4 (Prop_carry4_S[1]_CO[3])
                                                      0.550    11.567 r  g_chan[0].u_cdc/empty_carry/CO[3]
                         net (fo=9, routed)           1.027    12.594    g_chan[0].u_cdc/g_chan[0].ch_fifo_empty
    SLICE_X103Y13        LUT3 (Prop_lut3_I1_O)        0.124    12.718 r  g_chan[0].u_cdc/rbin_rep[3]_i_2/O
                         net (fo=1, routed)           0.000    12.718    g_chan[0].u_cdc/rbin_rep[3]_i_2_n_0
    SLICE_X103Y13        CARRY4 (Prop_carry4_S[0]_CO[3])
                                                      0.532    13.250 r  g_chan[0].u_cdc/rbin_reg_rep[3]_i_1/CO[3]
                         net (fo=1, routed)           0.000    13.250    g_chan[0].u_cdc/rbin_reg_rep[3]_i_1_n_0
    SLICE_X103Y14        CARRY4 (Prop_carry4_CI_CO[3])
                                                      0.114    13.364 r  g_chan[0].u_cdc/rbin_reg_rep[7]_i_1/CO[3]
                         net (fo=1, routed)           0.000    13.364    g_chan[0].u_cdc/rbin_reg_rep[7]_i_1_n_0
    SLICE_X103Y15        CARRY4 (Prop_carry4_CI_O[0])
                                                      0.235    13.599 r  g_chan[0].u_cdc/rbin_reg_rep[10]_i_1/O[0]
                         net (fo=3, routed)           0.805    14.405    g_chan[0].u_cdc/rnext[8]
    SLICE_X105Y15        LUT2 (Prop_lut2_I0_O)        0.299    14.704 r  g_chan[0].u_cdc/rgray[8]_i_1/O
                         net (fo=1, routed)           0.000    14.704    g_chan[0].u_cdc/rgray_next[8]
    SLICE_X105Y15        FDCE                                         r  g_chan[0].u_cdc/rgray_reg[8]/D
  -------------------------------------------------------------------    -------------------

                         (clock clk_proc rise edge)
                                                      5.556     5.556 r  
    M19                                               0.000     5.556 r  sys_clk (IN)
                         net (fo=0)                   0.000     5.556    sys_clk
    M19                  IBUF (Prop_ibuf_I_O)         1.366     6.922 r  sys_clk_IBUF_inst/O
                         net (fo=1, routed)           2.006     8.928    sys_clk_IBUF
    BUFGCTRL_X0Y16       BUFG (Prop_bufg_I_O)         0.091     9.019 r  sys_clk_IBUF_BUFG_inst/O
                         net (fo=173, routed)         1.612    10.631    sys_clk_IBUF_BUFG
    MMCME2_ADV_X1Y0      MMCME2_ADV (Prop_mmcme2_adv_CLKIN1_CLKOUT0)
                                                      0.083    10.714 r  u_mmcm/CLKOUT0
                         net (fo=1, routed)           1.725    12.439    clk_proc
    BUFGCTRL_X0Y1        BUFG (Prop_bufg_I_O)         0.091    12.530 r  clk_proc_BUFG_inst/O
                         net (fo=4049, routed)        1.617    14.148    g_chan[0].u_cdc/clk_proc_BUFG
    SLICE_X105Y15        FDCE                                         r  g_chan[0].u_cdc/rgray_reg[8]/C
                         clock pessimism              0.766    14.914    
                         clock uncertainty           -0.073    14.841    
    SLICE_X105Y15        FDCE (Setup_fdce_C_D)        0.031    14.872    g_chan[0].u_cdc/rgray_reg[8]
  -------------------------------------------------------------------
                         required time                         14.872    
                         arrival time                         -14.704    
  -------------------------------------------------------------------
                         slack                                  0.169    

Slack (MET) :             0.178ns  (required time - arrival time)
  Source:                 g_chan[0].u_canny/u_hyst/strong_mem_reg_0/CLKBWRCLK
                            (rising edge-triggered cell RAMB36E1 clocked by clk_proc  {rise@0.000ns fall@2.778ns period=5.556ns})
  Destination:            g_chan[0].u_canny/u_hyst/win_data_r_reg[0]/D
                            (rising edge-triggered cell FDCE clocked by clk_proc  {rise@0.000ns fall@2.778ns period=5.556ns})
  Path Group:             clk_proc
  Path Type:              Setup (Max at Slow Process Corner)
  Requirement:            5.556ns  (clk_proc rise@5.556ns - clk_proc rise@0.000ns)
  Data Path Delay:        5.161ns  (logic 3.545ns (68.690%)  route 1.616ns (31.310%))
  Logic Levels:           3  (LUT5=1 LUT6=1 RAMB36E1=1)
  Clock Path Skew:        -0.097ns (DCD - SCD + CPR)
    Destination Clock Delay (DCD):    8.550ns = ( 14.106 - 5.556 ) 
    Source Clock Delay      (SCD):    9.414ns
    Clock Pessimism Removal (CPR):    0.766ns
  Clock Uncertainty:      0.073ns  ((TSJ^2 + DJ^2)^1/2) / 2 + PE
    Total System Jitter     (TSJ):    0.071ns
    Discrete Jitter          (DJ):    0.127ns
    Phase Error              (PE):    0.000ns

    Location             Delay type                Incr(ns)  Path(ns)    Netlist Resource(s)
  -------------------------------------------------------------------    -------------------
                         (clock clk_proc rise edge)
                                                      0.000     0.000 r  
    M19                                               0.000     0.000 r  sys_clk (IN)
                         net (fo=0)                   0.000     0.000    sys_clk
    M19                  IBUF (Prop_ibuf_I_O)         1.436     1.436 r  sys_clk_IBUF_inst/O
                         net (fo=1, routed)           2.205     3.641    sys_clk_IBUF
    BUFGCTRL_X0Y16       BUFG (Prop_bufg_I_O)         0.101     3.742 r  sys_clk_IBUF_BUFG_inst/O
                         net (fo=173, routed)         1.806     5.548    sys_clk_IBUF_BUFG
    MMCME2_ADV_X1Y0      MMCME2_ADV (Prop_mmcme2_adv_CLKIN1_CLKOUT0)
                                                      0.088     5.636 r  u_mmcm/CLKOUT0
                         net (fo=1, routed)           1.889     7.525    clk_proc
    BUFGCTRL_X0Y1        BUFG (Prop_bufg_I_O)         0.101     7.626 r  clk_proc_BUFG_inst/O
                         net (fo=4049, routed)        1.787     9.414    g_chan[0].u_canny/u_hyst/clk_proc_BUFG
    RAMB36_X0Y3          RAMB36E1                                     r  g_chan[0].u_canny/u_hyst/strong_mem_reg_0/CLKBWRCLK
  -------------------------------------------------------------------    -------------------
    RAMB36_X0Y3          RAMB36E1 (Prop_ramb36e1_CLKBWRCLK_CASCADEOUTB)
                                                      2.872    12.286 r  g_chan[0].u_canny/u_hyst/strong_mem_reg_0/CASCADEOUTB
                         net (fo=1, routed)           0.065    12.351    g_chan[0].u_canny/u_hyst/strong_mem_reg_0_n_1
    RAMB36_X0Y4          RAMB36E1 (Prop_ramb36e1_CASCADEINB_DOBDO[0])
                                                      0.425    12.776 r  g_chan[0].u_canny/u_hyst/strong_mem_reg_1/DOBDO[0]
                         net (fo=1, routed)           1.195    13.972    g_chan[0].u_canny/u_hyst/strong_mem_reg_1_n_67
    SLICE_X16Y10         LUT5 (Prop_lut5_I3_O)        0.124    14.096 r  g_chan[0].u_canny/u_hyst/win_data_r[0]_i_2_comp/O
                         net (fo=1, routed)           0.165    14.261    g_chan[0].u_canny/u_hyst/win_data_r[0]_i_2_n_0
    SLICE_X16Y10         LUT6 (Prop_lut6_I4_O)        0.124    14.385 r  g_chan[0].u_canny/u_hyst/win_data_r[0]_i_1_comp/O
                         net (fo=2, routed)           0.190    14.575    g_chan[0].u_canny/u_hyst/rd_word_q_reg[0]
    SLICE_X17Y10         FDCE                                         r  g_chan[0].u_canny/u_hyst/win_data_r_reg[0]/D
  -------------------------------------------------------------------    -------------------

                         (clock clk_proc rise edge)
                                                      5.556     5.556 r  
    M19                                               0.000     5.556 r  sys_clk (IN)
                         net (fo=0)                   0.000     5.556    sys_clk
    M19                  IBUF (Prop_ibuf_I_O)         1.366     6.922 r  sys_clk_IBUF_inst/O
                         net (fo=1, routed)           2.006     8.928    sys_clk_IBUF
    BUFGCTRL_X0Y16       BUFG (Prop_bufg_I_O)         0.091     9.019 r  sys_clk_IBUF_BUFG_inst/O
                         net (fo=173, routed)         1.612    10.631    sys_clk_IBUF_BUFG
    MMCME2_ADV_X1Y0      MMCME2_ADV (Prop_mmcme2_adv_CLKIN1_CLKOUT0)
                                                      0.083    10.714 r  u_mmcm/CLKOUT0
                         net (fo=1, routed)           1.725    12.439    clk_proc
    BUFGCTRL_X0Y1        BUFG (Prop_bufg_I_O)         0.091    12.530 r  clk_proc_BUFG_inst/O
                         net (fo=4049, routed)        1.575    14.106    g_chan[0].u_canny/u_hyst/clk_proc_BUFG
    SLICE_X17Y10         FDCE                                         r  g_chan[0].u_canny/u_hyst/win_data_r_reg[0]/C
                         clock pessimism              0.766    14.872    
                         clock uncertainty           -0.073    14.799    
    SLICE_X17Y10         FDCE (Setup_fdce_C_D)       -0.047    14.752    g_chan[0].u_canny/u_hyst/win_data_r_reg[0]
  -------------------------------------------------------------------
                         required time                         14.752    
                         arrival time                         -14.575    
  -------------------------------------------------------------------
                         slack                                  0.178    

Slack (MET) :             0.199ns  (required time - arrival time)
  Source:                 g_chan[0].u_canny/u_hyst/u_win/w_pix_reg[0][0][0]/C
                            (rising edge-triggered cell FDCE clocked by clk_proc  {rise@0.000ns fall@2.778ns period=5.556ns})
  Destination:            g_chan[0].u_canny/u_hyst/strong_mem_reg_2/ENARDEN
                            (rising edge-triggered cell RAMB36E1 clocked by clk_proc  {rise@0.000ns fall@2.778ns period=5.556ns})
  Path Group:             clk_proc
  Path Type:              Setup (Max at Slow Process Corner)
  Requirement:            5.556ns  (clk_proc rise@5.556ns - clk_proc rise@0.000ns)
  Data Path Delay:        4.909ns  (logic 1.014ns (20.656%)  route 3.895ns (79.344%))
  Logic Levels:           4  (LUT3=1 LUT4=1 LUT6=2)
  Clock Path Skew:        0.067ns (DCD - SCD + CPR)
    Destination Clock Delay (DCD):    8.588ns = ( 14.143 - 5.556 ) 
    Source Clock Delay      (SCD):    9.286ns
    Clock Pessimism Removal (CPR):    0.766ns
  Clock Uncertainty:      0.073ns  ((TSJ^2 + DJ^2)^1/2) / 2 + PE
    Total System Jitter     (TSJ):    0.071ns
    Discrete Jitter          (DJ):    0.127ns
    Phase Error              (PE):    0.000ns

    Location             Delay type                Incr(ns)  Path(ns)    Netlist Resource(s)
  -------------------------------------------------------------------    -------------------
                         (clock clk_proc rise edge)
                                                      0.000     0.000 r  
    M19                                               0.000     0.000 r  sys_clk (IN)
                         net (fo=0)                   0.000     0.000    sys_clk
    M19                  IBUF (Prop_ibuf_I_O)         1.436     1.436 r  sys_clk_IBUF_inst/O
                         net (fo=1, routed)           2.205     3.641    sys_clk_IBUF
    BUFGCTRL_X0Y16       BUFG (Prop_bufg_I_O)         0.101     3.742 r  sys_clk_IBUF_BUFG_inst/O
                         net (fo=173, routed)         1.806     5.548    sys_clk_IBUF_BUFG
    MMCME2_ADV_X1Y0      MMCME2_ADV (Prop_mmcme2_adv_CLKIN1_CLKOUT0)
                                                      0.088     5.636 r  u_mmcm/CLKOUT0
                         net (fo=1, routed)           1.889     7.525    clk_proc
    BUFGCTRL_X0Y1        BUFG (Prop_bufg_I_O)         0.101     7.626 r  clk_proc_BUFG_inst/O
                         net (fo=4049, routed)        1.660     9.286    g_chan[0].u_canny/u_hyst/u_win/clk_proc_BUFG
    SLICE_X42Y13         FDCE                                         r  g_chan[0].u_canny/u_hyst/u_win/w_pix_reg[0][0][0]/C
  -------------------------------------------------------------------    -------------------
    SLICE_X42Y13         FDCE (Prop_fdce_C_Q)         0.518     9.804 r  g_chan[0].u_canny/u_hyst/u_win/w_pix_reg[0][0][0]/Q
                         net (fo=1, routed)           0.688    10.493    g_chan[0].u_canny/u_hyst/u_win/w_pix_reg[0][0]_162[0]
    SLICE_X37Y13         LUT4 (Prop_lut4_I3_O)        0.124    10.617 r  g_chan[0].u_canny/u_hyst/u_win/strong_mem_reg_0_i_25/O
                         net (fo=1, routed)           0.842    11.458    g_chan[0].u_canny/u_hyst/u_win/strong_mem_reg_0_i_25_n_0
    SLICE_X25Y13         LUT6 (Prop_lut6_I0_O)        0.124    11.582 r  g_chan[0].u_canny/u_hyst/u_win/strong_mem_reg_0_i_24/O
                         net (fo=6, routed)           0.602    12.185    g_chan[0].u_canny/u_hyst/u_win/strong_mem_reg_0_i_24_n_0
    SLICE_X24Y17         LUT6 (Prop_lut6_I0_O)        0.124    12.309 r  g_chan[0].u_canny/u_hyst/u_win/strong_mem_reg_2_i_3/O
                         net (fo=3, routed)           0.893    13.202    g_chan[0].u_canny/u_hyst/u_win_n_2
    SLICE_X12Y17         LUT3 (Prop_lut3_I0_O)        0.124    13.326 r  g_chan[0].u_canny/u_hyst/strong_mem_reg_2_ENARDEN_cooolgate_en_gate_28/O
                         net (fo=1, routed)           0.869    14.195    g_chan[0].u_canny/u_hyst/strong_mem_reg_2_ENARDEN_cooolgate_en_sig_17
    RAMB36_X1Y2          RAMB36E1                                     r  g_chan[0].u_canny/u_hyst/strong_mem_reg_2/ENARDEN
  -------------------------------------------------------------------    -------------------

                         (clock clk_proc rise edge)
                                                      5.556     5.556 r  
    M19                                               0.000     5.556 r  sys_clk (IN)
                         net (fo=0)                   0.000     5.556    sys_clk
    M19                  IBUF (Prop_ibuf_I_O)         1.366     6.922 r  sys_clk_IBUF_inst/O
                         net (fo=1, routed)           2.006     8.928    sys_clk_IBUF
    BUFGCTRL_X0Y16       BUFG (Prop_bufg_I_O)         0.091     9.019 r  sys_clk_IBUF_BUFG_inst/O
                         net (fo=173, routed)         1.612    10.631    sys_clk_IBUF_BUFG
    MMCME2_ADV_X1Y0      MMCME2_ADV (Prop_mmcme2_adv_CLKIN1_CLKOUT0)
                                                      0.083    10.714 r  u_mmcm/CLKOUT0
                         net (fo=1, routed)           1.725    12.439    clk_proc
    BUFGCTRL_X0Y1        BUFG (Prop_bufg_I_O)         0.091    12.530 r  clk_proc_BUFG_inst/O
                         net (fo=4049, routed)        1.613    14.143    g_chan[0].u_canny/u_hyst/clk_proc_BUFG
    RAMB36_X1Y2          RAMB36E1                                     r  g_chan[0].u_canny/u_hyst/strong_mem_reg_2/CLKARDCLK
                         clock pessimism              0.766    14.909    
                         clock uncertainty           -0.073    14.837    
    RAMB36_X1Y2          RAMB36E1 (Setup_ramb36e1_CLKARDCLK_ENARDEN)
                                                     -0.443    14.394    g_chan[0].u_canny/u_hyst/strong_mem_reg_2
  -------------------------------------------------------------------
                         required time                         14.394    
                         arrival time                         -14.195    
  -------------------------------------------------------------------
                         slack                                  0.199    

Slack (MET) :             0.212ns  (required time - arrival time)
  Source:                 g_chan[0].u_canny/u_hyst/FSM_onehot_phase_reg[3]/C
                            (rising edge-triggered cell FDCE clocked by clk_proc  {rise@0.000ns fall@2.778ns period=5.556ns})
  Destination:            g_chan[0].u_canny/u_hyst/strong_mem_reg_4/ENARDEN
                            (rising edge-triggered cell RAMB36E1 clocked by clk_proc  {rise@0.000ns fall@2.778ns period=5.556ns})
  Path Group:             clk_proc
  Path Type:              Setup (Max at Slow Process Corner)
  Requirement:            5.556ns  (clk_proc rise@5.556ns - clk_proc rise@0.000ns)
  Data Path Delay:        4.822ns  (logic 1.014ns (21.027%)  route 3.808ns (78.973%))
  Logic Levels:           4  (LUT3=1 LUT6=3)
  Clock Path Skew:        -0.006ns (DCD - SCD + CPR)
    Destination Clock Delay (DCD):    8.594ns = ( 14.149 - 5.556 ) 
    Source Clock Delay      (SCD):    9.365ns
    Clock Pessimism Removal (CPR):    0.766ns
  Clock Uncertainty:      0.073ns  ((TSJ^2 + DJ^2)^1/2) / 2 + PE
    Total System Jitter     (TSJ):    0.071ns
    Discrete Jitter          (DJ):    0.127ns
    Phase Error              (PE):    0.000ns

    Location             Delay type                Incr(ns)  Path(ns)    Netlist Resource(s)
  -------------------------------------------------------------------    -------------------
                         (clock clk_proc rise edge)
                                                      0.000     0.000 r  
    M19                                               0.000     0.000 r  sys_clk (IN)
                         net (fo=0)                   0.000     0.000    sys_clk
    M19                  IBUF (Prop_ibuf_I_O)         1.436     1.436 r  sys_clk_IBUF_inst/O
                         net (fo=1, routed)           2.205     3.641    sys_clk_IBUF
    BUFGCTRL_X0Y16       BUFG (Prop_bufg_I_O)         0.101     3.742 r  sys_clk_IBUF_BUFG_inst/O
                         net (fo=173, routed)         1.806     5.548    sys_clk_IBUF_BUFG
    MMCME2_ADV_X1Y0      MMCME2_ADV (Prop_mmcme2_adv_CLKIN1_CLKOUT0)
                                                      0.088     5.636 r  u_mmcm/CLKOUT0
                         net (fo=1, routed)           1.889     7.525    clk_proc
    BUFGCTRL_X0Y1        BUFG (Prop_bufg_I_O)         0.101     7.626 r  clk_proc_BUFG_inst/O
                         net (fo=4049, routed)        1.739     9.365    g_chan[0].u_canny/u_hyst/clk_proc_BUFG
    SLICE_X30Y14         FDCE                                         r  g_chan[0].u_canny/u_hyst/FSM_onehot_phase_reg[3]/C
  -------------------------------------------------------------------    -------------------
    SLICE_X30Y14         FDCE (Prop_fdce_C_Q)         0.518     9.883 r  g_chan[0].u_canny/u_hyst/FSM_onehot_phase_reg[3]/Q
                         net (fo=69, routed)          1.072    10.955    g_chan[0].u_canny/u_hyst/Q[1]
    SLICE_X26Y15         LUT6 (Prop_lut6_I2_O)        0.124    11.079 f  g_chan[0].u_canny/u_hyst/strong_mem_reg_0_i_22/O
                         net (fo=4, routed)           0.625    11.704    g_chan[0].u_canny/u_hyst/strong_mem_reg_0_i_22_n_0
    SLICE_X24Y15         LUT6 (Prop_lut6_I4_O)        0.124    11.828 r  g_chan[0].u_canny/u_hyst/strong_mem_reg_4_i_1/O
                         net (fo=2, routed)           0.503    12.331    g_chan[0].u_canny/u_hyst/u_win/strong_mem_reg_4
    SLICE_X24Y14         LUT6 (Prop_lut6_I5_O)        0.124    12.455 r  g_chan[0].u_canny/u_hyst/u_win/strong_mem_reg_4_i_3/O
                         net (fo=3, routed)           0.607    13.062    g_chan[0].u_canny/u_hyst/u_win_n_1
    SLICE_X24Y8          LUT3 (Prop_lut3_I0_O)        0.124    13.186 r  g_chan[0].u_canny/u_hyst/strong_mem_reg_4_ENARDEN_cooolgate_en_gate_30/O
                         net (fo=1, routed)           1.002    14.188    g_chan[0].u_canny/u_hyst/strong_mem_reg_4_ENARDEN_cooolgate_en_sig_18
    RAMB36_X0Y1          RAMB36E1                                     r  g_chan[0].u_canny/u_hyst/strong_mem_reg_4/ENARDEN
  -------------------------------------------------------------------    -------------------

                         (clock clk_proc rise edge)
                                                      5.556     5.556 r  
    M19                                               0.000     5.556 r  sys_clk (IN)
                         net (fo=0)                   0.000     5.556    sys_clk
    M19                  IBUF (Prop_ibuf_I_O)         1.366     6.922 r  sys_clk_IBUF_inst/O
                         net (fo=1, routed)           2.006     8.928    sys_clk_IBUF
    BUFGCTRL_X0Y16       BUFG (Prop_bufg_I_O)         0.091     9.019 r  sys_clk_IBUF_BUFG_inst/O
                         net (fo=173, routed)         1.612    10.631    sys_clk_IBUF_BUFG
    MMCME2_ADV_X1Y0      MMCME2_ADV (Prop_mmcme2_adv_CLKIN1_CLKOUT0)
                                                      0.083    10.714 r  u_mmcm/CLKOUT0
                         net (fo=1, routed)           1.725    12.439    clk_proc
    BUFGCTRL_X0Y1        BUFG (Prop_bufg_I_O)         0.091    12.530 r  clk_proc_BUFG_inst/O
                         net (fo=4049, routed)        1.619    14.149    g_chan[0].u_canny/u_hyst/clk_proc_BUFG
    RAMB36_X0Y1          RAMB36E1                                     r  g_chan[0].u_canny/u_hyst/strong_mem_reg_4/CLKARDCLK
                         clock pessimism              0.766    14.915    
                         clock uncertainty           -0.073    14.843    
    RAMB36_X0Y1          RAMB36E1 (Setup_ramb36e1_CLKARDCLK_ENARDEN)
                                                     -0.443    14.400    g_chan[0].u_canny/u_hyst/strong_mem_reg_4
  -------------------------------------------------------------------
                         required time                         14.400    
                         arrival time                         -14.188    
  -------------------------------------------------------------------
                         slack                                  0.212    

Slack (MET) :             0.219ns  (required time - arrival time)
  Source:                 g_chan[0].u_canny/u_hyst/FSM_onehot_phase_reg[3]/C
                            (rising edge-triggered cell FDCE clocked by clk_proc  {rise@0.000ns fall@2.778ns period=5.556ns})
  Destination:            g_chan[0].u_canny/u_hyst/strong_mem_reg_6/ENARDEN
                            (rising edge-triggered cell RAMB36E1 clocked by clk_proc  {rise@0.000ns fall@2.778ns period=5.556ns})
  Path Group:             clk_proc
  Path Type:              Setup (Max at Slow Process Corner)
  Requirement:            5.556ns  (clk_proc rise@5.556ns - clk_proc rise@0.000ns)
  Data Path Delay:        4.814ns  (logic 1.014ns (21.063%)  route 3.800ns (78.937%))
  Logic Levels:           4  (LUT3=1 LUT6=3)
  Clock Path Skew:        -0.007ns (DCD - SCD + CPR)
    Destination Clock Delay (DCD):    8.593ns = ( 14.148 - 5.556 ) 
    Source Clock Delay      (SCD):    9.365ns
    Clock Pessimism Removal (CPR):    0.766ns
  Clock Uncertainty:      0.073ns  ((TSJ^2 + DJ^2)^1/2) / 2 + PE
    Total System Jitter     (TSJ):    0.071ns
    Discrete Jitter          (DJ):    0.127ns
    Phase Error              (PE):    0.000ns

    Location             Delay type                Incr(ns)  Path(ns)    Netlist Resource(s)
  -------------------------------------------------------------------    -------------------
                         (clock clk_proc rise edge)
                                                      0.000     0.000 r  
    M19                                               0.000     0.000 r  sys_clk (IN)
                         net (fo=0)                   0.000     0.000    sys_clk
    M19                  IBUF (Prop_ibuf_I_O)         1.436     1.436 r  sys_clk_IBUF_inst/O
                         net (fo=1, routed)           2.205     3.641    sys_clk_IBUF
    BUFGCTRL_X0Y16       BUFG (Prop_bufg_I_O)         0.101     3.742 r  sys_clk_IBUF_BUFG_inst/O
                         net (fo=173, routed)         1.806     5.548    sys_clk_IBUF_BUFG
    MMCME2_ADV_X1Y0      MMCME2_ADV (Prop_mmcme2_adv_CLKIN1_CLKOUT0)
                                                      0.088     5.636 r  u_mmcm/CLKOUT0
                         net (fo=1, routed)           1.889     7.525    clk_proc
    BUFGCTRL_X0Y1        BUFG (Prop_bufg_I_O)         0.101     7.626 r  clk_proc_BUFG_inst/O
                         net (fo=4049, routed)        1.739     9.365    g_chan[0].u_canny/u_hyst/clk_proc_BUFG
    SLICE_X30Y14         FDCE                                         r  g_chan[0].u_canny/u_hyst/FSM_onehot_phase_reg[3]/C
  -------------------------------------------------------------------    -------------------
    SLICE_X30Y14         FDCE (Prop_fdce_C_Q)         0.518     9.883 r  g_chan[0].u_canny/u_hyst/FSM_onehot_phase_reg[3]/Q
                         net (fo=69, routed)          1.065    10.949    g_chan[0].u_canny/u_hyst/Q[1]
    SLICE_X26Y15         LUT6 (Prop_lut6_I2_O)        0.124    11.073 f  g_chan[0].u_canny/u_hyst/strong_mem_reg_0_i_21/O
                         net (fo=5, routed)           0.615    11.688    g_chan[0].u_canny/u_hyst/strong_mem_reg_0_i_21_n_0
    SLICE_X24Y15         LUT6 (Prop_lut6_I0_O)        0.124    11.812 r  g_chan[0].u_canny/u_hyst/strong_mem_reg_6_i_1/O
                         net (fo=2, routed)           0.444    12.256    g_chan[0].u_canny/u_hyst/u_win/strong_mem_reg_6
    SLICE_X24Y14         LUT6 (Prop_lut6_I5_O)        0.124    12.380 r  g_chan[0].u_canny/u_hyst/u_win/strong_mem_reg_6_i_3/O
                         net (fo=3, routed)           0.780    13.160    g_chan[0].u_canny/u_hyst/u_win_n_0
    SLICE_X17Y10         LUT3 (Prop_lut3_I0_O)        0.124    13.284 r  g_chan[0].u_canny/u_hyst/strong_mem_reg_6_ENARDEN_cooolgate_en_gate_32/O
                         net (fo=1, routed)           0.895    14.179    g_chan[0].u_canny/u_hyst/strong_mem_reg_6_ENARDEN_cooolgate_en_sig_19
    RAMB36_X1Y0          RAMB36E1                                     r  g_chan[0].u_canny/u_hyst/strong_mem_reg_6/ENARDEN
  -------------------------------------------------------------------    -------------------

                         (clock clk_proc rise edge)
                                                      5.556     5.556 r  
    M19                                               0.000     5.556 r  sys_clk (IN)
                         net (fo=0)                   0.000     5.556    sys_clk
    M19                  IBUF (Prop_ibuf_I_O)         1.366     6.922 r  sys_clk_IBUF_inst/O
                         net (fo=1, routed)           2.006     8.928    sys_clk_IBUF
    BUFGCTRL_X0Y16       BUFG (Prop_bufg_I_O)         0.091     9.019 r  sys_clk_IBUF_BUFG_inst/O
                         net (fo=173, routed)         1.612    10.631    sys_clk_IBUF_BUFG
    MMCME2_ADV_X1Y0      MMCME2_ADV (Prop_mmcme2_adv_CLKIN1_CLKOUT0)
                                                      0.083    10.714 r  u_mmcm/CLKOUT0
                         net (fo=1, routed)           1.725    12.439    clk_proc
    BUFGCTRL_X0Y1        BUFG (Prop_bufg_I_O)         0.091    12.530 r  clk_proc_BUFG_inst/O
                         net (fo=4049, routed)        1.618    14.148    g_chan[0].u_canny/u_hyst/clk_proc_BUFG
    RAMB36_X1Y0          RAMB36E1                                     r  g_chan[0].u_canny/u_hyst/strong_mem_reg_6/CLKARDCLK
                         clock pessimism              0.766    14.914    
                         clock uncertainty           -0.073    14.842    
    RAMB36_X1Y0          RAMB36E1 (Setup_ramb36e1_CLKARDCLK_ENARDEN)
                                                     -0.443    14.399    g_chan[0].u_canny/u_hyst/strong_mem_reg_6
  -------------------------------------------------------------------
                         required time                         14.399    
                         arrival time                         -14.179    
  -------------------------------------------------------------------
                         slack                                  0.219    

Slack (MET) :             0.271ns  (required time - arrival time)
  Source:                 g_chan[0].u_canny/u_scharr/m_data_reg[18]/C
                            (rising edge-triggered cell FDCE clocked by clk_proc  {rise@0.000ns fall@2.778ns period=5.556ns})
  Destination:            g_chan[0].u_canny/u_mag/mag_r_reg[8]/D
                            (rising edge-triggered cell FDCE clocked by clk_proc  {rise@0.000ns fall@2.778ns period=5.556ns})
  Path Group:             clk_proc
  Path Type:              Setup (Max at Slow Process Corner)
  Requirement:            5.556ns  (clk_proc rise@5.556ns - clk_proc rise@0.000ns)
  Data Path Delay:        5.105ns  (logic 2.940ns (57.595%)  route 2.165ns (42.405%))
  Logic Levels:           7  (CARRY4=4 LUT1=1 LUT2=1 LUT6=1)
  Clock Path Skew:        -0.139ns (DCD - SCD + CPR)
    Destination Clock Delay (DCD):    8.586ns = ( 14.142 - 5.556 ) 
    Source Clock Delay      (SCD):    9.491ns
    Clock Pessimism Removal (CPR):    0.766ns
  Clock Uncertainty:      0.073ns  ((TSJ^2 + DJ^2)^1/2) / 2 + PE
    Total System Jitter     (TSJ):    0.071ns
    Discrete Jitter          (DJ):    0.127ns
    Phase Error              (PE):    0.000ns

    Location             Delay type                Incr(ns)  Path(ns)    Netlist Resource(s)
  -------------------------------------------------------------------    -------------------
                         (clock clk_proc rise edge)
                                                      0.000     0.000 r  
    M19                                               0.000     0.000 r  sys_clk (IN)
                         net (fo=0)                   0.000     0.000    sys_clk
    M19                  IBUF (Prop_ibuf_I_O)         1.436     1.436 r  sys_clk_IBUF_inst/O
                         net (fo=1, routed)           2.205     3.641    sys_clk_IBUF
    BUFGCTRL_X0Y16       BUFG (Prop_bufg_I_O)         0.101     3.742 r  sys_clk_IBUF_BUFG_inst/O
                         net (fo=173, routed)         1.806     5.548    sys_clk_IBUF_BUFG
    MMCME2_ADV_X1Y0      MMCME2_ADV (Prop_mmcme2_adv_CLKIN1_CLKOUT0)
                                                      0.088     5.636 r  u_mmcm/CLKOUT0
                         net (fo=1, routed)           1.889     7.525    clk_proc
    BUFGCTRL_X0Y1        BUFG (Prop_bufg_I_O)         0.101     7.626 r  clk_proc_BUFG_inst/O
                         net (fo=4049, routed)        1.865     9.491    g_chan[0].u_canny/u_scharr/clk_proc_BUFG
    SLICE_X106Y29        FDCE                                         r  g_chan[0].u_canny/u_scharr/m_data_reg[18]/C
  -------------------------------------------------------------------    -------------------
    SLICE_X106Y29        FDCE (Prop_fdce_C_Q)         0.419     9.910 f  g_chan[0].u_canny/u_scharr/m_data_reg[18]/Q
                         net (fo=3, routed)           1.012    10.922    g_chan[0].u_canny/u_scharr/sc_d[18]
    SLICE_X99Y27         LUT1 (Prop_lut1_I0_O)        0.296    11.218 r  g_chan[0].u_canny/u_scharr/ay_r[8]_i_5/O
                         net (fo=1, routed)           0.000    11.218    g_chan[0].u_canny/u_scharr/ay_r[8]_i_5_n_0
    SLICE_X99Y27         CARRY4 (Prop_carry4_S[1]_CO[3])
                                                      0.550    11.768 r  g_chan[0].u_canny/u_scharr/ay_r_reg[8]_i_2/CO[3]
                         net (fo=1, routed)           0.000    11.768    g_chan[0].u_canny/u_scharr/ay_r_reg[8]_i_2_n_0
    SLICE_X99Y28         CARRY4 (Prop_carry4_CI_O[0])
                                                      0.222    11.990 r  g_chan[0].u_canny/u_scharr/ay_r_reg[11]_i_2/O[0]
                         net (fo=2, routed)           0.606    12.597    g_chan[0].u_canny/u_scharr/u_mag/ay0[9]
    SLICE_X102Y28        LUT6 (Prop_lut6_I5_O)        0.299    12.896 r  g_chan[0].u_canny/u_scharr/mag_r[11]_i_7/O
                         net (fo=1, routed)           0.000    12.896    g_chan[0].u_canny/u_scharr/mag_r[11]_i_7_n_0
    SLICE_X102Y28        CARRY4 (Prop_carry4_S[1]_CO[3])
                                                      0.533    13.429 r  g_chan[0].u_canny/u_scharr/mag_r_reg[11]_i_3/CO[3]
                         net (fo=1, routed)           0.000    13.429    g_chan[0].u_canny/u_scharr/mag_r_reg[11]_i_3_n_0
    SLICE_X102Y29        CARRY4 (Prop_carry4_CI_CO[0])
                                                      0.254    13.683 r  g_chan[0].u_canny/u_scharr/mag_r_reg[11]_i_2/CO[0]
                         net (fo=12, routed)          0.546    14.229    g_chan[0].u_canny/u_scharr/mag_r_reg[11]_i_2_n_3
    SLICE_X103Y29        LUT2 (Prop_lut2_I0_O)        0.367    14.596 r  g_chan[0].u_canny/u_scharr/mag_r[8]_i_1/O
                         net (fo=1, routed)           0.000    14.596    g_chan[0].u_canny/u_mag/mag_r_reg[11]_0[8]
    SLICE_X103Y29        FDCE                                         r  g_chan[0].u_canny/u_mag/mag_r_reg[8]/D
  -------------------------------------------------------------------    -------------------

                         (clock clk_proc rise edge)
                                                      5.556     5.556 r  
    M19                                               0.000     5.556 r  sys_clk (IN)
                         net (fo=0)                   0.000     5.556    sys_clk
    M19                  IBUF (Prop_ibuf_I_O)         1.366     6.922 r  sys_clk_IBUF_inst/O
                         net (fo=1, routed)           2.006     8.928    sys_clk_IBUF
    BUFGCTRL_X0Y16       BUFG (Prop_bufg_I_O)         0.091     9.019 r  sys_clk_IBUF_BUFG_inst/O
                         net (fo=173, routed)         1.612    10.631    sys_clk_IBUF_BUFG
    MMCME2_ADV_X1Y0      MMCME2_ADV (Prop_mmcme2_adv_CLKIN1_CLKOUT0)
                                                      0.083    10.714 r  u_mmcm/CLKOUT0
                         net (fo=1, routed)           1.725    12.439    clk_proc
    BUFGCTRL_X0Y1        BUFG (Prop_bufg_I_O)         0.091    12.530 r  clk_proc_BUFG_inst/O
                         net (fo=4049, routed)        1.611    14.142    g_chan[0].u_canny/u_mag/clk_proc_BUFG
    SLICE_X103Y29        FDCE                                         r  g_chan[0].u_canny/u_mag/mag_r_reg[8]/C
                         clock pessimism              0.766    14.908    
                         clock uncertainty           -0.073    14.835    
    SLICE_X103Y29        FDCE (Setup_fdce_C_D)        0.032    14.867    g_chan[0].u_canny/u_mag/mag_r_reg[8]
  -------------------------------------------------------------------
                         required time                         14.867    
                         arrival time                         -14.596    
  -------------------------------------------------------------------
                         slack                                  0.271    

Slack (MET) :             0.272ns  (required time - arrival time)
  Source:                 g_chan[0].u_cdc/rgray_reg[3]/C
                            (rising edge-triggered cell FDCE clocked by clk_proc  {rise@0.000ns fall@2.778ns period=5.556ns})
  Destination:            g_chan[0].u_cdc/rgray_reg[5]/D
                            (rising edge-triggered cell FDCE clocked by clk_proc  {rise@0.000ns fall@2.778ns period=5.556ns})
  Path Group:             clk_proc
  Path Type:              Setup (Max at Slow Process Corner)
  Requirement:            5.556ns  (clk_proc rise@5.556ns - clk_proc rise@0.000ns)
  Data Path Delay:        5.219ns  (logic 2.507ns (48.037%)  route 2.712ns (51.963%))
  Logic Levels:           6  (CARRY4=3 LUT2=1 LUT3=1 LUT6=1)
  Clock Path Skew:        -0.067ns (DCD - SCD + CPR)
    Destination Clock Delay (DCD):    8.667ns = ( 14.223 - 5.556 ) 
    Source Clock Delay      (SCD):    9.500ns
    Clock Pessimism Removal (CPR):    0.766ns
  Clock Uncertainty:      0.073ns  ((TSJ^2 + DJ^2)^1/2) / 2 + PE
    Total System Jitter     (TSJ):    0.071ns
    Discrete Jitter          (DJ):    0.127ns
    Phase Error              (PE):    0.000ns

    Location             Delay type                Incr(ns)  Path(ns)    Netlist Resource(s)
  -------------------------------------------------------------------    -------------------
                         (clock clk_proc rise edge)
                                                      0.000     0.000 r  
    M19                                               0.000     0.000 r  sys_clk (IN)
                         net (fo=0)                   0.000     0.000    sys_clk
    M19                  IBUF (Prop_ibuf_I_O)         1.436     1.436 r  sys_clk_IBUF_inst/O
                         net (fo=1, routed)           2.205     3.641    sys_clk_IBUF
    BUFGCTRL_X0Y16       BUFG (Prop_bufg_I_O)         0.101     3.742 r  sys_clk_IBUF_BUFG_inst/O
                         net (fo=173, routed)         1.806     5.548    sys_clk_IBUF_BUFG
    MMCME2_ADV_X1Y0      MMCME2_ADV (Prop_mmcme2_adv_CLKIN1_CLKOUT0)
                                                      0.088     5.636 r  u_mmcm/CLKOUT0
                         net (fo=1, routed)           1.889     7.525    clk_proc
    BUFGCTRL_X0Y1        BUFG (Prop_bufg_I_O)         0.101     7.626 r  clk_proc_BUFG_inst/O
                         net (fo=4049, routed)        1.874     9.500    g_chan[0].u_cdc/clk_proc_BUFG
    SLICE_X111Y14        FDCE                                         r  g_chan[0].u_cdc/rgray_reg[3]/C
  -------------------------------------------------------------------    -------------------
    SLICE_X111Y14        FDCE (Prop_fdce_C_Q)         0.419     9.919 r  g_chan[0].u_cdc/rgray_reg[3]/Q
                         net (fo=2, routed)           0.799    10.718    g_chan[0].u_cdc/rgray[3]
    SLICE_X106Y14        LUT6 (Prop_lut6_I4_O)        0.299    11.017 r  g_chan[0].u_cdc/empty_carry_i_3/O
                         net (fo=1, routed)           0.000    11.017    g_chan[0].u_cdc/empty_carry_i_3_n_0
    SLICE_X106Y14        CARRY4 (Prop_carry4_S[1]_CO[3])
                                                      0.550    11.567 r  g_chan[0].u_cdc/empty_carry/CO[3]
                         net (fo=9, routed)           1.027    12.594    g_chan[0].u_cdc/g_chan[0].ch_fifo_empty
    SLICE_X103Y13        LUT3 (Prop_lut3_I1_O)        0.124    12.718 r  g_chan[0].u_cdc/rbin_rep[3]_i_2/O
                         net (fo=1, routed)           0.000    12.718    g_chan[0].u_cdc/rbin_rep[3]_i_2_n_0
    SLICE_X103Y13        CARRY4 (Prop_carry4_S[0]_CO[3])
                                                      0.532    13.250 r  g_chan[0].u_cdc/rbin_reg_rep[3]_i_1/CO[3]
                         net (fo=1, routed)           0.000    13.250    g_chan[0].u_cdc/rbin_reg_rep[3]_i_1_n_0
    SLICE_X103Y14        CARRY4 (Prop_carry4_CI_O[2])
                                                      0.256    13.506 r  g_chan[0].u_cdc/rbin_reg_rep[7]_i_1/O[2]
                         net (fo=3, routed)           0.886    14.392    g_chan[0].u_cdc/rnext[6]
    SLICE_X107Y13        LUT2 (Prop_lut2_I1_O)        0.327    14.719 r  g_chan[0].u_cdc/rgray[5]_i_1/O
                         net (fo=1, routed)           0.000    14.719    g_chan[0].u_cdc/rgray_next[5]
    SLICE_X107Y13        FDCE                                         r  g_chan[0].u_cdc/rgray_reg[5]/D
  -------------------------------------------------------------------    -------------------

                         (clock clk_proc rise edge)
                                                      5.556     5.556 r  
    M19                                               0.000     5.556 r  sys_clk (IN)
                         net (fo=0)                   0.000     5.556    sys_clk
    M19                  IBUF (Prop_ibuf_I_O)         1.366     6.922 r  sys_clk_IBUF_inst/O
                         net (fo=1, routed)           2.006     8.928    sys_clk_IBUF
    BUFGCTRL_X0Y16       BUFG (Prop_bufg_I_O)         0.091     9.019 r  sys_clk_IBUF_BUFG_inst/O
                         net (fo=173, routed)         1.612    10.631    sys_clk_IBUF_BUFG
    MMCME2_ADV_X1Y0      MMCME2_ADV (Prop_mmcme2_adv_CLKIN1_CLKOUT0)
                                                      0.083    10.714 r  u_mmcm/CLKOUT0
                         net (fo=1, routed)           1.725    12.439    clk_proc
    BUFGCTRL_X0Y1        BUFG (Prop_bufg_I_O)         0.091    12.530 r  clk_proc_BUFG_inst/O
                         net (fo=4049, routed)        1.692    14.223    g_chan[0].u_cdc/clk_proc_BUFG
    SLICE_X107Y13        FDCE                                         r  g_chan[0].u_cdc/rgray_reg[5]/C
                         clock pessimism              0.766    14.989    
                         clock uncertainty           -0.073    14.916    
    SLICE_X107Y13        FDCE (Setup_fdce_C_D)        0.075    14.991    g_chan[0].u_cdc/rgray_reg[5]
  -------------------------------------------------------------------
                         required time                         14.991    
                         arrival time                         -14.719    
  -------------------------------------------------------------------
                         slack                                  0.272    

Slack (MET) :             0.294ns  (required time - arrival time)
  Source:                 g_chan[0].u_canny/u_scharr/m_data_reg[18]/C
                            (rising edge-triggered cell FDCE clocked by clk_proc  {rise@0.000ns fall@2.778ns period=5.556ns})
  Destination:            g_chan[0].u_canny/u_mag/mag_r_reg[10]/D
                            (rising edge-triggered cell FDCE clocked by clk_proc  {rise@0.000ns fall@2.778ns period=5.556ns})
  Path Group:             clk_proc
  Path Type:              Setup (Max at Slow Process Corner)
  Requirement:            5.556ns  (clk_proc rise@5.556ns - clk_proc rise@0.000ns)
  Data Path Delay:        5.082ns  (logic 2.940ns (57.848%)  route 2.142ns (42.152%))
  Logic Levels:           7  (CARRY4=4 LUT1=1 LUT2=1 LUT6=1)
  Clock Path Skew:        -0.138ns (DCD - SCD + CPR)
    Destination Clock Delay (DCD):    8.587ns = ( 14.143 - 5.556 ) 
    Source Clock Delay      (SCD):    9.491ns
    Clock Pessimism Removal (CPR):    0.766ns
  Clock Uncertainty:      0.073ns  ((TSJ^2 + DJ^2)^1/2) / 2 + PE
    Total System Jitter     (TSJ):    0.071ns
    Discrete Jitter          (DJ):    0.127ns
    Phase Error              (PE):    0.000ns

    Location             Delay type                Incr(ns)  Path(ns)    Netlist Resource(s)
  -------------------------------------------------------------------    -------------------
                         (clock clk_proc rise edge)
                                                      0.000     0.000 r  
    M19                                               0.000     0.000 r  sys_clk (IN)
                         net (fo=0)                   0.000     0.000    sys_clk
    M19                  IBUF (Prop_ibuf_I_O)         1.436     1.436 r  sys_clk_IBUF_inst/O
                         net (fo=1, routed)           2.205     3.641    sys_clk_IBUF
    BUFGCTRL_X0Y16       BUFG (Prop_bufg_I_O)         0.101     3.742 r  sys_clk_IBUF_BUFG_inst/O
                         net (fo=173, routed)         1.806     5.548    sys_clk_IBUF_BUFG
    MMCME2_ADV_X1Y0      MMCME2_ADV (Prop_mmcme2_adv_CLKIN1_CLKOUT0)
                                                      0.088     5.636 r  u_mmcm/CLKOUT0
                         net (fo=1, routed)           1.889     7.525    clk_proc
    BUFGCTRL_X0Y1        BUFG (Prop_bufg_I_O)         0.101     7.626 r  clk_proc_BUFG_inst/O
                         net (fo=4049, routed)        1.865     9.491    g_chan[0].u_canny/u_scharr/clk_proc_BUFG
    SLICE_X106Y29        FDCE                                         r  g_chan[0].u_canny/u_scharr/m_data_reg[18]/C
  -------------------------------------------------------------------    -------------------
    SLICE_X106Y29        FDCE (Prop_fdce_C_Q)         0.419     9.910 f  g_chan[0].u_canny/u_scharr/m_data_reg[18]/Q
                         net (fo=3, routed)           1.012    10.922    g_chan[0].u_canny/u_scharr/sc_d[18]
    SLICE_X99Y27         LUT1 (Prop_lut1_I0_O)        0.296    11.218 r  g_chan[0].u_canny/u_scharr/ay_r[8]_i_5/O
                         net (fo=1, routed)           0.000    11.218    g_chan[0].u_canny/u_scharr/ay_r[8]_i_5_n_0
    SLICE_X99Y27         CARRY4 (Prop_carry4_S[1]_CO[3])
                                                      0.550    11.768 r  g_chan[0].u_canny/u_scharr/ay_r_reg[8]_i_2/CO[3]
                         net (fo=1, routed)           0.000    11.768    g_chan[0].u_canny/u_scharr/ay_r_reg[8]_i_2_n_0
    SLICE_X99Y28         CARRY4 (Prop_carry4_CI_O[0])
                                                      0.222    11.990 r  g_chan[0].u_canny/u_scharr/ay_r_reg[11]_i_2/O[0]
                         net (fo=2, routed)           0.606    12.597    g_chan[0].u_canny/u_scharr/u_mag/ay0[9]
    SLICE_X102Y28        LUT6 (Prop_lut6_I5_O)        0.299    12.896 r  g_chan[0].u_canny/u_scharr/mag_r[11]_i_7/O
                         net (fo=1, routed)           0.000    12.896    g_chan[0].u_canny/u_scharr/mag_r[11]_i_7_n_0
    SLICE_X102Y28        CARRY4 (Prop_carry4_S[1]_CO[3])
                                                      0.533    13.429 r  g_chan[0].u_canny/u_scharr/mag_r_reg[11]_i_3/CO[3]
                         net (fo=1, routed)           0.000    13.429    g_chan[0].u_canny/u_scharr/mag_r_reg[11]_i_3_n_0
    SLICE_X102Y29        CARRY4 (Prop_carry4_CI_CO[0])
                                                      0.254    13.683 r  g_chan[0].u_canny/u_scharr/mag_r_reg[11]_i_2/CO[0]
                         net (fo=12, routed)          0.524    14.207    g_chan[0].u_canny/u_scharr/mag_r_reg[11]_i_2_n_3
    SLICE_X105Y29        LUT2 (Prop_lut2_I0_O)        0.367    14.574 r  g_chan[0].u_canny/u_scharr/mag_r[10]_i_1/O
                         net (fo=1, routed)           0.000    14.574    g_chan[0].u_canny/u_mag/mag_r_reg[11]_0[10]
    SLICE_X105Y29        FDCE                                         r  g_chan[0].u_canny/u_mag/mag_r_reg[10]/D
  -------------------------------------------------------------------    -------------------

                         (clock clk_proc rise edge)
                                                      5.556     5.556 r  
    M19                                               0.000     5.556 r  sys_clk (IN)
                         net (fo=0)                   0.000     5.556    sys_clk
    M19                  IBUF (Prop_ibuf_I_O)         1.366     6.922 r  sys_clk_IBUF_inst/O
                         net (fo=1, routed)           2.006     8.928    sys_clk_IBUF
    BUFGCTRL_X0Y16       BUFG (Prop_bufg_I_O)         0.091     9.019 r  sys_clk_IBUF_BUFG_inst/O
                         net (fo=173, routed)         1.612    10.631    sys_clk_IBUF_BUFG
    MMCME2_ADV_X1Y0      MMCME2_ADV (Prop_mmcme2_adv_CLKIN1_CLKOUT0)
                                                      0.083    10.714 r  u_mmcm/CLKOUT0
                         net (fo=1, routed)           1.725    12.439    clk_proc
    BUFGCTRL_X0Y1        BUFG (Prop_bufg_I_O)         0.091    12.530 r  clk_proc_BUFG_inst/O
                         net (fo=4049, routed)        1.612    14.143    g_chan[0].u_canny/u_mag/clk_proc_BUFG
    SLICE_X105Y29        FDCE                                         r  g_chan[0].u_canny/u_mag/mag_r_reg[10]/C
                         clock pessimism              0.766    14.909    
                         clock uncertainty           -0.073    14.836    
    SLICE_X105Y29        FDCE (Setup_fdce_C_D)        0.031    14.867    g_chan[0].u_canny/u_mag/mag_r_reg[10]
  -------------------------------------------------------------------
                         required time                         14.867    
                         arrival time                         -14.574    
  -------------------------------------------------------------------
                         slack                                  0.294    

Slack (MET) :             0.294ns  (required time - arrival time)
  Source:                 g_chan[0].u_canny/u_hyst/FSM_onehot_phase_reg[3]/C
                            (rising edge-triggered cell FDCE clocked by clk_proc  {rise@0.000ns fall@2.778ns period=5.556ns})
  Destination:            g_chan[0].u_canny/u_hyst/strong_mem_reg_0/ENARDEN
                            (rising edge-triggered cell RAMB36E1 clocked by clk_proc  {rise@0.000ns fall@2.778ns period=5.556ns})
  Path Group:             clk_proc
  Path Type:              Setup (Max at Slow Process Corner)
  Requirement:            5.556ns  (clk_proc rise@5.556ns - clk_proc rise@0.000ns)
  Data Path Delay:        4.731ns  (logic 1.014ns (21.431%)  route 3.717ns (78.569%))
  Logic Levels:           4  (LUT3=1 LUT6=3)
  Clock Path Skew:        -0.015ns (DCD - SCD + CPR)
    Destination Clock Delay (DCD):    8.585ns = ( 14.140 - 5.556 ) 
    Source Clock Delay      (SCD):    9.365ns
    Clock Pessimism Removal (CPR):    0.766ns
  Clock Uncertainty:      0.073ns  ((TSJ^2 + DJ^2)^1/2) / 2 + PE
    Total System Jitter     (TSJ):    0.071ns
    Discrete Jitter          (DJ):    0.127ns
    Phase Error              (PE):    0.000ns

    Location             Delay type                Incr(ns)  Path(ns)    Netlist Resource(s)
  -------------------------------------------------------------------    -------------------
                         (clock clk_proc rise edge)
                                                      0.000     0.000 r  
    M19                                               0.000     0.000 r  sys_clk (IN)
                         net (fo=0)                   0.000     0.000    sys_clk
    M19                  IBUF (Prop_ibuf_I_O)         1.436     1.436 r  sys_clk_IBUF_inst/O
                         net (fo=1, routed)           2.205     3.641    sys_clk_IBUF
    BUFGCTRL_X0Y16       BUFG (Prop_bufg_I_O)         0.101     3.742 r  sys_clk_IBUF_BUFG_inst/O
                         net (fo=173, routed)         1.806     5.548    sys_clk_IBUF_BUFG
    MMCME2_ADV_X1Y0      MMCME2_ADV (Prop_mmcme2_adv_CLKIN1_CLKOUT0)
                                                      0.088     5.636 r  u_mmcm/CLKOUT0
                         net (fo=1, routed)           1.889     7.525    clk_proc
    BUFGCTRL_X0Y1        BUFG (Prop_bufg_I_O)         0.101     7.626 r  clk_proc_BUFG_inst/O
                         net (fo=4049, routed)        1.739     9.365    g_chan[0].u_canny/u_hyst/clk_proc_BUFG
    SLICE_X30Y14         FDCE                                         r  g_chan[0].u_canny/u_hyst/FSM_onehot_phase_reg[3]/C
  -------------------------------------------------------------------    -------------------
    SLICE_X30Y14         FDCE (Prop_fdce_C_Q)         0.518     9.883 r  g_chan[0].u_canny/u_hyst/FSM_onehot_phase_reg[3]/Q
                         net (fo=69, routed)          1.065    10.949    g_chan[0].u_canny/u_hyst/Q[1]
    SLICE_X26Y15         LUT6 (Prop_lut6_I2_O)        0.124    11.073 f  g_chan[0].u_canny/u_hyst/strong_mem_reg_0_i_21/O
                         net (fo=5, routed)           0.675    11.748    g_chan[0].u_canny/u_hyst/strong_mem_reg_0_i_21_n_0
    SLICE_X24Y15         LUT6 (Prop_lut6_I0_O)        0.124    11.872 r  g_chan[0].u_canny/u_hyst/strong_mem_reg_0_i_1/O
                         net (fo=2, routed)           0.312    12.183    g_chan[0].u_canny/u_hyst/u_win/strong_mem_reg_0
    SLICE_X24Y14         LUT6 (Prop_lut6_I5_O)        0.124    12.307 r  g_chan[0].u_canny/u_hyst/u_win/strong_mem_reg_0_i_20/O
                         net (fo=3, routed)           0.515    12.822    g_chan[0].u_canny/u_hyst/u_win_n_3
    SLICE_X24Y14         LUT3 (Prop_lut3_I0_O)        0.124    12.946 r  g_chan[0].u_canny/u_hyst/strong_mem_reg_0_ENARDEN_cooolgate_en_gate_26/O
                         net (fo=1, routed)           1.151    14.097    g_chan[0].u_canny/u_hyst/strong_mem_reg_0_ENARDEN_cooolgate_en_sig_16
    RAMB36_X0Y3          RAMB36E1                                     r  g_chan[0].u_canny/u_hyst/strong_mem_reg_0/ENARDEN
  -------------------------------------------------------------------    -------------------

                         (clock clk_proc rise edge)
                                                      5.556     5.556 r  
    M19                                               0.000     5.556 r  sys_clk (IN)
                         net (fo=0)                   0.000     5.556    sys_clk
    M19                  IBUF (Prop_ibuf_I_O)         1.366     6.922 r  sys_clk_IBUF_inst/O
                         net (fo=1, routed)           2.006     8.928    sys_clk_IBUF
    BUFGCTRL_X0Y16       BUFG (Prop_bufg_I_O)         0.091     9.019 r  sys_clk_IBUF_BUFG_inst/O
                         net (fo=173, routed)         1.612    10.631    sys_clk_IBUF_BUFG
    MMCME2_ADV_X1Y0      MMCME2_ADV (Prop_mmcme2_adv_CLKIN1_CLKOUT0)
                                                      0.083    10.714 r  u_mmcm/CLKOUT0
                         net (fo=1, routed)           1.725    12.439    clk_proc
    BUFGCTRL_X0Y1        BUFG (Prop_bufg_I_O)         0.091    12.530 r  clk_proc_BUFG_inst/O
                         net (fo=4049, routed)        1.610    14.140    g_chan[0].u_canny/u_hyst/clk_proc_BUFG
    RAMB36_X0Y3          RAMB36E1                                     r  g_chan[0].u_canny/u_hyst/strong_mem_reg_0/CLKARDCLK
                         clock pessimism              0.766    14.906    
                         clock uncertainty           -0.073    14.834    
    RAMB36_X0Y3          RAMB36E1 (Setup_ramb36e1_CLKARDCLK_ENARDEN)
                                                     -0.443    14.391    g_chan[0].u_canny/u_hyst/strong_mem_reg_0
  -------------------------------------------------------------------
                         required time                         14.391    
                         arrival time                         -14.097    
  -------------------------------------------------------------------
                         slack                                  0.294    





Pulse Width Checks
--------------------------------------------------------------------------------------
Clock Name:         clk_proc
Waveform(ns):       { 0.000 2.778 }
Period(ns):         5.556
Sources:            { u_mmcm/CLKOUT0 }

Check Type        Corner  Lib Pin             Reference Pin  Required(ns)  Actual(ns)  Slack(ns)  Location         Pin
Min Period        n/a     RAMB36E1/CLKARDCLK  n/a            3.363         5.556       2.193      RAMB36_X0Y3      g_chan[0].u_canny/u_hyst/strong_mem_reg_0/CLKARDCLK
Min Period        n/a     RAMB36E1/CLKARDCLK  n/a            3.363         5.556       2.193      RAMB36_X0Y4      g_chan[0].u_canny/u_hyst/strong_mem_reg_1/CLKARDCLK
Min Period        n/a     RAMB36E1/CLKARDCLK  n/a            3.363         5.556       2.193      RAMB36_X1Y2      g_chan[0].u_canny/u_hyst/strong_mem_reg_2/CLKARDCLK
Min Period        n/a     RAMB36E1/CLKARDCLK  n/a            3.363         5.556       2.193      RAMB36_X1Y3      g_chan[0].u_canny/u_hyst/strong_mem_reg_3/CLKARDCLK
Min Period        n/a     RAMB36E1/CLKARDCLK  n/a            3.363         5.556       2.193      RAMB36_X0Y1      g_chan[0].u_canny/u_hyst/strong_mem_reg_4/CLKARDCLK
Min Period        n/a     RAMB36E1/CLKARDCLK  n/a            3.363         5.556       2.193      RAMB36_X0Y2      g_chan[0].u_canny/u_hyst/strong_mem_reg_5/CLKARDCLK
Min Period        n/a     RAMB36E1/CLKARDCLK  n/a            3.363         5.556       2.193      RAMB36_X1Y0      g_chan[0].u_canny/u_hyst/strong_mem_reg_6/CLKARDCLK
Min Period        n/a     RAMB36E1/CLKARDCLK  n/a            3.363         5.556       2.193      RAMB36_X1Y1      g_chan[0].u_canny/u_hyst/strong_mem_reg_7/CLKARDCLK
Min Period        n/a     RAMB36E1/CLKARDCLK  n/a            3.363         5.556       2.193      RAMB36_X1Y4      g_chan[0].u_canny/u_hyst/strong_mem_reg_8/CLKARDCLK
Min Period        n/a     RAMB36E1/CLKARDCLK  n/a            3.363         5.556       2.193      RAMB36_X1Y5      g_chan[0].u_canny/u_hyst/strong_mem_reg_9/CLKARDCLK
Max Period        n/a     MMCME2_ADV/CLKOUT0  n/a            213.360       5.556       207.804    MMCME2_ADV_X1Y0  u_mmcm/CLKOUT0
Low Pulse Width   Slow    RAMS64E/CLK         n/a            1.250         2.778       1.528      SLICE_X54Y9      g_chan[0].u_canny/u_hyst/u_win/g_bank[0].mem_b_reg_0_127_0_0/HIGH/CLK
Low Pulse Width   Fast    RAMS64E/CLK         n/a            1.250         2.778       1.528      SLICE_X54Y9      g_chan[0].u_canny/u_hyst/u_win/g_bank[0].mem_b_reg_0_127_0_0/HIGH/CLK
Low Pulse Width   Slow    RAMS64E/CLK         n/a            1.250         2.778       1.528      SLICE_X54Y9      g_chan[0].u_canny/u_hyst/u_win/g_bank[0].mem_b_reg_0_127_0_0/LOW/CLK
Low Pulse Width   Fast    RAMS64E/CLK         n/a            1.250         2.778       1.528      SLICE_X54Y9      g_chan[0].u_canny/u_hyst/u_win/g_bank[0].mem_b_reg_0_127_0_0/LOW/CLK
Low Pulse Width   Slow    RAMS64E/CLK         n/a            1.250         2.778       1.528      SLICE_X54Y9      g_chan[0].u_canny/u_hyst/u_win/g_bank[0].mem_b_reg_0_127_0_0__0/HIGH/CLK
Low Pulse Width   Fast    RAMS64E/CLK         n/a            1.250         2.778       1.528      SLICE_X54Y9      g_chan[0].u_canny/u_hyst/u_win/g_bank[0].mem_b_reg_0_127_0_0__0/HIGH/CLK
Low Pulse Width   Slow    RAMS64E/CLK         n/a            1.250         2.778       1.528      SLICE_X54Y9      g_chan[0].u_canny/u_hyst/u_win/g_bank[0].mem_b_reg_0_127_0_0__0/LOW/CLK
Low Pulse Width   Fast    RAMS64E/CLK         n/a            1.250         2.778       1.528      SLICE_X54Y9      g_chan[0].u_canny/u_hyst/u_win/g_bank[0].mem_b_reg_0_127_0_0__0/LOW/CLK
Low Pulse Width   Slow    RAMS64E/CLK         n/a            1.250         2.778       1.528      SLICE_X54Y7      g_chan[0].u_canny/u_hyst/u_win/g_bank[0].mem_b_reg_0_255_0_0/RAMS64E_A/CLK
Low Pulse Width   Fast    RAMS64E/CLK         n/a            1.250         2.778       1.528      SLICE_X54Y7      g_chan[0].u_canny/u_hyst/u_win/g_bank[0].mem_b_reg_0_255_0_0/RAMS64E_A/CLK
High Pulse Width  Slow    RAMS64E/CLK         n/a            1.250         2.778       1.528      SLICE_X54Y9      g_chan[0].u_canny/u_hyst/u_win/g_bank[0].mem_b_reg_0_127_0_0/HIGH/CLK
High Pulse Width  Fast    RAMS64E/CLK         n/a            1.250         2.778       1.528      SLICE_X54Y9      g_chan[0].u_canny/u_hyst/u_win/g_bank[0].mem_b_reg_0_127_0_0/HIGH/CLK
High Pulse Width  Slow    RAMS64E/CLK         n/a            1.250         2.778       1.528      SLICE_X54Y9      g_chan[0].u_canny/u_hyst/u_win/g_bank[0].mem_b_reg_0_127_0_0/LOW/CLK
High Pulse Width  Fast    RAMS64E/CLK         n/a            1.250         2.778       1.528      SLICE_X54Y9      g_chan[0].u_canny/u_hyst/u_win/g_bank[0].mem_b_reg_0_127_0_0/LOW/CLK
High Pulse Width  Slow    RAMS64E/CLK         n/a            1.250         2.778       1.528      SLICE_X54Y9      g_chan[0].u_canny/u_hyst/u_win/g_bank[0].mem_b_reg_0_127_0_0__0/HIGH/CLK
High Pulse Width  Fast    RAMS64E/CLK         n/a            1.250         2.778       1.528      SLICE_X54Y9      g_chan[0].u_canny/u_hyst/u_win/g_bank[0].mem_b_reg_0_127_0_0__0/HIGH/CLK
High Pulse Width  Slow    RAMS64E/CLK         n/a            1.250         2.778       1.528      SLICE_X54Y9      g_chan[0].u_canny/u_hyst/u_win/g_bank[0].mem_b_reg_0_127_0_0__0/LOW/CLK
High Pulse Width  Fast    RAMS64E/CLK         n/a            1.250         2.778       1.528      SLICE_X54Y9      g_chan[0].u_canny/u_hyst/u_win/g_bank[0].mem_b_reg_0_127_0_0__0/LOW/CLK
High Pulse Width  Slow    RAMS64E/CLK         n/a            1.250         2.778       1.528      SLICE_X54Y7      g_chan[0].u_canny/u_hyst/u_win/g_bank[0].mem_b_reg_0_255_0_0/RAMS64E_A/CLK
High Pulse Width  Fast    RAMS64E/CLK         n/a            1.250         2.778       1.528      SLICE_X54Y7      g_chan[0].u_canny/u_hyst/u_win/g_bank[0].mem_b_reg_0_255_0_0/RAMS64E_A/CLK



---------------------------------------------------------------------------------------------------
Path Group:  **async_default**
From Clock:  cam_pclk
  To Clock:  cam_pclk

Setup :            0  Failing Endpoints,  Worst Slack       14.114ns,  Total Violation        0.000ns
Hold  :           NA  Failing Endpoints,  Worst Slack           NA  ,  Total Violation           NA
---------------------------------------------------------------------------------------------------


Max Delay Paths
--------------------------------------------------------------------------------------
Slack (MET) :             14.114ns  (required time - arrival time)
  Source:                 u_cam/prst_s2_reg/C
                            (rising edge-triggered cell FDCE clocked by cam_pclk  {rise@0.000ns fall@8.500ns period=17.000ns})
  Destination:            u_cam/gap_cnt_reg[10]/CLR
                            (recovery check against rising-edge clock cam_pclk  {rise@0.000ns fall@8.500ns period=17.000ns})
  Path Group:             **async_default**
  Path Type:              Recovery (Max at Slow Process Corner)
  Requirement:            17.000ns  (cam_pclk rise@17.000ns - cam_pclk rise@0.000ns)
  Data Path Delay:        2.380ns  (logic 0.580ns (24.374%)  route 1.800ns (75.626%))
  Logic Levels:           1  (LUT1=1)
  Clock Path Skew:        -0.066ns (DCD - SCD + CPR)
    Destination Clock Delay (DCD):    5.205ns = ( 22.205 - 17.000 ) 
    Source Clock Delay      (SCD):    5.665ns
    Clock Pessimism Removal (CPR):    0.394ns
  Clock Uncertainty:      0.035ns  ((TSJ^2 + TIJ^2)^1/2 + DJ) / 2 + PE
    Total System Jitter     (TSJ):    0.071ns
    Total Input Jitter      (TIJ):    0.000ns
    Discrete Jitter          (DJ):    0.000ns
    Phase Error              (PE):    0.000ns

    Location             Delay type                Incr(ns)  Path(ns)    Netlist Resource(s)
  -------------------------------------------------------------------    -------------------
                         (clock cam_pclk rise edge)
                                                      0.000     0.000 r  
    W17                                               0.000     0.000 r  pclk (IN)
                         net (fo=0)                   0.000     0.000    pclk
    W17                  IBUF (Prop_ibuf_I_O)         1.484     1.484 r  pclk_IBUF_inst/O
                         net (fo=1, routed)           2.205     3.689    pclk_IBUF
    BUFGCTRL_X0Y0        BUFG (Prop_bufg_I_O)         0.101     3.790 r  pclk_IBUF_BUFG_inst/O
                         net (fo=464, routed)         1.875     5.665    u_cam/CLK
    SLICE_X106Y11        FDCE                                         r  u_cam/prst_s2_reg/C
  -------------------------------------------------------------------    -------------------
    SLICE_X106Y11        FDCE (Prop_fdce_C_Q)         0.456     6.121 r  u_cam/prst_s2_reg/Q
                         net (fo=1, routed)           0.861     6.982    u_cam/prst_s2
    SLICE_X106Y11        LUT1 (Prop_lut1_I0_O)        0.124     7.106 f  u_cam/gap_cnt[12]_i_3/O
                         net (fo=32, routed)          0.939     8.045    u_cam/gap_cnt[12]_i_3_n_0
    SLICE_X113Y13        FDCE                                         f  u_cam/gap_cnt_reg[10]/CLR
  -------------------------------------------------------------------    -------------------

                         (clock cam_pclk rise edge)
                                                     17.000    17.000 r  
    W17                                               0.000    17.000 r  pclk (IN)
                         net (fo=0)                   0.000    17.000    pclk
    W17                  IBUF (Prop_ibuf_I_O)         1.414    18.414 r  pclk_IBUF_inst/O
                         net (fo=1, routed)           2.006    20.420    pclk_IBUF
    BUFGCTRL_X0Y0        BUFG (Prop_bufg_I_O)         0.091    20.511 r  pclk_IBUF_BUFG_inst/O
                         net (fo=464, routed)         1.694    22.205    u_cam/CLK
    SLICE_X113Y13        FDCE                                         r  u_cam/gap_cnt_reg[10]/C
                         clock pessimism              0.394    22.599    
                         clock uncertainty           -0.035    22.564    
    SLICE_X113Y13        FDCE (Recov_fdce_C_CLR)     -0.405    22.159    u_cam/gap_cnt_reg[10]
  -------------------------------------------------------------------
                         required time                         22.159    
                         arrival time                          -8.045    
  -------------------------------------------------------------------
                         slack                                 14.114    

Slack (MET) :             14.114ns  (required time - arrival time)
  Source:                 u_cam/prst_s2_reg/C
                            (rising edge-triggered cell FDCE clocked by cam_pclk  {rise@0.000ns fall@8.500ns period=17.000ns})
  Destination:            u_cam/gap_cnt_reg[11]/CLR
                            (recovery check against rising-edge clock cam_pclk  {rise@0.000ns fall@8.500ns period=17.000ns})
  Path Group:             **async_default**
  Path Type:              Recovery (Max at Slow Process Corner)
  Requirement:            17.000ns  (cam_pclk rise@17.000ns - cam_pclk rise@0.000ns)
  Data Path Delay:        2.380ns  (logic 0.580ns (24.374%)  route 1.800ns (75.626%))
  Logic Levels:           1  (LUT1=1)
  Clock Path Skew:        -0.066ns (DCD - SCD + CPR)
    Destination Clock Delay (DCD):    5.205ns = ( 22.205 - 17.000 ) 
    Source Clock Delay      (SCD):    5.665ns
    Clock Pessimism Removal (CPR):    0.394ns
  Clock Uncertainty:      0.035ns  ((TSJ^2 + TIJ^2)^1/2 + DJ) / 2 + PE
    Total System Jitter     (TSJ):    0.071ns
    Total Input Jitter      (TIJ):    0.000ns
    Discrete Jitter          (DJ):    0.000ns
    Phase Error              (PE):    0.000ns

    Location             Delay type                Incr(ns)  Path(ns)    Netlist Resource(s)
  -------------------------------------------------------------------    -------------------
                         (clock cam_pclk rise edge)
                                                      0.000     0.000 r  
    W17                                               0.000     0.000 r  pclk (IN)
                         net (fo=0)                   0.000     0.000    pclk
    W17                  IBUF (Prop_ibuf_I_O)         1.484     1.484 r  pclk_IBUF_inst/O
                         net (fo=1, routed)           2.205     3.689    pclk_IBUF
    BUFGCTRL_X0Y0        BUFG (Prop_bufg_I_O)         0.101     3.790 r  pclk_IBUF_BUFG_inst/O
                         net (fo=464, routed)         1.875     5.665    u_cam/CLK
    SLICE_X106Y11        FDCE                                         r  u_cam/prst_s2_reg/C
  -------------------------------------------------------------------    -------------------
    SLICE_X106Y11        FDCE (Prop_fdce_C_Q)         0.456     6.121 r  u_cam/prst_s2_reg/Q
                         net (fo=1, routed)           0.861     6.982    u_cam/prst_s2
    SLICE_X106Y11        LUT1 (Prop_lut1_I0_O)        0.124     7.106 f  u_cam/gap_cnt[12]_i_3/O
                         net (fo=32, routed)          0.939     8.045    u_cam/gap_cnt[12]_i_3_n_0
    SLICE_X113Y13        FDCE                                         f  u_cam/gap_cnt_reg[11]/CLR
  -------------------------------------------------------------------    -------------------

                         (clock cam_pclk rise edge)
                                                     17.000    17.000 r  
    W17                                               0.000    17.000 r  pclk (IN)
                         net (fo=0)                   0.000    17.000    pclk
    W17                  IBUF (Prop_ibuf_I_O)         1.414    18.414 r  pclk_IBUF_inst/O
                         net (fo=1, routed)           2.006    20.420    pclk_IBUF
    BUFGCTRL_X0Y0        BUFG (Prop_bufg_I_O)         0.091    20.511 r  pclk_IBUF_BUFG_inst/O
                         net (fo=464, routed)         1.694    22.205    u_cam/CLK
    SLICE_X113Y13        FDCE                                         r  u_cam/gap_cnt_reg[11]/C
                         clock pessimism              0.394    22.599    
                         clock uncertainty           -0.035    22.564    
    SLICE_X113Y13        FDCE (Recov_fdce_C_CLR)     -0.405    22.159    u_cam/gap_cnt_reg[11]
  -------------------------------------------------------------------
                         required time                         22.159    
                         arrival time                          -8.045    
  -------------------------------------------------------------------
                         slack                                 14.114    

Slack (MET) :             14.114ns  (required time - arrival time)
  Source:                 u_cam/prst_s2_reg/C
                            (rising edge-triggered cell FDCE clocked by cam_pclk  {rise@0.000ns fall@8.500ns period=17.000ns})
  Destination:            u_cam/gap_cnt_reg[12]/CLR
                            (recovery check against rising-edge clock cam_pclk  {rise@0.000ns fall@8.500ns period=17.000ns})
  Path Group:             **async_default**
  Path Type:              Recovery (Max at Slow Process Corner)
  Requirement:            17.000ns  (cam_pclk rise@17.000ns - cam_pclk rise@0.000ns)
  Data Path Delay:        2.380ns  (logic 0.580ns (24.374%)  route 1.800ns (75.626%))
  Logic Levels:           1  (LUT1=1)
  Clock Path Skew:        -0.066ns (DCD - SCD + CPR)
    Destination Clock Delay (DCD):    5.205ns = ( 22.205 - 17.000 ) 
    Source Clock Delay      (SCD):    5.665ns
    Clock Pessimism Removal (CPR):    0.394ns
  Clock Uncertainty:      0.035ns  ((TSJ^2 + TIJ^2)^1/2 + DJ) / 2 + PE
    Total System Jitter     (TSJ):    0.071ns
    Total Input Jitter      (TIJ):    0.000ns
    Discrete Jitter          (DJ):    0.000ns
    Phase Error              (PE):    0.000ns

    Location             Delay type                Incr(ns)  Path(ns)    Netlist Resource(s)
  -------------------------------------------------------------------    -------------------
                         (clock cam_pclk rise edge)
                                                      0.000     0.000 r  
    W17                                               0.000     0.000 r  pclk (IN)
                         net (fo=0)                   0.000     0.000    pclk
    W17                  IBUF (Prop_ibuf_I_O)         1.484     1.484 r  pclk_IBUF_inst/O
                         net (fo=1, routed)           2.205     3.689    pclk_IBUF
    BUFGCTRL_X0Y0        BUFG (Prop_bufg_I_O)         0.101     3.790 r  pclk_IBUF_BUFG_inst/O
                         net (fo=464, routed)         1.875     5.665    u_cam/CLK
    SLICE_X106Y11        FDCE                                         r  u_cam/prst_s2_reg/C
  -------------------------------------------------------------------    -------------------
    SLICE_X106Y11        FDCE (Prop_fdce_C_Q)         0.456     6.121 r  u_cam/prst_s2_reg/Q
                         net (fo=1, routed)           0.861     6.982    u_cam/prst_s2
    SLICE_X106Y11        LUT1 (Prop_lut1_I0_O)        0.124     7.106 f  u_cam/gap_cnt[12]_i_3/O
                         net (fo=32, routed)          0.939     8.045    u_cam/gap_cnt[12]_i_3_n_0
    SLICE_X113Y13        FDCE                                         f  u_cam/gap_cnt_reg[12]/CLR
  -------------------------------------------------------------------    -------------------

                         (clock cam_pclk rise edge)
                                                     17.000    17.000 r  
    W17                                               0.000    17.000 r  pclk (IN)
                         net (fo=0)                   0.000    17.000    pclk
    W17                  IBUF (Prop_ibuf_I_O)         1.414    18.414 r  pclk_IBUF_inst/O
                         net (fo=1, routed)           2.006    20.420    pclk_IBUF
    BUFGCTRL_X0Y0        BUFG (Prop_bufg_I_O)         0.091    20.511 r  pclk_IBUF_BUFG_inst/O
                         net (fo=464, routed)         1.694    22.205    u_cam/CLK
    SLICE_X113Y13        FDCE                                         r  u_cam/gap_cnt_reg[12]/C
                         clock pessimism              0.394    22.599    
                         clock uncertainty           -0.035    22.564    
    SLICE_X113Y13        FDCE (Recov_fdce_C_CLR)     -0.405    22.159    u_cam/gap_cnt_reg[12]
  -------------------------------------------------------------------
                         required time                         22.159    
                         arrival time                          -8.045    
  -------------------------------------------------------------------
                         slack                                 14.114    

Slack (MET) :             14.114ns  (required time - arrival time)
  Source:                 u_cam/prst_s2_reg/C
                            (rising edge-triggered cell FDCE clocked by cam_pclk  {rise@0.000ns fall@8.500ns period=17.000ns})
  Destination:            u_cam/gap_cnt_reg[9]/CLR
                            (recovery check against rising-edge clock cam_pclk  {rise@0.000ns fall@8.500ns period=17.000ns})
  Path Group:             **async_default**
  Path Type:              Recovery (Max at Slow Process Corner)
  Requirement:            17.000ns  (cam_pclk rise@17.000ns - cam_pclk rise@0.000ns)
  Data Path Delay:        2.380ns  (logic 0.580ns (24.374%)  route 1.800ns (75.626%))
  Logic Levels:           1  (LUT1=1)
  Clock Path Skew:        -0.066ns (DCD - SCD + CPR)
    Destination Clock Delay (DCD):    5.205ns = ( 22.205 - 17.000 ) 
    Source Clock Delay      (SCD):    5.665ns
    Clock Pessimism Removal (CPR):    0.394ns
  Clock Uncertainty:      0.035ns  ((TSJ^2 + TIJ^2)^1/2 + DJ) / 2 + PE
    Total System Jitter     (TSJ):    0.071ns
    Total Input Jitter      (TIJ):    0.000ns
    Discrete Jitter          (DJ):    0.000ns
    Phase Error              (PE):    0.000ns

    Location             Delay type                Incr(ns)  Path(ns)    Netlist Resource(s)
  -------------------------------------------------------------------    -------------------
                         (clock cam_pclk rise edge)
                                                      0.000     0.000 r  
    W17                                               0.000     0.000 r  pclk (IN)
                         net (fo=0)                   0.000     0.000    pclk
    W17                  IBUF (Prop_ibuf_I_O)         1.484     1.484 r  pclk_IBUF_inst/O
                         net (fo=1, routed)           2.205     3.689    pclk_IBUF
    BUFGCTRL_X0Y0        BUFG (Prop_bufg_I_O)         0.101     3.790 r  pclk_IBUF_BUFG_inst/O
                         net (fo=464, routed)         1.875     5.665    u_cam/CLK
    SLICE_X106Y11        FDCE                                         r  u_cam/prst_s2_reg/C
  -------------------------------------------------------------------    -------------------
    SLICE_X106Y11        FDCE (Prop_fdce_C_Q)         0.456     6.121 r  u_cam/prst_s2_reg/Q
                         net (fo=1, routed)           0.861     6.982    u_cam/prst_s2
    SLICE_X106Y11        LUT1 (Prop_lut1_I0_O)        0.124     7.106 f  u_cam/gap_cnt[12]_i_3/O
                         net (fo=32, routed)          0.939     8.045    u_cam/gap_cnt[12]_i_3_n_0
    SLICE_X113Y13        FDCE                                         f  u_cam/gap_cnt_reg[9]/CLR
  -------------------------------------------------------------------    -------------------

                         (clock cam_pclk rise edge)
                                                     17.000    17.000 r  
    W17                                               0.000    17.000 r  pclk (IN)
                         net (fo=0)                   0.000    17.000    pclk
    W17                  IBUF (Prop_ibuf_I_O)         1.414    18.414 r  pclk_IBUF_inst/O
                         net (fo=1, routed)           2.006    20.420    pclk_IBUF
    BUFGCTRL_X0Y0        BUFG (Prop_bufg_I_O)         0.091    20.511 r  pclk_IBUF_BUFG_inst/O
                         net (fo=464, routed)         1.694    22.205    u_cam/CLK
    SLICE_X113Y13        FDCE                                         r  u_cam/gap_cnt_reg[9]/C
                         clock pessimism              0.394    22.599    
                         clock uncertainty           -0.035    22.564    
    SLICE_X113Y13        FDCE (Recov_fdce_C_CLR)     -0.405    22.159    u_cam/gap_cnt_reg[9]
  -------------------------------------------------------------------
                         required time                         22.159    
                         arrival time                          -8.045    
  -------------------------------------------------------------------
                         slack                                 14.114    

Slack (MET) :             14.143ns  (required time - arrival time)
  Source:                 u_cam/prst_s2_reg/C
                            (rising edge-triggered cell FDCE clocked by cam_pclk  {rise@0.000ns fall@8.500ns period=17.000ns})
  Destination:            u_cam/byte_sel_reg/CLR
                            (recovery check against rising-edge clock cam_pclk  {rise@0.000ns fall@8.500ns period=17.000ns})
  Path Group:             **async_default**
  Path Type:              Recovery (Max at Slow Process Corner)
  Requirement:            17.000ns  (cam_pclk rise@17.000ns - cam_pclk rise@0.000ns)
  Data Path Delay:        2.390ns  (logic 0.580ns (24.271%)  route 1.810ns (75.729%))
  Logic Levels:           1  (LUT1=1)
  Clock Path Skew:        -0.027ns (DCD - SCD + CPR)
    Destination Clock Delay (DCD):    5.203ns = ( 22.203 - 17.000 ) 
    Source Clock Delay      (SCD):    5.665ns
    Clock Pessimism Removal (CPR):    0.435ns
  Clock Uncertainty:      0.035ns  ((TSJ^2 + TIJ^2)^1/2 + DJ) / 2 + PE
    Total System Jitter     (TSJ):    0.071ns
    Total Input Jitter      (TIJ):    0.000ns
    Discrete Jitter          (DJ):    0.000ns
    Phase Error              (PE):    0.000ns

    Location             Delay type                Incr(ns)  Path(ns)    Netlist Resource(s)
  -------------------------------------------------------------------    -------------------
                         (clock cam_pclk rise edge)
                                                      0.000     0.000 r  
    W17                                               0.000     0.000 r  pclk (IN)
                         net (fo=0)                   0.000     0.000    pclk
    W17                  IBUF (Prop_ibuf_I_O)         1.484     1.484 r  pclk_IBUF_inst/O
                         net (fo=1, routed)           2.205     3.689    pclk_IBUF
    BUFGCTRL_X0Y0        BUFG (Prop_bufg_I_O)         0.101     3.790 r  pclk_IBUF_BUFG_inst/O
                         net (fo=464, routed)         1.875     5.665    u_cam/CLK
    SLICE_X106Y11        FDCE                                         r  u_cam/prst_s2_reg/C
  -------------------------------------------------------------------    -------------------
    SLICE_X106Y11        FDCE (Prop_fdce_C_Q)         0.456     6.121 r  u_cam/prst_s2_reg/Q
                         net (fo=1, routed)           0.861     6.982    u_cam/prst_s2
    SLICE_X106Y11        LUT1 (Prop_lut1_I0_O)        0.124     7.106 f  u_cam/gap_cnt[12]_i_3/O
                         net (fo=32, routed)          0.949     8.055    u_cam/gap_cnt[12]_i_3_n_0
    SLICE_X109Y14        FDCE                                         f  u_cam/byte_sel_reg/CLR
  -------------------------------------------------------------------    -------------------

                         (clock cam_pclk rise edge)
                                                     17.000    17.000 r  
    W17                                               0.000    17.000 r  pclk (IN)
                         net (fo=0)                   0.000    17.000    pclk
    W17                  IBUF (Prop_ibuf_I_O)         1.414    18.414 r  pclk_IBUF_inst/O
                         net (fo=1, routed)           2.006    20.420    pclk_IBUF
    BUFGCTRL_X0Y0        BUFG (Prop_bufg_I_O)         0.091    20.511 r  pclk_IBUF_BUFG_inst/O
                         net (fo=464, routed)         1.692    22.203    u_cam/CLK
    SLICE_X109Y14        FDCE                                         r  u_cam/byte_sel_reg/C
                         clock pessimism              0.435    22.638    
                         clock uncertainty           -0.035    22.603    
    SLICE_X109Y14        FDCE (Recov_fdce_C_CLR)     -0.405    22.198    u_cam/byte_sel_reg
  -------------------------------------------------------------------
                         required time                         22.198    
                         arrival time                          -8.055    
  -------------------------------------------------------------------
                         slack                                 14.143    

Slack (MET) :             14.143ns  (required time - arrival time)
  Source:                 u_cam/prst_s2_reg/C
                            (rising edge-triggered cell FDCE clocked by cam_pclk  {rise@0.000ns fall@8.500ns period=17.000ns})
  Destination:            u_cam/m_axis_tvalid_reg/CLR
                            (recovery check against rising-edge clock cam_pclk  {rise@0.000ns fall@8.500ns period=17.000ns})
  Path Group:             **async_default**
  Path Type:              Recovery (Max at Slow Process Corner)
  Requirement:            17.000ns  (cam_pclk rise@17.000ns - cam_pclk rise@0.000ns)
  Data Path Delay:        2.390ns  (logic 0.580ns (24.271%)  route 1.810ns (75.729%))
  Logic Levels:           1  (LUT1=1)
  Clock Path Skew:        -0.027ns (DCD - SCD + CPR)
    Destination Clock Delay (DCD):    5.203ns = ( 22.203 - 17.000 ) 
    Source Clock Delay      (SCD):    5.665ns
    Clock Pessimism Removal (CPR):    0.435ns
  Clock Uncertainty:      0.035ns  ((TSJ^2 + TIJ^2)^1/2 + DJ) / 2 + PE
    Total System Jitter     (TSJ):    0.071ns
    Total Input Jitter      (TIJ):    0.000ns
    Discrete Jitter          (DJ):    0.000ns
    Phase Error              (PE):    0.000ns

    Location             Delay type                Incr(ns)  Path(ns)    Netlist Resource(s)
  -------------------------------------------------------------------    -------------------
                         (clock cam_pclk rise edge)
                                                      0.000     0.000 r  
    W17                                               0.000     0.000 r  pclk (IN)
                         net (fo=0)                   0.000     0.000    pclk
    W17                  IBUF (Prop_ibuf_I_O)         1.484     1.484 r  pclk_IBUF_inst/O
                         net (fo=1, routed)           2.205     3.689    pclk_IBUF
    BUFGCTRL_X0Y0        BUFG (Prop_bufg_I_O)         0.101     3.790 r  pclk_IBUF_BUFG_inst/O
                         net (fo=464, routed)         1.875     5.665    u_cam/CLK
    SLICE_X106Y11        FDCE                                         r  u_cam/prst_s2_reg/C
  -------------------------------------------------------------------    -------------------
    SLICE_X106Y11        FDCE (Prop_fdce_C_Q)         0.456     6.121 r  u_cam/prst_s2_reg/Q
                         net (fo=1, routed)           0.861     6.982    u_cam/prst_s2
    SLICE_X106Y11        LUT1 (Prop_lut1_I0_O)        0.124     7.106 f  u_cam/gap_cnt[12]_i_3/O
                         net (fo=32, routed)          0.949     8.055    u_cam/gap_cnt[12]_i_3_n_0
    SLICE_X109Y14        FDCE                                         f  u_cam/m_axis_tvalid_reg/CLR
  -------------------------------------------------------------------    -------------------

                         (clock cam_pclk rise edge)
                                                     17.000    17.000 r  
    W17                                               0.000    17.000 r  pclk (IN)
                         net (fo=0)                   0.000    17.000    pclk
    W17                  IBUF (Prop_ibuf_I_O)         1.414    18.414 r  pclk_IBUF_inst/O
                         net (fo=1, routed)           2.006    20.420    pclk_IBUF
    BUFGCTRL_X0Y0        BUFG (Prop_bufg_I_O)         0.091    20.511 r  pclk_IBUF_BUFG_inst/O
                         net (fo=464, routed)         1.692    22.203    u_cam/CLK
    SLICE_X109Y14        FDCE                                         r  u_cam/m_axis_tvalid_reg/C
                         clock pessimism              0.435    22.638    
                         clock uncertainty           -0.035    22.603    
    SLICE_X109Y14        FDCE (Recov_fdce_C_CLR)     -0.405    22.198    u_cam/m_axis_tvalid_reg
  -------------------------------------------------------------------
                         required time                         22.198    
                         arrival time                          -8.055    
  -------------------------------------------------------------------
                         slack                                 14.143    

Slack (MET) :             14.143ns  (required time - arrival time)
  Source:                 u_cam/prst_s2_reg/C
                            (rising edge-triggered cell FDCE clocked by cam_pclk  {rise@0.000ns fall@8.500ns period=17.000ns})
  Destination:            u_cam/synced_reg/CLR
                            (recovery check against rising-edge clock cam_pclk  {rise@0.000ns fall@8.500ns period=17.000ns})
  Path Group:             **async_default**
  Path Type:              Recovery (Max at Slow Process Corner)
  Requirement:            17.000ns  (cam_pclk rise@17.000ns - cam_pclk rise@0.000ns)
  Data Path Delay:        2.390ns  (logic 0.580ns (24.271%)  route 1.810ns (75.729%))
  Logic Levels:           1  (LUT1=1)
  Clock Path Skew:        -0.027ns (DCD - SCD + CPR)
    Destination Clock Delay (DCD):    5.203ns = ( 22.203 - 17.000 ) 
    Source Clock Delay      (SCD):    5.665ns
    Clock Pessimism Removal (CPR):    0.435ns
  Clock Uncertainty:      0.035ns  ((TSJ^2 + TIJ^2)^1/2 + DJ) / 2 + PE
    Total System Jitter     (TSJ):    0.071ns
    Total Input Jitter      (TIJ):    0.000ns
    Discrete Jitter          (DJ):    0.000ns
    Phase Error              (PE):    0.000ns

    Location             Delay type                Incr(ns)  Path(ns)    Netlist Resource(s)
  -------------------------------------------------------------------    -------------------
                         (clock cam_pclk rise edge)
                                                      0.000     0.000 r  
    W17                                               0.000     0.000 r  pclk (IN)
                         net (fo=0)                   0.000     0.000    pclk
    W17                  IBUF (Prop_ibuf_I_O)         1.484     1.484 r  pclk_IBUF_inst/O
                         net (fo=1, routed)           2.205     3.689    pclk_IBUF
    BUFGCTRL_X0Y0        BUFG (Prop_bufg_I_O)         0.101     3.790 r  pclk_IBUF_BUFG_inst/O
                         net (fo=464, routed)         1.875     5.665    u_cam/CLK
    SLICE_X106Y11        FDCE                                         r  u_cam/prst_s2_reg/C
  -------------------------------------------------------------------    -------------------
    SLICE_X106Y11        FDCE (Prop_fdce_C_Q)         0.456     6.121 r  u_cam/prst_s2_reg/Q
                         net (fo=1, routed)           0.861     6.982    u_cam/prst_s2
    SLICE_X106Y11        LUT1 (Prop_lut1_I0_O)        0.124     7.106 f  u_cam/gap_cnt[12]_i_3/O
                         net (fo=32, routed)          0.949     8.055    u_cam/gap_cnt[12]_i_3_n_0
    SLICE_X109Y14        FDCE                                         f  u_cam/synced_reg/CLR
  -------------------------------------------------------------------    -------------------

                         (clock cam_pclk rise edge)
                                                     17.000    17.000 r  
    W17                                               0.000    17.000 r  pclk (IN)
                         net (fo=0)                   0.000    17.000    pclk
    W17                  IBUF (Prop_ibuf_I_O)         1.414    18.414 r  pclk_IBUF_inst/O
                         net (fo=1, routed)           2.006    20.420    pclk_IBUF
    BUFGCTRL_X0Y0        BUFG (Prop_bufg_I_O)         0.091    20.511 r  pclk_IBUF_BUFG_inst/O
                         net (fo=464, routed)         1.692    22.203    u_cam/CLK
    SLICE_X109Y14        FDCE                                         r  u_cam/synced_reg/C
                         clock pessimism              0.435    22.638    
                         clock uncertainty           -0.035    22.603    
    SLICE_X109Y14        FDCE (Recov_fdce_C_CLR)     -0.405    22.198    u_cam/synced_reg
  -------------------------------------------------------------------
                         required time                         22.198    
                         arrival time                          -8.055    
  -------------------------------------------------------------------
                         slack                                 14.143    

Slack (MET) :             14.253ns  (required time - arrival time)
  Source:                 u_cam/prst_s2_reg/C
                            (rising edge-triggered cell FDCE clocked by cam_pclk  {rise@0.000ns fall@8.500ns period=17.000ns})
  Destination:            u_cam/gap_cnt_reg[5]/CLR
                            (recovery check against rising-edge clock cam_pclk  {rise@0.000ns fall@8.500ns period=17.000ns})
  Path Group:             **async_default**
  Path Type:              Recovery (Max at Slow Process Corner)
  Requirement:            17.000ns  (cam_pclk rise@17.000ns - cam_pclk rise@0.000ns)
  Data Path Delay:        2.241ns  (logic 0.580ns (25.880%)  route 1.661ns (74.120%))
  Logic Levels:           1  (LUT1=1)
  Clock Path Skew:        -0.065ns (DCD - SCD + CPR)
    Destination Clock Delay (DCD):    5.206ns = ( 22.206 - 17.000 ) 
    Source Clock Delay      (SCD):    5.665ns
    Clock Pessimism Removal (CPR):    0.394ns
  Clock Uncertainty:      0.035ns  ((TSJ^2 + TIJ^2)^1/2 + DJ) / 2 + PE
    Total System Jitter     (TSJ):    0.071ns
    Total Input Jitter      (TIJ):    0.000ns
    Discrete Jitter          (DJ):    0.000ns
    Phase Error              (PE):    0.000ns

    Location             Delay type                Incr(ns)  Path(ns)    Netlist Resource(s)
  -------------------------------------------------------------------    -------------------
                         (clock cam_pclk rise edge)
                                                      0.000     0.000 r  
    W17                                               0.000     0.000 r  pclk (IN)
                         net (fo=0)                   0.000     0.000    pclk
    W17                  IBUF (Prop_ibuf_I_O)         1.484     1.484 r  pclk_IBUF_inst/O
                         net (fo=1, routed)           2.205     3.689    pclk_IBUF
    BUFGCTRL_X0Y0        BUFG (Prop_bufg_I_O)         0.101     3.790 r  pclk_IBUF_BUFG_inst/O
                         net (fo=464, routed)         1.875     5.665    u_cam/CLK
    SLICE_X106Y11        FDCE                                         r  u_cam/prst_s2_reg/C
  -------------------------------------------------------------------    -------------------
    SLICE_X106Y11        FDCE (Prop_fdce_C_Q)         0.456     6.121 r  u_cam/prst_s2_reg/Q
                         net (fo=1, routed)           0.861     6.982    u_cam/prst_s2
    SLICE_X106Y11        LUT1 (Prop_lut1_I0_O)        0.124     7.106 f  u_cam/gap_cnt[12]_i_3/O
                         net (fo=32, routed)          0.800     7.906    u_cam/gap_cnt[12]_i_3_n_0
    SLICE_X113Y12        FDCE                                         f  u_cam/gap_cnt_reg[5]/CLR
  -------------------------------------------------------------------    -------------------

                         (clock cam_pclk rise edge)
                                                     17.000    17.000 r  
    W17                                               0.000    17.000 r  pclk (IN)
                         net (fo=0)                   0.000    17.000    pclk
    W17                  IBUF (Prop_ibuf_I_O)         1.414    18.414 r  pclk_IBUF_inst/O
                         net (fo=1, routed)           2.006    20.420    pclk_IBUF
    BUFGCTRL_X0Y0        BUFG (Prop_bufg_I_O)         0.091    20.511 r  pclk_IBUF_BUFG_inst/O
                         net (fo=464, routed)         1.695    22.206    u_cam/CLK
    SLICE_X113Y12        FDCE                                         r  u_cam/gap_cnt_reg[5]/C
                         clock pessimism              0.394    22.600    
                         clock uncertainty           -0.035    22.565    
    SLICE_X113Y12        FDCE (Recov_fdce_C_CLR)     -0.405    22.160    u_cam/gap_cnt_reg[5]
  -------------------------------------------------------------------
                         required time                         22.160    
                         arrival time                          -7.906    
  -------------------------------------------------------------------
                         slack                                 14.253    

Slack (MET) :             14.253ns  (required time - arrival time)
  Source:                 u_cam/prst_s2_reg/C
                            (rising edge-triggered cell FDCE clocked by cam_pclk  {rise@0.000ns fall@8.500ns period=17.000ns})
  Destination:            u_cam/gap_cnt_reg[6]/CLR
                            (recovery check against rising-edge clock cam_pclk  {rise@0.000ns fall@8.500ns period=17.000ns})
  Path Group:             **async_default**
  Path Type:              Recovery (Max at Slow Process Corner)
  Requirement:            17.000ns  (cam_pclk rise@17.000ns - cam_pclk rise@0.000ns)
  Data Path Delay:        2.241ns  (logic 0.580ns (25.880%)  route 1.661ns (74.120%))
  Logic Levels:           1  (LUT1=1)
  Clock Path Skew:        -0.065ns (DCD - SCD + CPR)
    Destination Clock Delay (DCD):    5.206ns = ( 22.206 - 17.000 ) 
    Source Clock Delay      (SCD):    5.665ns
    Clock Pessimism Removal (CPR):    0.394ns
  Clock Uncertainty:      0.035ns  ((TSJ^2 + TIJ^2)^1/2 + DJ) / 2 + PE
    Total System Jitter     (TSJ):    0.071ns
    Total Input Jitter      (TIJ):    0.000ns
    Discrete Jitter          (DJ):    0.000ns
    Phase Error              (PE):    0.000ns

    Location             Delay type                Incr(ns)  Path(ns)    Netlist Resource(s)
  -------------------------------------------------------------------    -------------------
                         (clock cam_pclk rise edge)
                                                      0.000     0.000 r  
    W17                                               0.000     0.000 r  pclk (IN)
                         net (fo=0)                   0.000     0.000    pclk
    W17                  IBUF (Prop_ibuf_I_O)         1.484     1.484 r  pclk_IBUF_inst/O
                         net (fo=1, routed)           2.205     3.689    pclk_IBUF
    BUFGCTRL_X0Y0        BUFG (Prop_bufg_I_O)         0.101     3.790 r  pclk_IBUF_BUFG_inst/O
                         net (fo=464, routed)         1.875     5.665    u_cam/CLK
    SLICE_X106Y11        FDCE                                         r  u_cam/prst_s2_reg/C
  -------------------------------------------------------------------    -------------------
    SLICE_X106Y11        FDCE (Prop_fdce_C_Q)         0.456     6.121 r  u_cam/prst_s2_reg/Q
                         net (fo=1, routed)           0.861     6.982    u_cam/prst_s2
    SLICE_X106Y11        LUT1 (Prop_lut1_I0_O)        0.124     7.106 f  u_cam/gap_cnt[12]_i_3/O
                         net (fo=32, routed)          0.800     7.906    u_cam/gap_cnt[12]_i_3_n_0
    SLICE_X113Y12        FDCE                                         f  u_cam/gap_cnt_reg[6]/CLR
  -------------------------------------------------------------------    -------------------

                         (clock cam_pclk rise edge)
                                                     17.000    17.000 r  
    W17                                               0.000    17.000 r  pclk (IN)
                         net (fo=0)                   0.000    17.000    pclk
    W17                  IBUF (Prop_ibuf_I_O)         1.414    18.414 r  pclk_IBUF_inst/O
                         net (fo=1, routed)           2.006    20.420    pclk_IBUF
    BUFGCTRL_X0Y0        BUFG (Prop_bufg_I_O)         0.091    20.511 r  pclk_IBUF_BUFG_inst/O
                         net (fo=464, routed)         1.695    22.206    u_cam/CLK
    SLICE_X113Y12        FDCE                                         r  u_cam/gap_cnt_reg[6]/C
                         clock pessimism              0.394    22.600    
                         clock uncertainty           -0.035    22.565    
    SLICE_X113Y12        FDCE (Recov_fdce_C_CLR)     -0.405    22.160    u_cam/gap_cnt_reg[6]
  -------------------------------------------------------------------
                         required time                         22.160    
                         arrival time                          -7.906    
  -------------------------------------------------------------------
                         slack                                 14.253    

Slack (MET) :             14.253ns  (required time - arrival time)
  Source:                 u_cam/prst_s2_reg/C
                            (rising edge-triggered cell FDCE clocked by cam_pclk  {rise@0.000ns fall@8.500ns period=17.000ns})
  Destination:            u_cam/gap_cnt_reg[7]/CLR
                            (recovery check against rising-edge clock cam_pclk  {rise@0.000ns fall@8.500ns period=17.000ns})
  Path Group:             **async_default**
  Path Type:              Recovery (Max at Slow Process Corner)
  Requirement:            17.000ns  (cam_pclk rise@17.000ns - cam_pclk rise@0.000ns)
  Data Path Delay:        2.241ns  (logic 0.580ns (25.880%)  route 1.661ns (74.120%))
  Logic Levels:           1  (LUT1=1)
  Clock Path Skew:        -0.065ns (DCD - SCD + CPR)
    Destination Clock Delay (DCD):    5.206ns = ( 22.206 - 17.000 ) 
    Source Clock Delay      (SCD):    5.665ns
    Clock Pessimism Removal (CPR):    0.394ns
  Clock Uncertainty:      0.035ns  ((TSJ^2 + TIJ^2)^1/2 + DJ) / 2 + PE
    Total System Jitter     (TSJ):    0.071ns
    Total Input Jitter      (TIJ):    0.000ns
    Discrete Jitter          (DJ):    0.000ns
    Phase Error              (PE):    0.000ns

    Location             Delay type                Incr(ns)  Path(ns)    Netlist Resource(s)
  -------------------------------------------------------------------    -------------------
                         (clock cam_pclk rise edge)
                                                      0.000     0.000 r  
    W17                                               0.000     0.000 r  pclk (IN)
                         net (fo=0)                   0.000     0.000    pclk
    W17                  IBUF (Prop_ibuf_I_O)         1.484     1.484 r  pclk_IBUF_inst/O
                         net (fo=1, routed)           2.205     3.689    pclk_IBUF
    BUFGCTRL_X0Y0        BUFG (Prop_bufg_I_O)         0.101     3.790 r  pclk_IBUF_BUFG_inst/O
                         net (fo=464, routed)         1.875     5.665    u_cam/CLK
    SLICE_X106Y11        FDCE                                         r  u_cam/prst_s2_reg/C
  -------------------------------------------------------------------    -------------------
    SLICE_X106Y11        FDCE (Prop_fdce_C_Q)         0.456     6.121 r  u_cam/prst_s2_reg/Q
                         net (fo=1, routed)           0.861     6.982    u_cam/prst_s2
    SLICE_X106Y11        LUT1 (Prop_lut1_I0_O)        0.124     7.106 f  u_cam/gap_cnt[12]_i_3/O
                         net (fo=32, routed)          0.800     7.906    u_cam/gap_cnt[12]_i_3_n_0
    SLICE_X113Y12        FDCE                                         f  u_cam/gap_cnt_reg[7]/CLR
  -------------------------------------------------------------------    -------------------

                         (clock cam_pclk rise edge)
                                                     17.000    17.000 r  
    W17                                               0.000    17.000 r  pclk (IN)
                         net (fo=0)                   0.000    17.000    pclk
    W17                  IBUF (Prop_ibuf_I_O)         1.414    18.414 r  pclk_IBUF_inst/O
                         net (fo=1, routed)           2.006    20.420    pclk_IBUF
    BUFGCTRL_X0Y0        BUFG (Prop_bufg_I_O)         0.091    20.511 r  pclk_IBUF_BUFG_inst/O
                         net (fo=464, routed)         1.695    22.206    u_cam/CLK
    SLICE_X113Y12        FDCE                                         r  u_cam/gap_cnt_reg[7]/C
                         clock pessimism              0.394    22.600    
                         clock uncertainty           -0.035    22.565    
    SLICE_X113Y12        FDCE (Recov_fdce_C_CLR)     -0.405    22.160    u_cam/gap_cnt_reg[7]
  -------------------------------------------------------------------
                         required time                         22.160    
                         arrival time                          -7.906    
  -------------------------------------------------------------------
                         slack                                 14.253    





---------------------------------------------------------------------------------------------------
Path Group:  **async_default**
From Clock:  clk_pix
  To Clock:  clk_pix

Setup :            0  Failing Endpoints,  Worst Slack        9.591ns,  Total Violation        0.000ns
Hold  :           NA  Failing Endpoints,  Worst Slack           NA  ,  Total Violation           NA
---------------------------------------------------------------------------------------------------


Max Delay Paths
--------------------------------------------------------------------------------------
Slack (MET) :             9.591ns  (required time - arrival time)
  Source:                 u_rx/sync_ff_reg[1]/C
                            (rising edge-triggered cell FDCE clocked by clk_pix  {rise@0.000ns fall@6.667ns period=13.333ns})
  Destination:            u_vga/cx_reg[12]/CLR
                            (recovery check against rising-edge clock clk_pix  {rise@0.000ns fall@6.667ns period=13.333ns})
  Path Group:             **async_default**
  Path Type:              Recovery (Max at Slow Process Corner)
  Requirement:            13.333ns  (clk_pix rise@13.333ns - clk_pix rise@0.000ns)
  Data Path Delay:        3.277ns  (logic 0.718ns (21.910%)  route 2.559ns (78.090%))
  Logic Levels:           1  (LUT1=1)
  Clock Path Skew:        -0.022ns (DCD - SCD + CPR)
    Destination Clock Delay (DCD):    8.673ns = ( 22.007 - 13.333 ) 
    Source Clock Delay      (SCD):    9.504ns
    Clock Pessimism Removal (CPR):    0.809ns
  Clock Uncertainty:      0.082ns  ((TSJ^2 + DJ^2)^1/2) / 2 + PE
    Total System Jitter     (TSJ):    0.071ns
    Discrete Jitter          (DJ):    0.148ns
    Phase Error              (PE):    0.000ns

    Location             Delay type                Incr(ns)  Path(ns)    Netlist Resource(s)
  -------------------------------------------------------------------    -------------------
                         (clock clk_pix rise edge)    0.000     0.000 r  
    M19                                               0.000     0.000 r  sys_clk (IN)
                         net (fo=0)                   0.000     0.000    sys_clk
    M19                  IBUF (Prop_ibuf_I_O)         1.436     1.436 r  sys_clk_IBUF_inst/O
                         net (fo=1, routed)           2.205     3.641    sys_clk_IBUF
    BUFGCTRL_X0Y16       BUFG (Prop_bufg_I_O)         0.101     3.742 r  sys_clk_IBUF_BUFG_inst/O
                         net (fo=173, routed)         1.806     5.548    sys_clk_IBUF_BUFG
    MMCME2_ADV_X1Y0      MMCME2_ADV (Prop_mmcme2_adv_CLKIN1_CLKOUT1)
                                                      0.088     5.636 r  u_mmcm/CLKOUT1
                         net (fo=1, routed)           1.889     7.525    clk_pix
    BUFGCTRL_X0Y2        BUFG (Prop_bufg_I_O)         0.101     7.626 r  clk_pix_BUFG_inst/O
                         net (fo=28, routed)          1.878     9.504    u_rx/clk_pix
    SLICE_X113Y8         FDCE                                         r  u_rx/sync_ff_reg[1]/C
  -------------------------------------------------------------------    -------------------
    SLICE_X113Y8         FDCE (Prop_fdce_C_Q)         0.419     9.923 r  u_rx/sync_ff_reg[1]/Q
                         net (fo=1, routed)           0.849    10.772    u_rx/sync_ff[1]
    SLICE_X113Y8         LUT1 (Prop_lut1_I0_O)        0.299    11.071 f  u_rx/cx[12]_i_2/O
                         net (fo=26, routed)          1.710    12.781    u_vga/cy_reg[12]_0
    SLICE_X112Y8         FDCE                                         f  u_vga/cx_reg[12]/CLR
  -------------------------------------------------------------------    -------------------

                         (clock clk_pix rise edge)   13.333    13.333 r  
    M19                                               0.000    13.333 r  sys_clk (IN)
                         net (fo=0)                   0.000    13.333    sys_clk
    M19                  IBUF (Prop_ibuf_I_O)         1.366    14.700 r  sys_clk_IBUF_inst/O
                         net (fo=1, routed)           2.006    16.706    sys_clk_IBUF
    BUFGCTRL_X0Y16       BUFG (Prop_bufg_I_O)         0.091    16.797 r  sys_clk_IBUF_BUFG_inst/O
                         net (fo=173, routed)         1.612    18.409    sys_clk_IBUF_BUFG
    MMCME2_ADV_X1Y0      MMCME2_ADV (Prop_mmcme2_adv_CLKIN1_CLKOUT1)
                                                      0.083    18.492 r  u_mmcm/CLKOUT1
                         net (fo=1, routed)           1.725    20.217    clk_pix
    BUFGCTRL_X0Y2        BUFG (Prop_bufg_I_O)         0.091    20.308 r  clk_pix_BUFG_inst/O
                         net (fo=28, routed)          1.698    22.007    u_vga/clk_pix
    SLICE_X112Y8         FDCE                                         r  u_vga/cx_reg[12]/C
                         clock pessimism              0.809    22.816    
                         clock uncertainty           -0.082    22.734    
    SLICE_X112Y8         FDCE (Recov_fdce_C_CLR)     -0.361    22.373    u_vga/cx_reg[12]
  -------------------------------------------------------------------
                         required time                         22.373    
                         arrival time                         -12.781    
  -------------------------------------------------------------------
                         slack                                  9.591    

Slack (MET) :             9.633ns  (required time - arrival time)
  Source:                 u_rx/sync_ff_reg[1]/C
                            (rising edge-triggered cell FDCE clocked by clk_pix  {rise@0.000ns fall@6.667ns period=13.333ns})
  Destination:            u_vga/cx_reg[10]/CLR
                            (recovery check against rising-edge clock clk_pix  {rise@0.000ns fall@6.667ns period=13.333ns})
  Path Group:             **async_default**
  Path Type:              Recovery (Max at Slow Process Corner)
  Requirement:            13.333ns  (clk_pix rise@13.333ns - clk_pix rise@0.000ns)
  Data Path Delay:        3.277ns  (logic 0.718ns (21.910%)  route 2.559ns (78.090%))
  Logic Levels:           1  (LUT1=1)
  Clock Path Skew:        -0.022ns (DCD - SCD + CPR)
    Destination Clock Delay (DCD):    8.673ns = ( 22.007 - 13.333 ) 
    Source Clock Delay      (SCD):    9.504ns
    Clock Pessimism Removal (CPR):    0.809ns
  Clock Uncertainty:      0.082ns  ((TSJ^2 + DJ^2)^1/2) / 2 + PE
    Total System Jitter     (TSJ):    0.071ns
    Discrete Jitter          (DJ):    0.148ns
    Phase Error              (PE):    0.000ns

    Location             Delay type                Incr(ns)  Path(ns)    Netlist Resource(s)
  -------------------------------------------------------------------    -------------------
                         (clock clk_pix rise edge)    0.000     0.000 r  
    M19                                               0.000     0.000 r  sys_clk (IN)
                         net (fo=0)                   0.000     0.000    sys_clk
    M19                  IBUF (Prop_ibuf_I_O)         1.436     1.436 r  sys_clk_IBUF_inst/O
                         net (fo=1, routed)           2.205     3.641    sys_clk_IBUF
    BUFGCTRL_X0Y16       BUFG (Prop_bufg_I_O)         0.101     3.742 r  sys_clk_IBUF_BUFG_inst/O
                         net (fo=173, routed)         1.806     5.548    sys_clk_IBUF_BUFG
    MMCME2_ADV_X1Y0      MMCME2_ADV (Prop_mmcme2_adv_CLKIN1_CLKOUT1)
                                                      0.088     5.636 r  u_mmcm/CLKOUT1
                         net (fo=1, routed)           1.889     7.525    clk_pix
    BUFGCTRL_X0Y2        BUFG (Prop_bufg_I_O)         0.101     7.626 r  clk_pix_BUFG_inst/O
                         net (fo=28, routed)          1.878     9.504    u_rx/clk_pix
    SLICE_X113Y8         FDCE                                         r  u_rx/sync_ff_reg[1]/C
  -------------------------------------------------------------------    -------------------
    SLICE_X113Y8         FDCE (Prop_fdce_C_Q)         0.419     9.923 r  u_rx/sync_ff_reg[1]/Q
                         net (fo=1, routed)           0.849    10.772    u_rx/sync_ff[1]
    SLICE_X113Y8         LUT1 (Prop_lut1_I0_O)        0.299    11.071 f  u_rx/cx[12]_i_2/O
                         net (fo=26, routed)          1.710    12.781    u_vga/cy_reg[12]_0
    SLICE_X112Y8         FDCE                                         f  u_vga/cx_reg[10]/CLR
  -------------------------------------------------------------------    -------------------

                         (clock clk_pix rise edge)   13.333    13.333 r  
    M19                                               0.000    13.333 r  sys_clk (IN)
                         net (fo=0)                   0.000    13.333    sys_clk
    M19                  IBUF (Prop_ibuf_I_O)         1.366    14.700 r  sys_clk_IBUF_inst/O
                         net (fo=1, routed)           2.006    16.706    sys_clk_IBUF
    BUFGCTRL_X0Y16       BUFG (Prop_bufg_I_O)         0.091    16.797 r  sys_clk_IBUF_BUFG_inst/O
                         net (fo=173, routed)         1.612    18.409    sys_clk_IBUF_BUFG
    MMCME2_ADV_X1Y0      MMCME2_ADV (Prop_mmcme2_adv_CLKIN1_CLKOUT1)
                                                      0.083    18.492 r  u_mmcm/CLKOUT1
                         net (fo=1, routed)           1.725    20.217    clk_pix
    BUFGCTRL_X0Y2        BUFG (Prop_bufg_I_O)         0.091    20.308 r  clk_pix_BUFG_inst/O
                         net (fo=28, routed)          1.698    22.007    u_vga/clk_pix
    SLICE_X112Y8         FDCE                                         r  u_vga/cx_reg[10]/C
                         clock pessimism              0.809    22.816    
                         clock uncertainty           -0.082    22.734    
    SLICE_X112Y8         FDCE (Recov_fdce_C_CLR)     -0.319    22.415    u_vga/cx_reg[10]
  -------------------------------------------------------------------
                         required time                         22.415    
                         arrival time                         -12.781    
  -------------------------------------------------------------------
                         slack                                  9.633    

Slack (MET) :             9.857ns  (required time - arrival time)
  Source:                 u_rx/sync_ff_reg[1]/C
                            (rising edge-triggered cell FDCE clocked by clk_pix  {rise@0.000ns fall@6.667ns period=13.333ns})
  Destination:            u_vga/cx_reg[1]/CLR
                            (recovery check against rising-edge clock clk_pix  {rise@0.000ns fall@6.667ns period=13.333ns})
  Path Group:             **async_default**
  Path Type:              Recovery (Max at Slow Process Corner)
  Requirement:            13.333ns  (clk_pix rise@13.333ns - clk_pix rise@0.000ns)
  Data Path Delay:        2.964ns  (logic 0.718ns (24.225%)  route 2.246ns (75.775%))
  Logic Levels:           1  (LUT1=1)
  Clock Path Skew:        -0.025ns (DCD - SCD + CPR)
    Destination Clock Delay (DCD):    8.673ns = ( 22.007 - 13.333 ) 
    Source Clock Delay      (SCD):    9.504ns
    Clock Pessimism Removal (CPR):    0.806ns
  Clock Uncertainty:      0.082ns  ((TSJ^2 + DJ^2)^1/2) / 2 + PE
    Total System Jitter     (TSJ):    0.071ns
    Discrete Jitter          (DJ):    0.148ns
    Phase Error              (PE):    0.000ns

    Location             Delay type                Incr(ns)  Path(ns)    Netlist Resource(s)
  -------------------------------------------------------------------    -------------------
                         (clock clk_pix rise edge)    0.000     0.000 r  
    M19                                               0.000     0.000 r  sys_clk (IN)
                         net (fo=0)                   0.000     0.000    sys_clk
    M19                  IBUF (Prop_ibuf_I_O)         1.436     1.436 r  sys_clk_IBUF_inst/O
                         net (fo=1, routed)           2.205     3.641    sys_clk_IBUF
    BUFGCTRL_X0Y16       BUFG (Prop_bufg_I_O)         0.101     3.742 r  sys_clk_IBUF_BUFG_inst/O
                         net (fo=173, routed)         1.806     5.548    sys_clk_IBUF_BUFG
    MMCME2_ADV_X1Y0      MMCME2_ADV (Prop_mmcme2_adv_CLKIN1_CLKOUT1)
                                                      0.088     5.636 r  u_mmcm/CLKOUT1
                         net (fo=1, routed)           1.889     7.525    clk_pix
    BUFGCTRL_X0Y2        BUFG (Prop_bufg_I_O)         0.101     7.626 r  clk_pix_BUFG_inst/O
                         net (fo=28, routed)          1.878     9.504    u_rx/clk_pix
    SLICE_X113Y8         FDCE                                         r  u_rx/sync_ff_reg[1]/C
  -------------------------------------------------------------------    -------------------
    SLICE_X113Y8         FDCE (Prop_fdce_C_Q)         0.419     9.923 r  u_rx/sync_ff_reg[1]/Q
                         net (fo=1, routed)           0.849    10.772    u_rx/sync_ff[1]
    SLICE_X113Y8         LUT1 (Prop_lut1_I0_O)        0.299    11.071 f  u_rx/cx[12]_i_2/O
                         net (fo=26, routed)          1.397    12.468    u_vga/cy_reg[12]_0
    SLICE_X111Y7         FDCE                                         f  u_vga/cx_reg[1]/CLR
  -------------------------------------------------------------------    -------------------

                         (clock clk_pix rise edge)   13.333    13.333 r  
    M19                                               0.000    13.333 r  sys_clk (IN)
                         net (fo=0)                   0.000    13.333    sys_clk
    M19                  IBUF (Prop_ibuf_I_O)         1.366    14.700 r  sys_clk_IBUF_inst/O
                         net (fo=1, routed)           2.006    16.706    sys_clk_IBUF
    BUFGCTRL_X0Y16       BUFG (Prop_bufg_I_O)         0.091    16.797 r  sys_clk_IBUF_BUFG_inst/O
                         net (fo=173, routed)         1.612    18.409    sys_clk_IBUF_BUFG
    MMCME2_ADV_X1Y0      MMCME2_ADV (Prop_mmcme2_adv_CLKIN1_CLKOUT1)
                                                      0.083    18.492 r  u_mmcm/CLKOUT1
                         net (fo=1, routed)           1.725    20.217    clk_pix
    BUFGCTRL_X0Y2        BUFG (Prop_bufg_I_O)         0.091    20.308 r  clk_pix_BUFG_inst/O
                         net (fo=28, routed)          1.698    22.007    u_vga/clk_pix
    SLICE_X111Y7         FDCE                                         r  u_vga/cx_reg[1]/C
                         clock pessimism              0.806    22.813    
                         clock uncertainty           -0.082    22.731    
    SLICE_X111Y7         FDCE (Recov_fdce_C_CLR)     -0.405    22.326    u_vga/cx_reg[1]
  -------------------------------------------------------------------
                         required time                         22.326    
                         arrival time                         -12.468    
  -------------------------------------------------------------------
                         slack                                  9.857    

Slack (MET) :             9.857ns  (required time - arrival time)
  Source:                 u_rx/sync_ff_reg[1]/C
                            (rising edge-triggered cell FDCE clocked by clk_pix  {rise@0.000ns fall@6.667ns period=13.333ns})
  Destination:            u_vga/cx_reg[2]/CLR
                            (recovery check against rising-edge clock clk_pix  {rise@0.000ns fall@6.667ns period=13.333ns})
  Path Group:             **async_default**
  Path Type:              Recovery (Max at Slow Process Corner)
  Requirement:            13.333ns  (clk_pix rise@13.333ns - clk_pix rise@0.000ns)
  Data Path Delay:        2.964ns  (logic 0.718ns (24.225%)  route 2.246ns (75.775%))
  Logic Levels:           1  (LUT1=1)
  Clock Path Skew:        -0.025ns (DCD - SCD + CPR)
    Destination Clock Delay (DCD):    8.673ns = ( 22.007 - 13.333 ) 
    Source Clock Delay      (SCD):    9.504ns
    Clock Pessimism Removal (CPR):    0.806ns
  Clock Uncertainty:      0.082ns  ((TSJ^2 + DJ^2)^1/2) / 2 + PE
    Total System Jitter     (TSJ):    0.071ns
    Discrete Jitter          (DJ):    0.148ns
    Phase Error              (PE):    0.000ns

    Location             Delay type                Incr(ns)  Path(ns)    Netlist Resource(s)
  -------------------------------------------------------------------    -------------------
                         (clock clk_pix rise edge)    0.000     0.000 r  
    M19                                               0.000     0.000 r  sys_clk (IN)
                         net (fo=0)                   0.000     0.000    sys_clk
    M19                  IBUF (Prop_ibuf_I_O)         1.436     1.436 r  sys_clk_IBUF_inst/O
                         net (fo=1, routed)           2.205     3.641    sys_clk_IBUF
    BUFGCTRL_X0Y16       BUFG (Prop_bufg_I_O)         0.101     3.742 r  sys_clk_IBUF_BUFG_inst/O
                         net (fo=173, routed)         1.806     5.548    sys_clk_IBUF_BUFG
    MMCME2_ADV_X1Y0      MMCME2_ADV (Prop_mmcme2_adv_CLKIN1_CLKOUT1)
                                                      0.088     5.636 r  u_mmcm/CLKOUT1
                         net (fo=1, routed)           1.889     7.525    clk_pix
    BUFGCTRL_X0Y2        BUFG (Prop_bufg_I_O)         0.101     7.626 r  clk_pix_BUFG_inst/O
                         net (fo=28, routed)          1.878     9.504    u_rx/clk_pix
    SLICE_X113Y8         FDCE                                         r  u_rx/sync_ff_reg[1]/C
  -------------------------------------------------------------------    -------------------
    SLICE_X113Y8         FDCE (Prop_fdce_C_Q)         0.419     9.923 r  u_rx/sync_ff_reg[1]/Q
                         net (fo=1, routed)           0.849    10.772    u_rx/sync_ff[1]
    SLICE_X113Y8         LUT1 (Prop_lut1_I0_O)        0.299    11.071 f  u_rx/cx[12]_i_2/O
                         net (fo=26, routed)          1.397    12.468    u_vga/cy_reg[12]_0
    SLICE_X111Y7         FDCE                                         f  u_vga/cx_reg[2]/CLR
  -------------------------------------------------------------------    -------------------

                         (clock clk_pix rise edge)   13.333    13.333 r  
    M19                                               0.000    13.333 r  sys_clk (IN)
                         net (fo=0)                   0.000    13.333    sys_clk
    M19                  IBUF (Prop_ibuf_I_O)         1.366    14.700 r  sys_clk_IBUF_inst/O
                         net (fo=1, routed)           2.006    16.706    sys_clk_IBUF
    BUFGCTRL_X0Y16       BUFG (Prop_bufg_I_O)         0.091    16.797 r  sys_clk_IBUF_BUFG_inst/O
                         net (fo=173, routed)         1.612    18.409    sys_clk_IBUF_BUFG
    MMCME2_ADV_X1Y0      MMCME2_ADV (Prop_mmcme2_adv_CLKIN1_CLKOUT1)
                                                      0.083    18.492 r  u_mmcm/CLKOUT1
                         net (fo=1, routed)           1.725    20.217    clk_pix
    BUFGCTRL_X0Y2        BUFG (Prop_bufg_I_O)         0.091    20.308 r  clk_pix_BUFG_inst/O
                         net (fo=28, routed)          1.698    22.007    u_vga/clk_pix
    SLICE_X111Y7         FDCE                                         r  u_vga/cx_reg[2]/C
                         clock pessimism              0.806    22.813    
                         clock uncertainty           -0.082    22.731    
    SLICE_X111Y7         FDCE (Recov_fdce_C_CLR)     -0.405    22.326    u_vga/cx_reg[2]
  -------------------------------------------------------------------
                         required time                         22.326    
                         arrival time                         -12.468    
  -------------------------------------------------------------------
                         slack                                  9.857    

Slack (MET) :             9.857ns  (required time - arrival time)
  Source:                 u_rx/sync_ff_reg[1]/C
                            (rising edge-triggered cell FDCE clocked by clk_pix  {rise@0.000ns fall@6.667ns period=13.333ns})
  Destination:            u_vga/cx_reg[3]/CLR
                            (recovery check against rising-edge clock clk_pix  {rise@0.000ns fall@6.667ns period=13.333ns})
  Path Group:             **async_default**
  Path Type:              Recovery (Max at Slow Process Corner)
  Requirement:            13.333ns  (clk_pix rise@13.333ns - clk_pix rise@0.000ns)
  Data Path Delay:        2.964ns  (logic 0.718ns (24.225%)  route 2.246ns (75.775%))
  Logic Levels:           1  (LUT1=1)
  Clock Path Skew:        -0.025ns (DCD - SCD + CPR)
    Destination Clock Delay (DCD):    8.673ns = ( 22.007 - 13.333 ) 
    Source Clock Delay      (SCD):    9.504ns
    Clock Pessimism Removal (CPR):    0.806ns
  Clock Uncertainty:      0.082ns  ((TSJ^2 + DJ^2)^1/2) / 2 + PE
    Total System Jitter     (TSJ):    0.071ns
    Discrete Jitter          (DJ):    0.148ns
    Phase Error              (PE):    0.000ns

    Location             Delay type                Incr(ns)  Path(ns)    Netlist Resource(s)
  -------------------------------------------------------------------    -------------------
                         (clock clk_pix rise edge)    0.000     0.000 r  
    M19                                               0.000     0.000 r  sys_clk (IN)
                         net (fo=0)                   0.000     0.000    sys_clk
    M19                  IBUF (Prop_ibuf_I_O)         1.436     1.436 r  sys_clk_IBUF_inst/O
                         net (fo=1, routed)           2.205     3.641    sys_clk_IBUF
    BUFGCTRL_X0Y16       BUFG (Prop_bufg_I_O)         0.101     3.742 r  sys_clk_IBUF_BUFG_inst/O
                         net (fo=173, routed)         1.806     5.548    sys_clk_IBUF_BUFG
    MMCME2_ADV_X1Y0      MMCME2_ADV (Prop_mmcme2_adv_CLKIN1_CLKOUT1)
                                                      0.088     5.636 r  u_mmcm/CLKOUT1
                         net (fo=1, routed)           1.889     7.525    clk_pix
    BUFGCTRL_X0Y2        BUFG (Prop_bufg_I_O)         0.101     7.626 r  clk_pix_BUFG_inst/O
                         net (fo=28, routed)          1.878     9.504    u_rx/clk_pix
    SLICE_X113Y8         FDCE                                         r  u_rx/sync_ff_reg[1]/C
  -------------------------------------------------------------------    -------------------
    SLICE_X113Y8         FDCE (Prop_fdce_C_Q)         0.419     9.923 r  u_rx/sync_ff_reg[1]/Q
                         net (fo=1, routed)           0.849    10.772    u_rx/sync_ff[1]
    SLICE_X113Y8         LUT1 (Prop_lut1_I0_O)        0.299    11.071 f  u_rx/cx[12]_i_2/O
                         net (fo=26, routed)          1.397    12.468    u_vga/cy_reg[12]_0
    SLICE_X111Y7         FDCE                                         f  u_vga/cx_reg[3]/CLR
  -------------------------------------------------------------------    -------------------

                         (clock clk_pix rise edge)   13.333    13.333 r  
    M19                                               0.000    13.333 r  sys_clk (IN)
                         net (fo=0)                   0.000    13.333    sys_clk
    M19                  IBUF (Prop_ibuf_I_O)         1.366    14.700 r  sys_clk_IBUF_inst/O
                         net (fo=1, routed)           2.006    16.706    sys_clk_IBUF
    BUFGCTRL_X0Y16       BUFG (Prop_bufg_I_O)         0.091    16.797 r  sys_clk_IBUF_BUFG_inst/O
                         net (fo=173, routed)         1.612    18.409    sys_clk_IBUF_BUFG
    MMCME2_ADV_X1Y0      MMCME2_ADV (Prop_mmcme2_adv_CLKIN1_CLKOUT1)
                                                      0.083    18.492 r  u_mmcm/CLKOUT1
                         net (fo=1, routed)           1.725    20.217    clk_pix
    BUFGCTRL_X0Y2        BUFG (Prop_bufg_I_O)         0.091    20.308 r  clk_pix_BUFG_inst/O
                         net (fo=28, routed)          1.698    22.007    u_vga/clk_pix
    SLICE_X111Y7         FDCE                                         r  u_vga/cx_reg[3]/C
                         clock pessimism              0.806    22.813    
                         clock uncertainty           -0.082    22.731    
    SLICE_X111Y7         FDCE (Recov_fdce_C_CLR)     -0.405    22.326    u_vga/cx_reg[3]
  -------------------------------------------------------------------
                         required time                         22.326    
                         arrival time                         -12.468    
  -------------------------------------------------------------------
                         slack                                  9.857    

Slack (MET) :             9.857ns  (required time - arrival time)
  Source:                 u_rx/sync_ff_reg[1]/C
                            (rising edge-triggered cell FDCE clocked by clk_pix  {rise@0.000ns fall@6.667ns period=13.333ns})
  Destination:            u_vga/cx_reg[4]/CLR
                            (recovery check against rising-edge clock clk_pix  {rise@0.000ns fall@6.667ns period=13.333ns})
  Path Group:             **async_default**
  Path Type:              Recovery (Max at Slow Process Corner)
  Requirement:            13.333ns  (clk_pix rise@13.333ns - clk_pix rise@0.000ns)
  Data Path Delay:        2.964ns  (logic 0.718ns (24.225%)  route 2.246ns (75.775%))
  Logic Levels:           1  (LUT1=1)
  Clock Path Skew:        -0.025ns (DCD - SCD + CPR)
    Destination Clock Delay (DCD):    8.673ns = ( 22.007 - 13.333 ) 
    Source Clock Delay      (SCD):    9.504ns
    Clock Pessimism Removal (CPR):    0.806ns
  Clock Uncertainty:      0.082ns  ((TSJ^2 + DJ^2)^1/2) / 2 + PE
    Total System Jitter     (TSJ):    0.071ns
    Discrete Jitter          (DJ):    0.148ns
    Phase Error              (PE):    0.000ns

    Location             Delay type                Incr(ns)  Path(ns)    Netlist Resource(s)
  -------------------------------------------------------------------    -------------------
                         (clock clk_pix rise edge)    0.000     0.000 r  
    M19                                               0.000     0.000 r  sys_clk (IN)
                         net (fo=0)                   0.000     0.000    sys_clk
    M19                  IBUF (Prop_ibuf_I_O)         1.436     1.436 r  sys_clk_IBUF_inst/O
                         net (fo=1, routed)           2.205     3.641    sys_clk_IBUF
    BUFGCTRL_X0Y16       BUFG (Prop_bufg_I_O)         0.101     3.742 r  sys_clk_IBUF_BUFG_inst/O
                         net (fo=173, routed)         1.806     5.548    sys_clk_IBUF_BUFG
    MMCME2_ADV_X1Y0      MMCME2_ADV (Prop_mmcme2_adv_CLKIN1_CLKOUT1)
                                                      0.088     5.636 r  u_mmcm/CLKOUT1
                         net (fo=1, routed)           1.889     7.525    clk_pix
    BUFGCTRL_X0Y2        BUFG (Prop_bufg_I_O)         0.101     7.626 r  clk_pix_BUFG_inst/O
                         net (fo=28, routed)          1.878     9.504    u_rx/clk_pix
    SLICE_X113Y8         FDCE                                         r  u_rx/sync_ff_reg[1]/C
  -------------------------------------------------------------------    -------------------
    SLICE_X113Y8         FDCE (Prop_fdce_C_Q)         0.419     9.923 r  u_rx/sync_ff_reg[1]/Q
                         net (fo=1, routed)           0.849    10.772    u_rx/sync_ff[1]
    SLICE_X113Y8         LUT1 (Prop_lut1_I0_O)        0.299    11.071 f  u_rx/cx[12]_i_2/O
                         net (fo=26, routed)          1.397    12.468    u_vga/cy_reg[12]_0
    SLICE_X111Y7         FDCE                                         f  u_vga/cx_reg[4]/CLR
  -------------------------------------------------------------------    -------------------

                         (clock clk_pix rise edge)   13.333    13.333 r  
    M19                                               0.000    13.333 r  sys_clk (IN)
                         net (fo=0)                   0.000    13.333    sys_clk
    M19                  IBUF (Prop_ibuf_I_O)         1.366    14.700 r  sys_clk_IBUF_inst/O
                         net (fo=1, routed)           2.006    16.706    sys_clk_IBUF
    BUFGCTRL_X0Y16       BUFG (Prop_bufg_I_O)         0.091    16.797 r  sys_clk_IBUF_BUFG_inst/O
                         net (fo=173, routed)         1.612    18.409    sys_clk_IBUF_BUFG
    MMCME2_ADV_X1Y0      MMCME2_ADV (Prop_mmcme2_adv_CLKIN1_CLKOUT1)
                                                      0.083    18.492 r  u_mmcm/CLKOUT1
                         net (fo=1, routed)           1.725    20.217    clk_pix
    BUFGCTRL_X0Y2        BUFG (Prop_bufg_I_O)         0.091    20.308 r  clk_pix_BUFG_inst/O
                         net (fo=28, routed)          1.698    22.007    u_vga/clk_pix
    SLICE_X111Y7         FDCE                                         r  u_vga/cx_reg[4]/C
                         clock pessimism              0.806    22.813    
                         clock uncertainty           -0.082    22.731    
    SLICE_X111Y7         FDCE (Recov_fdce_C_CLR)     -0.405    22.326    u_vga/cx_reg[4]
  -------------------------------------------------------------------
                         required time                         22.326    
                         arrival time                         -12.468    
  -------------------------------------------------------------------
                         slack                                  9.857    

Slack (MET) :             9.951ns  (required time - arrival time)
  Source:                 u_rx/sync_ff_reg[1]/C
                            (rising edge-triggered cell FDCE clocked by clk_pix  {rise@0.000ns fall@6.667ns period=13.333ns})
  Destination:            u_vga/cx_reg[0]/CLR
                            (recovery check against rising-edge clock clk_pix  {rise@0.000ns fall@6.667ns period=13.333ns})
  Path Group:             **async_default**
  Path Type:              Recovery (Max at Slow Process Corner)
  Requirement:            13.333ns  (clk_pix rise@13.333ns - clk_pix rise@0.000ns)
  Data Path Delay:        2.871ns  (logic 0.718ns (25.008%)  route 2.153ns (74.992%))
  Logic Levels:           1  (LUT1=1)
  Clock Path Skew:        -0.024ns (DCD - SCD + CPR)
    Destination Clock Delay (DCD):    8.674ns = ( 22.008 - 13.333 ) 
    Source Clock Delay      (SCD):    9.504ns
    Clock Pessimism Removal (CPR):    0.806ns
  Clock Uncertainty:      0.082ns  ((TSJ^2 + DJ^2)^1/2) / 2 + PE
    Total System Jitter     (TSJ):    0.071ns
    Discrete Jitter          (DJ):    0.148ns
    Phase Error              (PE):    0.000ns

    Location             Delay type                Incr(ns)  Path(ns)    Netlist Resource(s)
  -------------------------------------------------------------------    -------------------
                         (clock clk_pix rise edge)    0.000     0.000 r  
    M19                                               0.000     0.000 r  sys_clk (IN)
                         net (fo=0)                   0.000     0.000    sys_clk
    M19                  IBUF (Prop_ibuf_I_O)         1.436     1.436 r  sys_clk_IBUF_inst/O
                         net (fo=1, routed)           2.205     3.641    sys_clk_IBUF
    BUFGCTRL_X0Y16       BUFG (Prop_bufg_I_O)         0.101     3.742 r  sys_clk_IBUF_BUFG_inst/O
                         net (fo=173, routed)         1.806     5.548    sys_clk_IBUF_BUFG
    MMCME2_ADV_X1Y0      MMCME2_ADV (Prop_mmcme2_adv_CLKIN1_CLKOUT1)
                                                      0.088     5.636 r  u_mmcm/CLKOUT1
                         net (fo=1, routed)           1.889     7.525    clk_pix
    BUFGCTRL_X0Y2        BUFG (Prop_bufg_I_O)         0.101     7.626 r  clk_pix_BUFG_inst/O
                         net (fo=28, routed)          1.878     9.504    u_rx/clk_pix
    SLICE_X113Y8         FDCE                                         r  u_rx/sync_ff_reg[1]/C
  -------------------------------------------------------------------    -------------------
    SLICE_X113Y8         FDCE (Prop_fdce_C_Q)         0.419     9.923 r  u_rx/sync_ff_reg[1]/Q
                         net (fo=1, routed)           0.849    10.772    u_rx/sync_ff[1]
    SLICE_X113Y8         LUT1 (Prop_lut1_I0_O)        0.299    11.071 f  u_rx/cx[12]_i_2/O
                         net (fo=26, routed)          1.304    12.375    u_vga/cy_reg[12]_0
    SLICE_X110Y6         FDCE                                         f  u_vga/cx_reg[0]/CLR
  -------------------------------------------------------------------    -------------------

                         (clock clk_pix rise edge)   13.333    13.333 r  
    M19                                               0.000    13.333 r  sys_clk (IN)
                         net (fo=0)                   0.000    13.333    sys_clk
    M19                  IBUF (Prop_ibuf_I_O)         1.366    14.700 r  sys_clk_IBUF_inst/O
                         net (fo=1, routed)           2.006    16.706    sys_clk_IBUF
    BUFGCTRL_X0Y16       BUFG (Prop_bufg_I_O)         0.091    16.797 r  sys_clk_IBUF_BUFG_inst/O
                         net (fo=173, routed)         1.612    18.409    sys_clk_IBUF_BUFG
    MMCME2_ADV_X1Y0      MMCME2_ADV (Prop_mmcme2_adv_CLKIN1_CLKOUT1)
                                                      0.083    18.492 r  u_mmcm/CLKOUT1
                         net (fo=1, routed)           1.725    20.217    clk_pix
    BUFGCTRL_X0Y2        BUFG (Prop_bufg_I_O)         0.091    20.308 r  clk_pix_BUFG_inst/O
                         net (fo=28, routed)          1.699    22.008    u_vga/clk_pix
    SLICE_X110Y6         FDCE                                         r  u_vga/cx_reg[0]/C
                         clock pessimism              0.806    22.814    
                         clock uncertainty           -0.082    22.732    
    SLICE_X110Y6         FDCE (Recov_fdce_C_CLR)     -0.405    22.327    u_vga/cx_reg[0]
  -------------------------------------------------------------------
                         required time                         22.327    
                         arrival time                         -12.375    
  -------------------------------------------------------------------
                         slack                                  9.951    

Slack (MET) :             9.984ns  (required time - arrival time)
  Source:                 u_rx/sync_ff_reg[1]/C
                            (rising edge-triggered cell FDCE clocked by clk_pix  {rise@0.000ns fall@6.667ns period=13.333ns})
  Destination:            u_vga/cy_reg[0]/CLR
                            (recovery check against rising-edge clock clk_pix  {rise@0.000ns fall@6.667ns period=13.333ns})
  Path Group:             **async_default**
  Path Type:              Recovery (Max at Slow Process Corner)
  Requirement:            13.333ns  (clk_pix rise@13.333ns - clk_pix rise@0.000ns)
  Data Path Delay:        2.796ns  (logic 0.718ns (25.678%)  route 2.078ns (74.322%))
  Logic Levels:           1  (LUT1=1)
  Clock Path Skew:        -0.066ns (DCD - SCD + CPR)
    Destination Clock Delay (DCD):    8.672ns = ( 22.006 - 13.333 ) 
    Source Clock Delay      (SCD):    9.504ns
    Clock Pessimism Removal (CPR):    0.766ns
  Clock Uncertainty:      0.082ns  ((TSJ^2 + DJ^2)^1/2) / 2 + PE
    Total System Jitter     (TSJ):    0.071ns
    Discrete Jitter          (DJ):    0.148ns
    Phase Error              (PE):    0.000ns

    Location             Delay type                Incr(ns)  Path(ns)    Netlist Resource(s)
  -------------------------------------------------------------------    -------------------
                         (clock clk_pix rise edge)    0.000     0.000 r  
    M19                                               0.000     0.000 r  sys_clk (IN)
                         net (fo=0)                   0.000     0.000    sys_clk
    M19                  IBUF (Prop_ibuf_I_O)         1.436     1.436 r  sys_clk_IBUF_inst/O
                         net (fo=1, routed)           2.205     3.641    sys_clk_IBUF
    BUFGCTRL_X0Y16       BUFG (Prop_bufg_I_O)         0.101     3.742 r  sys_clk_IBUF_BUFG_inst/O
                         net (fo=173, routed)         1.806     5.548    sys_clk_IBUF_BUFG
    MMCME2_ADV_X1Y0      MMCME2_ADV (Prop_mmcme2_adv_CLKIN1_CLKOUT1)
                                                      0.088     5.636 r  u_mmcm/CLKOUT1
                         net (fo=1, routed)           1.889     7.525    clk_pix
    BUFGCTRL_X0Y2        BUFG (Prop_bufg_I_O)         0.101     7.626 r  clk_pix_BUFG_inst/O
                         net (fo=28, routed)          1.878     9.504    u_rx/clk_pix
    SLICE_X113Y8         FDCE                                         r  u_rx/sync_ff_reg[1]/C
  -------------------------------------------------------------------    -------------------
    SLICE_X113Y8         FDCE (Prop_fdce_C_Q)         0.419     9.923 r  u_rx/sync_ff_reg[1]/Q
                         net (fo=1, routed)           0.849    10.772    u_rx/sync_ff[1]
    SLICE_X113Y8         LUT1 (Prop_lut1_I0_O)        0.299    11.071 f  u_rx/cx[12]_i_2/O
                         net (fo=26, routed)          1.230    12.301    u_vga/cy_reg[12]_0
    SLICE_X109Y5         FDCE                                         f  u_vga/cy_reg[0]/CLR
  -------------------------------------------------------------------    -------------------

                         (clock clk_pix rise edge)   13.333    13.333 r  
    M19                                               0.000    13.333 r  sys_clk (IN)
                         net (fo=0)                   0.000    13.333    sys_clk
    M19                  IBUF (Prop_ibuf_I_O)         1.366    14.700 r  sys_clk_IBUF_inst/O
                         net (fo=1, routed)           2.006    16.706    sys_clk_IBUF
    BUFGCTRL_X0Y16       BUFG (Prop_bufg_I_O)         0.091    16.797 r  sys_clk_IBUF_BUFG_inst/O
                         net (fo=173, routed)         1.612    18.409    sys_clk_IBUF_BUFG
    MMCME2_ADV_X1Y0      MMCME2_ADV (Prop_mmcme2_adv_CLKIN1_CLKOUT1)
                                                      0.083    18.492 r  u_mmcm/CLKOUT1
                         net (fo=1, routed)           1.725    20.217    clk_pix
    BUFGCTRL_X0Y2        BUFG (Prop_bufg_I_O)         0.091    20.308 r  clk_pix_BUFG_inst/O
                         net (fo=28, routed)          1.697    22.006    u_vga/clk_pix
    SLICE_X109Y5         FDCE                                         r  u_vga/cy_reg[0]/C
                         clock pessimism              0.766    22.772    
                         clock uncertainty           -0.082    22.690    
    SLICE_X109Y5         FDCE (Recov_fdce_C_CLR)     -0.405    22.285    u_vga/cy_reg[0]
  -------------------------------------------------------------------
                         required time                         22.285    
                         arrival time                         -12.301    
  -------------------------------------------------------------------
                         slack                                  9.984    

Slack (MET) :             9.984ns  (required time - arrival time)
  Source:                 u_rx/sync_ff_reg[1]/C
                            (rising edge-triggered cell FDCE clocked by clk_pix  {rise@0.000ns fall@6.667ns period=13.333ns})
  Destination:            u_vga/cy_reg[1]/CLR
                            (recovery check against rising-edge clock clk_pix  {rise@0.000ns fall@6.667ns period=13.333ns})
  Path Group:             **async_default**
  Path Type:              Recovery (Max at Slow Process Corner)
  Requirement:            13.333ns  (clk_pix rise@13.333ns - clk_pix rise@0.000ns)
  Data Path Delay:        2.796ns  (logic 0.718ns (25.678%)  route 2.078ns (74.322%))
  Logic Levels:           1  (LUT1=1)
  Clock Path Skew:        -0.066ns (DCD - SCD + CPR)
    Destination Clock Delay (DCD):    8.672ns = ( 22.006 - 13.333 ) 
    Source Clock Delay      (SCD):    9.504ns
    Clock Pessimism Removal (CPR):    0.766ns
  Clock Uncertainty:      0.082ns  ((TSJ^2 + DJ^2)^1/2) / 2 + PE
    Total System Jitter     (TSJ):    0.071ns
    Discrete Jitter          (DJ):    0.148ns
    Phase Error              (PE):    0.000ns

    Location             Delay type                Incr(ns)  Path(ns)    Netlist Resource(s)
  -------------------------------------------------------------------    -------------------
                         (clock clk_pix rise edge)    0.000     0.000 r  
    M19                                               0.000     0.000 r  sys_clk (IN)
                         net (fo=0)                   0.000     0.000    sys_clk
    M19                  IBUF (Prop_ibuf_I_O)         1.436     1.436 r  sys_clk_IBUF_inst/O
                         net (fo=1, routed)           2.205     3.641    sys_clk_IBUF
    BUFGCTRL_X0Y16       BUFG (Prop_bufg_I_O)         0.101     3.742 r  sys_clk_IBUF_BUFG_inst/O
                         net (fo=173, routed)         1.806     5.548    sys_clk_IBUF_BUFG
    MMCME2_ADV_X1Y0      MMCME2_ADV (Prop_mmcme2_adv_CLKIN1_CLKOUT1)
                                                      0.088     5.636 r  u_mmcm/CLKOUT1
                         net (fo=1, routed)           1.889     7.525    clk_pix
    BUFGCTRL_X0Y2        BUFG (Prop_bufg_I_O)         0.101     7.626 r  clk_pix_BUFG_inst/O
                         net (fo=28, routed)          1.878     9.504    u_rx/clk_pix
    SLICE_X113Y8         FDCE                                         r  u_rx/sync_ff_reg[1]/C
  -------------------------------------------------------------------    -------------------
    SLICE_X113Y8         FDCE (Prop_fdce_C_Q)         0.419     9.923 r  u_rx/sync_ff_reg[1]/Q
                         net (fo=1, routed)           0.849    10.772    u_rx/sync_ff[1]
    SLICE_X113Y8         LUT1 (Prop_lut1_I0_O)        0.299    11.071 f  u_rx/cx[12]_i_2/O
                         net (fo=26, routed)          1.230    12.301    u_vga/cy_reg[12]_0
    SLICE_X109Y5         FDCE                                         f  u_vga/cy_reg[1]/CLR
  -------------------------------------------------------------------    -------------------

                         (clock clk_pix rise edge)   13.333    13.333 r  
    M19                                               0.000    13.333 r  sys_clk (IN)
                         net (fo=0)                   0.000    13.333    sys_clk
    M19                  IBUF (Prop_ibuf_I_O)         1.366    14.700 r  sys_clk_IBUF_inst/O
                         net (fo=1, routed)           2.006    16.706    sys_clk_IBUF
    BUFGCTRL_X0Y16       BUFG (Prop_bufg_I_O)         0.091    16.797 r  sys_clk_IBUF_BUFG_inst/O
                         net (fo=173, routed)         1.612    18.409    sys_clk_IBUF_BUFG
    MMCME2_ADV_X1Y0      MMCME2_ADV (Prop_mmcme2_adv_CLKIN1_CLKOUT1)
                                                      0.083    18.492 r  u_mmcm/CLKOUT1
                         net (fo=1, routed)           1.725    20.217    clk_pix
    BUFGCTRL_X0Y2        BUFG (Prop_bufg_I_O)         0.091    20.308 r  clk_pix_BUFG_inst/O
                         net (fo=28, routed)          1.697    22.006    u_vga/clk_pix
    SLICE_X109Y5         FDCE                                         r  u_vga/cy_reg[1]/C
                         clock pessimism              0.766    22.772    
                         clock uncertainty           -0.082    22.690    
    SLICE_X109Y5         FDCE (Recov_fdce_C_CLR)     -0.405    22.285    u_vga/cy_reg[1]
  -------------------------------------------------------------------
                         required time                         22.285    
                         arrival time                         -12.301    
  -------------------------------------------------------------------
                         slack                                  9.984    

Slack (MET) :             9.984ns  (required time - arrival time)
  Source:                 u_rx/sync_ff_reg[1]/C
                            (rising edge-triggered cell FDCE clocked by clk_pix  {rise@0.000ns fall@6.667ns period=13.333ns})
  Destination:            u_vga/cy_reg[2]/CLR
                            (recovery check against rising-edge clock clk_pix  {rise@0.000ns fall@6.667ns period=13.333ns})
  Path Group:             **async_default**
  Path Type:              Recovery (Max at Slow Process Corner)
  Requirement:            13.333ns  (clk_pix rise@13.333ns - clk_pix rise@0.000ns)
  Data Path Delay:        2.796ns  (logic 0.718ns (25.678%)  route 2.078ns (74.322%))
  Logic Levels:           1  (LUT1=1)
  Clock Path Skew:        -0.066ns (DCD - SCD + CPR)
    Destination Clock Delay (DCD):    8.672ns = ( 22.006 - 13.333 ) 
    Source Clock Delay      (SCD):    9.504ns
    Clock Pessimism Removal (CPR):    0.766ns
  Clock Uncertainty:      0.082ns  ((TSJ^2 + DJ^2)^1/2) / 2 + PE
    Total System Jitter     (TSJ):    0.071ns
    Discrete Jitter          (DJ):    0.148ns
    Phase Error              (PE):    0.000ns

    Location             Delay type                Incr(ns)  Path(ns)    Netlist Resource(s)
  -------------------------------------------------------------------    -------------------
                         (clock clk_pix rise edge)    0.000     0.000 r  
    M19                                               0.000     0.000 r  sys_clk (IN)
                         net (fo=0)                   0.000     0.000    sys_clk
    M19                  IBUF (Prop_ibuf_I_O)         1.436     1.436 r  sys_clk_IBUF_inst/O
                         net (fo=1, routed)           2.205     3.641    sys_clk_IBUF
    BUFGCTRL_X0Y16       BUFG (Prop_bufg_I_O)         0.101     3.742 r  sys_clk_IBUF_BUFG_inst/O
                         net (fo=173, routed)         1.806     5.548    sys_clk_IBUF_BUFG
    MMCME2_ADV_X1Y0      MMCME2_ADV (Prop_mmcme2_adv_CLKIN1_CLKOUT1)
                                                      0.088     5.636 r  u_mmcm/CLKOUT1
                         net (fo=1, routed)           1.889     7.525    clk_pix
    BUFGCTRL_X0Y2        BUFG (Prop_bufg_I_O)         0.101     7.626 r  clk_pix_BUFG_inst/O
                         net (fo=28, routed)          1.878     9.504    u_rx/clk_pix
    SLICE_X113Y8         FDCE                                         r  u_rx/sync_ff_reg[1]/C
  -------------------------------------------------------------------    -------------------
    SLICE_X113Y8         FDCE (Prop_fdce_C_Q)         0.419     9.923 r  u_rx/sync_ff_reg[1]/Q
                         net (fo=1, routed)           0.849    10.772    u_rx/sync_ff[1]
    SLICE_X113Y8         LUT1 (Prop_lut1_I0_O)        0.299    11.071 f  u_rx/cx[12]_i_2/O
                         net (fo=26, routed)          1.230    12.301    u_vga/cy_reg[12]_0
    SLICE_X109Y5         FDCE                                         f  u_vga/cy_reg[2]/CLR
  -------------------------------------------------------------------    -------------------

                         (clock clk_pix rise edge)   13.333    13.333 r  
    M19                                               0.000    13.333 r  sys_clk (IN)
                         net (fo=0)                   0.000    13.333    sys_clk
    M19                  IBUF (Prop_ibuf_I_O)         1.366    14.700 r  sys_clk_IBUF_inst/O
                         net (fo=1, routed)           2.006    16.706    sys_clk_IBUF
    BUFGCTRL_X0Y16       BUFG (Prop_bufg_I_O)         0.091    16.797 r  sys_clk_IBUF_BUFG_inst/O
                         net (fo=173, routed)         1.612    18.409    sys_clk_IBUF_BUFG
    MMCME2_ADV_X1Y0      MMCME2_ADV (Prop_mmcme2_adv_CLKIN1_CLKOUT1)
                                                      0.083    18.492 r  u_mmcm/CLKOUT1
                         net (fo=1, routed)           1.725    20.217    clk_pix
    BUFGCTRL_X0Y2        BUFG (Prop_bufg_I_O)         0.091    20.308 r  clk_pix_BUFG_inst/O
                         net (fo=28, routed)          1.697    22.006    u_vga/clk_pix
    SLICE_X109Y5         FDCE                                         r  u_vga/cy_reg[2]/C
                         clock pessimism              0.766    22.772    
                         clock uncertainty           -0.082    22.690    
    SLICE_X109Y5         FDCE (Recov_fdce_C_CLR)     -0.405    22.285    u_vga/cy_reg[2]
  -------------------------------------------------------------------
                         required time                         22.285    
                         arrival time                         -12.301    
  -------------------------------------------------------------------
                         slack                                  9.984    





---------------------------------------------------------------------------------------------------
Path Group:  **async_default**
From Clock:  clk_proc
  To Clock:  clk_proc

Setup :            0  Failing Endpoints,  Worst Slack        0.398ns,  Total Violation        0.000ns
Hold  :           NA  Failing Endpoints,  Worst Slack           NA  ,  Total Violation           NA
---------------------------------------------------------------------------------------------------


Max Delay Paths
--------------------------------------------------------------------------------------
Slack (MET) :             0.398ns  (required time - arrival time)
  Source:                 u_rp/sync_ff_reg[1]/C
                            (rising edge-triggered cell FDCE clocked by clk_proc  {rise@0.000ns fall@2.778ns period=5.556ns})
  Destination:            g_chan[0].u_canny/u_hyst/rd_x_reg[0]/CLR
                            (recovery check against rising-edge clock clk_proc  {rise@0.000ns fall@2.778ns period=5.556ns})
  Path Group:             **async_default**
  Path Type:              Recovery (Max at Slow Process Corner)
  Requirement:            5.556ns  (clk_proc rise@5.556ns - clk_proc rise@0.000ns)
  Data Path Delay:        4.303ns  (logic 0.773ns (17.966%)  route 3.530ns (82.034%))
  Logic Levels:           1  (LUT1=1)
  Clock Path Skew:        -0.378ns (DCD - SCD + CPR)
    Destination Clock Delay (DCD):    8.461ns = ( 14.017 - 5.556 ) 
    Source Clock Delay      (SCD):    9.504ns
    Clock Pessimism Removal (CPR):    0.666ns
  Clock Uncertainty:      0.073ns  ((TSJ^2 + DJ^2)^1/2) / 2 + PE
    Total System Jitter     (TSJ):    0.071ns
    Discrete Jitter          (DJ):    0.127ns
    Phase Error              (PE):    0.000ns

    Location             Delay type                Incr(ns)  Path(ns)    Netlist Resource(s)
  -------------------------------------------------------------------    -------------------
                         (clock clk_proc rise edge)
                                                      0.000     0.000 r  
    M19                                               0.000     0.000 r  sys_clk (IN)
                         net (fo=0)                   0.000     0.000    sys_clk
    M19                  IBUF (Prop_ibuf_I_O)         1.436     1.436 r  sys_clk_IBUF_inst/O
                         net (fo=1, routed)           2.205     3.641    sys_clk_IBUF
    BUFGCTRL_X0Y16       BUFG (Prop_bufg_I_O)         0.101     3.742 r  sys_clk_IBUF_BUFG_inst/O
                         net (fo=173, routed)         1.806     5.548    sys_clk_IBUF_BUFG
    MMCME2_ADV_X1Y0      MMCME2_ADV (Prop_mmcme2_adv_CLKIN1_CLKOUT0)
                                                      0.088     5.636 r  u_mmcm/CLKOUT0
                         net (fo=1, routed)           1.889     7.525    clk_proc
    BUFGCTRL_X0Y1        BUFG (Prop_bufg_I_O)         0.101     7.626 r  clk_proc_BUFG_inst/O
                         net (fo=4049, routed)        1.878     9.504    u_rp/clk_proc_BUFG
    SLICE_X112Y7         FDCE                                         r  u_rp/sync_ff_reg[1]/C
  -------------------------------------------------------------------    -------------------
    SLICE_X112Y7         FDCE (Prop_fdce_C_Q)         0.478     9.982 r  u_rp/sync_ff_reg[1]/Q
                         net (fo=1, routed)           0.504    10.486    u_rp/sync_ff[1]
    SLICE_X112Y8         LUT1 (Prop_lut1_I0_O)        0.295    10.781 f  u_rp/rbin_rep[10]_i_2/O
                         net (fo=2866, routed)        3.026    13.807    g_chan[0].u_canny/u_hyst/w_pix_reg[0][0][0]
    SLICE_X39Y15         FDCE                                         f  g_chan[0].u_canny/u_hyst/rd_x_reg[0]/CLR
  -------------------------------------------------------------------    -------------------

                         (clock clk_proc rise edge)
                                                      5.556     5.556 r  
    M19                                               0.000     5.556 r  sys_clk (IN)
                         net (fo=0)                   0.000     5.556    sys_clk
    M19                  IBUF (Prop_ibuf_I_O)         1.366     6.922 r  sys_clk_IBUF_inst/O
                         net (fo=1, routed)           2.006     8.928    sys_clk_IBUF
    BUFGCTRL_X0Y16       BUFG (Prop_bufg_I_O)         0.091     9.019 r  sys_clk_IBUF_BUFG_inst/O
                         net (fo=173, routed)         1.612    10.631    sys_clk_IBUF_BUFG
    MMCME2_ADV_X1Y0      MMCME2_ADV (Prop_mmcme2_adv_CLKIN1_CLKOUT0)
                                                      0.083    10.714 r  u_mmcm/CLKOUT0
                         net (fo=1, routed)           1.725    12.439    clk_proc
    BUFGCTRL_X0Y1        BUFG (Prop_bufg_I_O)         0.091    12.530 r  clk_proc_BUFG_inst/O
                         net (fo=4049, routed)        1.486    14.017    g_chan[0].u_canny/u_hyst/clk_proc_BUFG
    SLICE_X39Y15         FDCE                                         r  g_chan[0].u_canny/u_hyst/rd_x_reg[0]/C
                         clock pessimism              0.666    14.682    
                         clock uncertainty           -0.073    14.610    
    SLICE_X39Y15         FDCE (Recov_fdce_C_CLR)     -0.405    14.205    g_chan[0].u_canny/u_hyst/rd_x_reg[0]
  -------------------------------------------------------------------
                         required time                         14.205    
                         arrival time                         -13.807    
  -------------------------------------------------------------------
                         slack                                  0.398    

Slack (MET) :             0.483ns  (required time - arrival time)
  Source:                 u_rp/sync_ff_reg[1]/C
                            (rising edge-triggered cell FDCE clocked by clk_proc  {rise@0.000ns fall@2.778ns period=5.556ns})
  Destination:            g_chan[0].u_canny/u_hyst/rd_x_reg[10]/CLR
                            (recovery check against rising-edge clock clk_proc  {rise@0.000ns fall@2.778ns period=5.556ns})
  Path Group:             **async_default**
  Path Type:              Recovery (Max at Slow Process Corner)
  Requirement:            5.556ns  (clk_proc rise@5.556ns - clk_proc rise@0.000ns)
  Data Path Delay:        4.219ns  (logic 0.773ns (18.323%)  route 3.446ns (81.677%))
  Logic Levels:           1  (LUT1=1)
  Clock Path Skew:        -0.377ns (DCD - SCD + CPR)
    Destination Clock Delay (DCD):    8.462ns = ( 14.018 - 5.556 ) 
    Source Clock Delay      (SCD):    9.504ns
    Clock Pessimism Removal (CPR):    0.666ns
  Clock Uncertainty:      0.073ns  ((TSJ^2 + DJ^2)^1/2) / 2 + PE
    Total System Jitter     (TSJ):    0.071ns
    Discrete Jitter          (DJ):    0.127ns
    Phase Error              (PE):    0.000ns

    Location             Delay type                Incr(ns)  Path(ns)    Netlist Resource(s)
  -------------------------------------------------------------------    -------------------
                         (clock clk_proc rise edge)
                                                      0.000     0.000 r  
    M19                                               0.000     0.000 r  sys_clk (IN)
                         net (fo=0)                   0.000     0.000    sys_clk
    M19                  IBUF (Prop_ibuf_I_O)         1.436     1.436 r  sys_clk_IBUF_inst/O
                         net (fo=1, routed)           2.205     3.641    sys_clk_IBUF
    BUFGCTRL_X0Y16       BUFG (Prop_bufg_I_O)         0.101     3.742 r  sys_clk_IBUF_BUFG_inst/O
                         net (fo=173, routed)         1.806     5.548    sys_clk_IBUF_BUFG
    MMCME2_ADV_X1Y0      MMCME2_ADV (Prop_mmcme2_adv_CLKIN1_CLKOUT0)
                                                      0.088     5.636 r  u_mmcm/CLKOUT0
                         net (fo=1, routed)           1.889     7.525    clk_proc
    BUFGCTRL_X0Y1        BUFG (Prop_bufg_I_O)         0.101     7.626 r  clk_proc_BUFG_inst/O
                         net (fo=4049, routed)        1.878     9.504    u_rp/clk_proc_BUFG
    SLICE_X112Y7         FDCE                                         r  u_rp/sync_ff_reg[1]/C
  -------------------------------------------------------------------    -------------------
    SLICE_X112Y7         FDCE (Prop_fdce_C_Q)         0.478     9.982 r  u_rp/sync_ff_reg[1]/Q
                         net (fo=1, routed)           0.504    10.486    u_rp/sync_ff[1]
    SLICE_X112Y8         LUT1 (Prop_lut1_I0_O)        0.295    10.781 f  u_rp/rbin_rep[10]_i_2/O
                         net (fo=2866, routed)        2.942    13.723    g_chan[0].u_canny/u_hyst/w_pix_reg[0][0][0]
    SLICE_X37Y14         FDCE                                         f  g_chan[0].u_canny/u_hyst/rd_x_reg[10]/CLR
  -------------------------------------------------------------------    -------------------

                         (clock clk_proc rise edge)
                                                      5.556     5.556 r  
    M19                                               0.000     5.556 r  sys_clk (IN)
                         net (fo=0)                   0.000     5.556    sys_clk
    M19                  IBUF (Prop_ibuf_I_O)         1.366     6.922 r  sys_clk_IBUF_inst/O
                         net (fo=1, routed)           2.006     8.928    sys_clk_IBUF
    BUFGCTRL_X0Y16       BUFG (Prop_bufg_I_O)         0.091     9.019 r  sys_clk_IBUF_BUFG_inst/O
                         net (fo=173, routed)         1.612    10.631    sys_clk_IBUF_BUFG
    MMCME2_ADV_X1Y0      MMCME2_ADV (Prop_mmcme2_adv_CLKIN1_CLKOUT0)
                                                      0.083    10.714 r  u_mmcm/CLKOUT0
                         net (fo=1, routed)           1.725    12.439    clk_proc
    BUFGCTRL_X0Y1        BUFG (Prop_bufg_I_O)         0.091    12.530 r  clk_proc_BUFG_inst/O
                         net (fo=4049, routed)        1.487    14.018    g_chan[0].u_canny/u_hyst/clk_proc_BUFG
    SLICE_X37Y14         FDCE                                         r  g_chan[0].u_canny/u_hyst/rd_x_reg[10]/C
                         clock pessimism              0.666    14.683    
                         clock uncertainty           -0.073    14.611    
    SLICE_X37Y14         FDCE (Recov_fdce_C_CLR)     -0.405    14.206    g_chan[0].u_canny/u_hyst/rd_x_reg[10]
  -------------------------------------------------------------------
                         required time                         14.206    
                         arrival time                         -13.723    
  -------------------------------------------------------------------
                         slack                                  0.483    

Slack (MET) :             0.483ns  (required time - arrival time)
  Source:                 u_rp/sync_ff_reg[1]/C
                            (rising edge-triggered cell FDCE clocked by clk_proc  {rise@0.000ns fall@2.778ns period=5.556ns})
  Destination:            g_chan[0].u_canny/u_hyst/rd_x_reg[11]/CLR
                            (recovery check against rising-edge clock clk_proc  {rise@0.000ns fall@2.778ns period=5.556ns})
  Path Group:             **async_default**
  Path Type:              Recovery (Max at Slow Process Corner)
  Requirement:            5.556ns  (clk_proc rise@5.556ns - clk_proc rise@0.000ns)
  Data Path Delay:        4.219ns  (logic 0.773ns (18.323%)  route 3.446ns (81.677%))
  Logic Levels:           1  (LUT1=1)
  Clock Path Skew:        -0.377ns (DCD - SCD + CPR)
    Destination Clock Delay (DCD):    8.462ns = ( 14.018 - 5.556 ) 
    Source Clock Delay      (SCD):    9.504ns
    Clock Pessimism Removal (CPR):    0.666ns
  Clock Uncertainty:      0.073ns  ((TSJ^2 + DJ^2)^1/2) / 2 + PE
    Total System Jitter     (TSJ):    0.071ns
    Discrete Jitter          (DJ):    0.127ns
    Phase Error              (PE):    0.000ns

    Location             Delay type                Incr(ns)  Path(ns)    Netlist Resource(s)
  -------------------------------------------------------------------    -------------------
                         (clock clk_proc rise edge)
                                                      0.000     0.000 r  
    M19                                               0.000     0.000 r  sys_clk (IN)
                         net (fo=0)                   0.000     0.000    sys_clk
    M19                  IBUF (Prop_ibuf_I_O)         1.436     1.436 r  sys_clk_IBUF_inst/O
                         net (fo=1, routed)           2.205     3.641    sys_clk_IBUF
    BUFGCTRL_X0Y16       BUFG (Prop_bufg_I_O)         0.101     3.742 r  sys_clk_IBUF_BUFG_inst/O
                         net (fo=173, routed)         1.806     5.548    sys_clk_IBUF_BUFG
    MMCME2_ADV_X1Y0      MMCME2_ADV (Prop_mmcme2_adv_CLKIN1_CLKOUT0)
                                                      0.088     5.636 r  u_mmcm/CLKOUT0
                         net (fo=1, routed)           1.889     7.525    clk_proc
    BUFGCTRL_X0Y1        BUFG (Prop_bufg_I_O)         0.101     7.626 r  clk_proc_BUFG_inst/O
                         net (fo=4049, routed)        1.878     9.504    u_rp/clk_proc_BUFG
    SLICE_X112Y7         FDCE                                         r  u_rp/sync_ff_reg[1]/C
  -------------------------------------------------------------------    -------------------
    SLICE_X112Y7         FDCE (Prop_fdce_C_Q)         0.478     9.982 r  u_rp/sync_ff_reg[1]/Q
                         net (fo=1, routed)           0.504    10.486    u_rp/sync_ff[1]
    SLICE_X112Y8         LUT1 (Prop_lut1_I0_O)        0.295    10.781 f  u_rp/rbin_rep[10]_i_2/O
                         net (fo=2866, routed)        2.942    13.723    g_chan[0].u_canny/u_hyst/w_pix_reg[0][0][0]
    SLICE_X37Y14         FDCE                                         f  g_chan[0].u_canny/u_hyst/rd_x_reg[11]/CLR
  -------------------------------------------------------------------    -------------------

                         (clock clk_proc rise edge)
                                                      5.556     5.556 r  
    M19                                               0.000     5.556 r  sys_clk (IN)
                         net (fo=0)                   0.000     5.556    sys_clk
    M19                  IBUF (Prop_ibuf_I_O)         1.366     6.922 r  sys_clk_IBUF_inst/O
                         net (fo=1, routed)           2.006     8.928    sys_clk_IBUF
    BUFGCTRL_X0Y16       BUFG (Prop_bufg_I_O)         0.091     9.019 r  sys_clk_IBUF_BUFG_inst/O
                         net (fo=173, routed)         1.612    10.631    sys_clk_IBUF_BUFG
    MMCME2_ADV_X1Y0      MMCME2_ADV (Prop_mmcme2_adv_CLKIN1_CLKOUT0)
                                                      0.083    10.714 r  u_mmcm/CLKOUT0
                         net (fo=1, routed)           1.725    12.439    clk_proc
    BUFGCTRL_X0Y1        BUFG (Prop_bufg_I_O)         0.091    12.530 r  clk_proc_BUFG_inst/O
                         net (fo=4049, routed)        1.487    14.018    g_chan[0].u_canny/u_hyst/clk_proc_BUFG
    SLICE_X37Y14         FDCE                                         r  g_chan[0].u_canny/u_hyst/rd_x_reg[11]/C
                         clock pessimism              0.666    14.683    
                         clock uncertainty           -0.073    14.611    
    SLICE_X37Y14         FDCE (Recov_fdce_C_CLR)     -0.405    14.206    g_chan[0].u_canny/u_hyst/rd_x_reg[11]
  -------------------------------------------------------------------
                         required time                         14.206    
                         arrival time                         -13.723    
  -------------------------------------------------------------------
                         slack                                  0.483    

Slack (MET) :             0.483ns  (required time - arrival time)
  Source:                 u_rp/sync_ff_reg[1]/C
                            (rising edge-triggered cell FDCE clocked by clk_proc  {rise@0.000ns fall@2.778ns period=5.556ns})
  Destination:            g_chan[0].u_canny/u_hyst/rd_x_reg[1]/CLR
                            (recovery check against rising-edge clock clk_proc  {rise@0.000ns fall@2.778ns period=5.556ns})
  Path Group:             **async_default**
  Path Type:              Recovery (Max at Slow Process Corner)
  Requirement:            5.556ns  (clk_proc rise@5.556ns - clk_proc rise@0.000ns)
  Data Path Delay:        4.219ns  (logic 0.773ns (18.323%)  route 3.446ns (81.677%))
  Logic Levels:           1  (LUT1=1)
  Clock Path Skew:        -0.377ns (DCD - SCD + CPR)
    Destination Clock Delay (DCD):    8.462ns = ( 14.018 - 5.556 ) 
    Source Clock Delay      (SCD):    9.504ns
    Clock Pessimism Removal (CPR):    0.666ns
  Clock Uncertainty:      0.073ns  ((TSJ^2 + DJ^2)^1/2) / 2 + PE
    Total System Jitter     (TSJ):    0.071ns
    Discrete Jitter          (DJ):    0.127ns
    Phase Error              (PE):    0.000ns

    Location             Delay type                Incr(ns)  Path(ns)    Netlist Resource(s)
  -------------------------------------------------------------------    -------------------
                         (clock clk_proc rise edge)
                                                      0.000     0.000 r  
    M19                                               0.000     0.000 r  sys_clk (IN)
                         net (fo=0)                   0.000     0.000    sys_clk
    M19                  IBUF (Prop_ibuf_I_O)         1.436     1.436 r  sys_clk_IBUF_inst/O
                         net (fo=1, routed)           2.205     3.641    sys_clk_IBUF
    BUFGCTRL_X0Y16       BUFG (Prop_bufg_I_O)         0.101     3.742 r  sys_clk_IBUF_BUFG_inst/O
                         net (fo=173, routed)         1.806     5.548    sys_clk_IBUF_BUFG
    MMCME2_ADV_X1Y0      MMCME2_ADV (Prop_mmcme2_adv_CLKIN1_CLKOUT0)
                                                      0.088     5.636 r  u_mmcm/CLKOUT0
                         net (fo=1, routed)           1.889     7.525    clk_proc
    BUFGCTRL_X0Y1        BUFG (Prop_bufg_I_O)         0.101     7.626 r  clk_proc_BUFG_inst/O
                         net (fo=4049, routed)        1.878     9.504    u_rp/clk_proc_BUFG
    SLICE_X112Y7         FDCE                                         r  u_rp/sync_ff_reg[1]/C
  -------------------------------------------------------------------    -------------------
    SLICE_X112Y7         FDCE (Prop_fdce_C_Q)         0.478     9.982 r  u_rp/sync_ff_reg[1]/Q
                         net (fo=1, routed)           0.504    10.486    u_rp/sync_ff[1]
    SLICE_X112Y8         LUT1 (Prop_lut1_I0_O)        0.295    10.781 f  u_rp/rbin_rep[10]_i_2/O
                         net (fo=2866, routed)        2.942    13.723    g_chan[0].u_canny/u_hyst/w_pix_reg[0][0][0]
    SLICE_X37Y14         FDCE                                         f  g_chan[0].u_canny/u_hyst/rd_x_reg[1]/CLR
  -------------------------------------------------------------------    -------------------

                         (clock clk_proc rise edge)
                                                      5.556     5.556 r  
    M19                                               0.000     5.556 r  sys_clk (IN)
                         net (fo=0)                   0.000     5.556    sys_clk
    M19                  IBUF (Prop_ibuf_I_O)         1.366     6.922 r  sys_clk_IBUF_inst/O
                         net (fo=1, routed)           2.006     8.928    sys_clk_IBUF
    BUFGCTRL_X0Y16       BUFG (Prop_bufg_I_O)         0.091     9.019 r  sys_clk_IBUF_BUFG_inst/O
                         net (fo=173, routed)         1.612    10.631    sys_clk_IBUF_BUFG
    MMCME2_ADV_X1Y0      MMCME2_ADV (Prop_mmcme2_adv_CLKIN1_CLKOUT0)
                                                      0.083    10.714 r  u_mmcm/CLKOUT0
                         net (fo=1, routed)           1.725    12.439    clk_proc
    BUFGCTRL_X0Y1        BUFG (Prop_bufg_I_O)         0.091    12.530 r  clk_proc_BUFG_inst/O
                         net (fo=4049, routed)        1.487    14.018    g_chan[0].u_canny/u_hyst/clk_proc_BUFG
    SLICE_X37Y14         FDCE                                         r  g_chan[0].u_canny/u_hyst/rd_x_reg[1]/C
                         clock pessimism              0.666    14.683    
                         clock uncertainty           -0.073    14.611    
    SLICE_X37Y14         FDCE (Recov_fdce_C_CLR)     -0.405    14.206    g_chan[0].u_canny/u_hyst/rd_x_reg[1]
  -------------------------------------------------------------------
                         required time                         14.206    
                         arrival time                         -13.723    
  -------------------------------------------------------------------
                         slack                                  0.483    

Slack (MET) :             0.483ns  (required time - arrival time)
  Source:                 u_rp/sync_ff_reg[1]/C
                            (rising edge-triggered cell FDCE clocked by clk_proc  {rise@0.000ns fall@2.778ns period=5.556ns})
  Destination:            g_chan[0].u_canny/u_hyst/rd_x_reg[6]/CLR
                            (recovery check against rising-edge clock clk_proc  {rise@0.000ns fall@2.778ns period=5.556ns})
  Path Group:             **async_default**
  Path Type:              Recovery (Max at Slow Process Corner)
  Requirement:            5.556ns  (clk_proc rise@5.556ns - clk_proc rise@0.000ns)
  Data Path Delay:        4.219ns  (logic 0.773ns (18.323%)  route 3.446ns (81.677%))
  Logic Levels:           1  (LUT1=1)
  Clock Path Skew:        -0.377ns (DCD - SCD + CPR)
    Destination Clock Delay (DCD):    8.462ns = ( 14.018 - 5.556 ) 
    Source Clock Delay      (SCD):    9.504ns
    Clock Pessimism Removal (CPR):    0.666ns
  Clock Uncertainty:      0.073ns  ((TSJ^2 + DJ^2)^1/2) / 2 + PE
    Total System Jitter     (TSJ):    0.071ns
    Discrete Jitter          (DJ):    0.127ns
    Phase Error              (PE):    0.000ns

    Location             Delay type                Incr(ns)  Path(ns)    Netlist Resource(s)
  -------------------------------------------------------------------    -------------------
                         (clock clk_proc rise edge)
                                                      0.000     0.000 r  
    M19                                               0.000     0.000 r  sys_clk (IN)
                         net (fo=0)                   0.000     0.000    sys_clk
    M19                  IBUF (Prop_ibuf_I_O)         1.436     1.436 r  sys_clk_IBUF_inst/O
                         net (fo=1, routed)           2.205     3.641    sys_clk_IBUF
    BUFGCTRL_X0Y16       BUFG (Prop_bufg_I_O)         0.101     3.742 r  sys_clk_IBUF_BUFG_inst/O
                         net (fo=173, routed)         1.806     5.548    sys_clk_IBUF_BUFG
    MMCME2_ADV_X1Y0      MMCME2_ADV (Prop_mmcme2_adv_CLKIN1_CLKOUT0)
                                                      0.088     5.636 r  u_mmcm/CLKOUT0
                         net (fo=1, routed)           1.889     7.525    clk_proc
    BUFGCTRL_X0Y1        BUFG (Prop_bufg_I_O)         0.101     7.626 r  clk_proc_BUFG_inst/O
                         net (fo=4049, routed)        1.878     9.504    u_rp/clk_proc_BUFG
    SLICE_X112Y7         FDCE                                         r  u_rp/sync_ff_reg[1]/C
  -------------------------------------------------------------------    -------------------
    SLICE_X112Y7         FDCE (Prop_fdce_C_Q)         0.478     9.982 r  u_rp/sync_ff_reg[1]/Q
                         net (fo=1, routed)           0.504    10.486    u_rp/sync_ff[1]
    SLICE_X112Y8         LUT1 (Prop_lut1_I0_O)        0.295    10.781 f  u_rp/rbin_rep[10]_i_2/O
                         net (fo=2866, routed)        2.942    13.723    g_chan[0].u_canny/u_hyst/w_pix_reg[0][0][0]
    SLICE_X37Y14         FDCE                                         f  g_chan[0].u_canny/u_hyst/rd_x_reg[6]/CLR
  -------------------------------------------------------------------    -------------------

                         (clock clk_proc rise edge)
                                                      5.556     5.556 r  
    M19                                               0.000     5.556 r  sys_clk (IN)
                         net (fo=0)                   0.000     5.556    sys_clk
    M19                  IBUF (Prop_ibuf_I_O)         1.366     6.922 r  sys_clk_IBUF_inst/O
                         net (fo=1, routed)           2.006     8.928    sys_clk_IBUF
    BUFGCTRL_X0Y16       BUFG (Prop_bufg_I_O)         0.091     9.019 r  sys_clk_IBUF_BUFG_inst/O
                         net (fo=173, routed)         1.612    10.631    sys_clk_IBUF_BUFG
    MMCME2_ADV_X1Y0      MMCME2_ADV (Prop_mmcme2_adv_CLKIN1_CLKOUT0)
                                                      0.083    10.714 r  u_mmcm/CLKOUT0
                         net (fo=1, routed)           1.725    12.439    clk_proc
    BUFGCTRL_X0Y1        BUFG (Prop_bufg_I_O)         0.091    12.530 r  clk_proc_BUFG_inst/O
                         net (fo=4049, routed)        1.487    14.018    g_chan[0].u_canny/u_hyst/clk_proc_BUFG
    SLICE_X37Y14         FDCE                                         r  g_chan[0].u_canny/u_hyst/rd_x_reg[6]/C
                         clock pessimism              0.666    14.683    
                         clock uncertainty           -0.073    14.611    
    SLICE_X37Y14         FDCE (Recov_fdce_C_CLR)     -0.405    14.206    g_chan[0].u_canny/u_hyst/rd_x_reg[6]
  -------------------------------------------------------------------
                         required time                         14.206    
                         arrival time                         -13.723    
  -------------------------------------------------------------------
                         slack                                  0.483    

Slack (MET) :             0.483ns  (required time - arrival time)
  Source:                 u_rp/sync_ff_reg[1]/C
                            (rising edge-triggered cell FDCE clocked by clk_proc  {rise@0.000ns fall@2.778ns period=5.556ns})
  Destination:            g_chan[0].u_canny/u_hyst/rd_x_reg[7]/CLR
                            (recovery check against rising-edge clock clk_proc  {rise@0.000ns fall@2.778ns period=5.556ns})
  Path Group:             **async_default**
  Path Type:              Recovery (Max at Slow Process Corner)
  Requirement:            5.556ns  (clk_proc rise@5.556ns - clk_proc rise@0.000ns)
  Data Path Delay:        4.219ns  (logic 0.773ns (18.323%)  route 3.446ns (81.677%))
  Logic Levels:           1  (LUT1=1)
  Clock Path Skew:        -0.377ns (DCD - SCD + CPR)
    Destination Clock Delay (DCD):    8.462ns = ( 14.018 - 5.556 ) 
    Source Clock Delay      (SCD):    9.504ns
    Clock Pessimism Removal (CPR):    0.666ns
  Clock Uncertainty:      0.073ns  ((TSJ^2 + DJ^2)^1/2) / 2 + PE
    Total System Jitter     (TSJ):    0.071ns
    Discrete Jitter          (DJ):    0.127ns
    Phase Error              (PE):    0.000ns

    Location             Delay type                Incr(ns)  Path(ns)    Netlist Resource(s)
  -------------------------------------------------------------------    -------------------
                         (clock clk_proc rise edge)
                                                      0.000     0.000 r  
    M19                                               0.000     0.000 r  sys_clk (IN)
                         net (fo=0)                   0.000     0.000    sys_clk
    M19                  IBUF (Prop_ibuf_I_O)         1.436     1.436 r  sys_clk_IBUF_inst/O
                         net (fo=1, routed)           2.205     3.641    sys_clk_IBUF
    BUFGCTRL_X0Y16       BUFG (Prop_bufg_I_O)         0.101     3.742 r  sys_clk_IBUF_BUFG_inst/O
                         net (fo=173, routed)         1.806     5.548    sys_clk_IBUF_BUFG
    MMCME2_ADV_X1Y0      MMCME2_ADV (Prop_mmcme2_adv_CLKIN1_CLKOUT0)
                                                      0.088     5.636 r  u_mmcm/CLKOUT0
                         net (fo=1, routed)           1.889     7.525    clk_proc
    BUFGCTRL_X0Y1        BUFG (Prop_bufg_I_O)         0.101     7.626 r  clk_proc_BUFG_inst/O
                         net (fo=4049, routed)        1.878     9.504    u_rp/clk_proc_BUFG
    SLICE_X112Y7         FDCE                                         r  u_rp/sync_ff_reg[1]/C
  -------------------------------------------------------------------    -------------------
    SLICE_X112Y7         FDCE (Prop_fdce_C_Q)         0.478     9.982 r  u_rp/sync_ff_reg[1]/Q
                         net (fo=1, routed)           0.504    10.486    u_rp/sync_ff[1]
    SLICE_X112Y8         LUT1 (Prop_lut1_I0_O)        0.295    10.781 f  u_rp/rbin_rep[10]_i_2/O
                         net (fo=2866, routed)        2.942    13.723    g_chan[0].u_canny/u_hyst/w_pix_reg[0][0][0]
    SLICE_X37Y14         FDCE                                         f  g_chan[0].u_canny/u_hyst/rd_x_reg[7]/CLR
  -------------------------------------------------------------------    -------------------

                         (clock clk_proc rise edge)
                                                      5.556     5.556 r  
    M19                                               0.000     5.556 r  sys_clk (IN)
                         net (fo=0)                   0.000     5.556    sys_clk
    M19                  IBUF (Prop_ibuf_I_O)         1.366     6.922 r  sys_clk_IBUF_inst/O
                         net (fo=1, routed)           2.006     8.928    sys_clk_IBUF
    BUFGCTRL_X0Y16       BUFG (Prop_bufg_I_O)         0.091     9.019 r  sys_clk_IBUF_BUFG_inst/O
                         net (fo=173, routed)         1.612    10.631    sys_clk_IBUF_BUFG
    MMCME2_ADV_X1Y0      MMCME2_ADV (Prop_mmcme2_adv_CLKIN1_CLKOUT0)
                                                      0.083    10.714 r  u_mmcm/CLKOUT0
                         net (fo=1, routed)           1.725    12.439    clk_proc
    BUFGCTRL_X0Y1        BUFG (Prop_bufg_I_O)         0.091    12.530 r  clk_proc_BUFG_inst/O
                         net (fo=4049, routed)        1.487    14.018    g_chan[0].u_canny/u_hyst/clk_proc_BUFG
    SLICE_X37Y14         FDCE                                         r  g_chan[0].u_canny/u_hyst/rd_x_reg[7]/C
                         clock pessimism              0.666    14.683    
                         clock uncertainty           -0.073    14.611    
    SLICE_X37Y14         FDCE (Recov_fdce_C_CLR)     -0.405    14.206    g_chan[0].u_canny/u_hyst/rd_x_reg[7]
  -------------------------------------------------------------------
                         required time                         14.206    
                         arrival time                         -13.723    
  -------------------------------------------------------------------
                         slack                                  0.483    

Slack (MET) :             0.483ns  (required time - arrival time)
  Source:                 u_rp/sync_ff_reg[1]/C
                            (rising edge-triggered cell FDCE clocked by clk_proc  {rise@0.000ns fall@2.778ns period=5.556ns})
  Destination:            g_chan[0].u_canny/u_hyst/rd_x_reg[8]/CLR
                            (recovery check against rising-edge clock clk_proc  {rise@0.000ns fall@2.778ns period=5.556ns})
  Path Group:             **async_default**
  Path Type:              Recovery (Max at Slow Process Corner)
  Requirement:            5.556ns  (clk_proc rise@5.556ns - clk_proc rise@0.000ns)
  Data Path Delay:        4.219ns  (logic 0.773ns (18.323%)  route 3.446ns (81.677%))
  Logic Levels:           1  (LUT1=1)
  Clock Path Skew:        -0.377ns (DCD - SCD + CPR)
    Destination Clock Delay (DCD):    8.462ns = ( 14.018 - 5.556 ) 
    Source Clock Delay      (SCD):    9.504ns
    Clock Pessimism Removal (CPR):    0.666ns
  Clock Uncertainty:      0.073ns  ((TSJ^2 + DJ^2)^1/2) / 2 + PE
    Total System Jitter     (TSJ):    0.071ns
    Discrete Jitter          (DJ):    0.127ns
    Phase Error              (PE):    0.000ns

    Location             Delay type                Incr(ns)  Path(ns)    Netlist Resource(s)
  -------------------------------------------------------------------    -------------------
                         (clock clk_proc rise edge)
                                                      0.000     0.000 r  
    M19                                               0.000     0.000 r  sys_clk (IN)
                         net (fo=0)                   0.000     0.000    sys_clk
    M19                  IBUF (Prop_ibuf_I_O)         1.436     1.436 r  sys_clk_IBUF_inst/O
                         net (fo=1, routed)           2.205     3.641    sys_clk_IBUF
    BUFGCTRL_X0Y16       BUFG (Prop_bufg_I_O)         0.101     3.742 r  sys_clk_IBUF_BUFG_inst/O
                         net (fo=173, routed)         1.806     5.548    sys_clk_IBUF_BUFG
    MMCME2_ADV_X1Y0      MMCME2_ADV (Prop_mmcme2_adv_CLKIN1_CLKOUT0)
                                                      0.088     5.636 r  u_mmcm/CLKOUT0
                         net (fo=1, routed)           1.889     7.525    clk_proc
    BUFGCTRL_X0Y1        BUFG (Prop_bufg_I_O)         0.101     7.626 r  clk_proc_BUFG_inst/O
                         net (fo=4049, routed)        1.878     9.504    u_rp/clk_proc_BUFG
    SLICE_X112Y7         FDCE                                         r  u_rp/sync_ff_reg[1]/C
  -------------------------------------------------------------------    -------------------
    SLICE_X112Y7         FDCE (Prop_fdce_C_Q)         0.478     9.982 r  u_rp/sync_ff_reg[1]/Q
                         net (fo=1, routed)           0.504    10.486    u_rp/sync_ff[1]
    SLICE_X112Y8         LUT1 (Prop_lut1_I0_O)        0.295    10.781 f  u_rp/rbin_rep[10]_i_2/O
                         net (fo=2866, routed)        2.942    13.723    g_chan[0].u_canny/u_hyst/w_pix_reg[0][0][0]
    SLICE_X37Y14         FDCE                                         f  g_chan[0].u_canny/u_hyst/rd_x_reg[8]/CLR
  -------------------------------------------------------------------    -------------------

                         (clock clk_proc rise edge)
                                                      5.556     5.556 r  
    M19                                               0.000     5.556 r  sys_clk (IN)
                         net (fo=0)                   0.000     5.556    sys_clk
    M19                  IBUF (Prop_ibuf_I_O)         1.366     6.922 r  sys_clk_IBUF_inst/O
                         net (fo=1, routed)           2.006     8.928    sys_clk_IBUF
    BUFGCTRL_X0Y16       BUFG (Prop_bufg_I_O)         0.091     9.019 r  sys_clk_IBUF_BUFG_inst/O
                         net (fo=173, routed)         1.612    10.631    sys_clk_IBUF_BUFG
    MMCME2_ADV_X1Y0      MMCME2_ADV (Prop_mmcme2_adv_CLKIN1_CLKOUT0)
                                                      0.083    10.714 r  u_mmcm/CLKOUT0
                         net (fo=1, routed)           1.725    12.439    clk_proc
    BUFGCTRL_X0Y1        BUFG (Prop_bufg_I_O)         0.091    12.530 r  clk_proc_BUFG_inst/O
                         net (fo=4049, routed)        1.487    14.018    g_chan[0].u_canny/u_hyst/clk_proc_BUFG
    SLICE_X37Y14         FDCE                                         r  g_chan[0].u_canny/u_hyst/rd_x_reg[8]/C
                         clock pessimism              0.666    14.683    
                         clock uncertainty           -0.073    14.611    
    SLICE_X37Y14         FDCE (Recov_fdce_C_CLR)     -0.405    14.206    g_chan[0].u_canny/u_hyst/rd_x_reg[8]
  -------------------------------------------------------------------
                         required time                         14.206    
                         arrival time                         -13.723    
  -------------------------------------------------------------------
                         slack                                  0.483    

Slack (MET) :             0.483ns  (required time - arrival time)
  Source:                 u_rp/sync_ff_reg[1]/C
                            (rising edge-triggered cell FDCE clocked by clk_proc  {rise@0.000ns fall@2.778ns period=5.556ns})
  Destination:            g_chan[0].u_canny/u_hyst/rd_x_reg[9]/CLR
                            (recovery check against rising-edge clock clk_proc  {rise@0.000ns fall@2.778ns period=5.556ns})
  Path Group:             **async_default**
  Path Type:              Recovery (Max at Slow Process Corner)
  Requirement:            5.556ns  (clk_proc rise@5.556ns - clk_proc rise@0.000ns)
  Data Path Delay:        4.219ns  (logic 0.773ns (18.323%)  route 3.446ns (81.677%))
  Logic Levels:           1  (LUT1=1)
  Clock Path Skew:        -0.377ns (DCD - SCD + CPR)
    Destination Clock Delay (DCD):    8.462ns = ( 14.018 - 5.556 ) 
    Source Clock Delay      (SCD):    9.504ns
    Clock Pessimism Removal (CPR):    0.666ns
  Clock Uncertainty:      0.073ns  ((TSJ^2 + DJ^2)^1/2) / 2 + PE
    Total System Jitter     (TSJ):    0.071ns
    Discrete Jitter          (DJ):    0.127ns
    Phase Error              (PE):    0.000ns

    Location             Delay type                Incr(ns)  Path(ns)    Netlist Resource(s)
  -------------------------------------------------------------------    -------------------
                         (clock clk_proc rise edge)
                                                      0.000     0.000 r  
    M19                                               0.000     0.000 r  sys_clk (IN)
                         net (fo=0)                   0.000     0.000    sys_clk
    M19                  IBUF (Prop_ibuf_I_O)         1.436     1.436 r  sys_clk_IBUF_inst/O
                         net (fo=1, routed)           2.205     3.641    sys_clk_IBUF
    BUFGCTRL_X0Y16       BUFG (Prop_bufg_I_O)         0.101     3.742 r  sys_clk_IBUF_BUFG_inst/O
                         net (fo=173, routed)         1.806     5.548    sys_clk_IBUF_BUFG
    MMCME2_ADV_X1Y0      MMCME2_ADV (Prop_mmcme2_adv_CLKIN1_CLKOUT0)
                                                      0.088     5.636 r  u_mmcm/CLKOUT0
                         net (fo=1, routed)           1.889     7.525    clk_proc
    BUFGCTRL_X0Y1        BUFG (Prop_bufg_I_O)         0.101     7.626 r  clk_proc_BUFG_inst/O
                         net (fo=4049, routed)        1.878     9.504    u_rp/clk_proc_BUFG
    SLICE_X112Y7         FDCE                                         r  u_rp/sync_ff_reg[1]/C
  -------------------------------------------------------------------    -------------------
    SLICE_X112Y7         FDCE (Prop_fdce_C_Q)         0.478     9.982 r  u_rp/sync_ff_reg[1]/Q
                         net (fo=1, routed)           0.504    10.486    u_rp/sync_ff[1]
    SLICE_X112Y8         LUT1 (Prop_lut1_I0_O)        0.295    10.781 f  u_rp/rbin_rep[10]_i_2/O
                         net (fo=2866, routed)        2.942    13.723    g_chan[0].u_canny/u_hyst/w_pix_reg[0][0][0]
    SLICE_X37Y14         FDCE                                         f  g_chan[0].u_canny/u_hyst/rd_x_reg[9]/CLR
  -------------------------------------------------------------------    -------------------

                         (clock clk_proc rise edge)
                                                      5.556     5.556 r  
    M19                                               0.000     5.556 r  sys_clk (IN)
                         net (fo=0)                   0.000     5.556    sys_clk
    M19                  IBUF (Prop_ibuf_I_O)         1.366     6.922 r  sys_clk_IBUF_inst/O
                         net (fo=1, routed)           2.006     8.928    sys_clk_IBUF
    BUFGCTRL_X0Y16       BUFG (Prop_bufg_I_O)         0.091     9.019 r  sys_clk_IBUF_BUFG_inst/O
                         net (fo=173, routed)         1.612    10.631    sys_clk_IBUF_BUFG
    MMCME2_ADV_X1Y0      MMCME2_ADV (Prop_mmcme2_adv_CLKIN1_CLKOUT0)
                                                      0.083    10.714 r  u_mmcm/CLKOUT0
                         net (fo=1, routed)           1.725    12.439    clk_proc
    BUFGCTRL_X0Y1        BUFG (Prop_bufg_I_O)         0.091    12.530 r  clk_proc_BUFG_inst/O
                         net (fo=4049, routed)        1.487    14.018    g_chan[0].u_canny/u_hyst/clk_proc_BUFG
    SLICE_X37Y14         FDCE                                         r  g_chan[0].u_canny/u_hyst/rd_x_reg[9]/C
                         clock pessimism              0.666    14.683    
                         clock uncertainty           -0.073    14.611    
    SLICE_X37Y14         FDCE (Recov_fdce_C_CLR)     -0.405    14.206    g_chan[0].u_canny/u_hyst/rd_x_reg[9]
  -------------------------------------------------------------------
                         required time                         14.206    
                         arrival time                         -13.723    
  -------------------------------------------------------------------
                         slack                                  0.483    

Slack (MET) :             0.494ns  (required time - arrival time)
  Source:                 u_rp/sync_ff_reg[1]/C
                            (rising edge-triggered cell FDCE clocked by clk_proc  {rise@0.000ns fall@2.778ns period=5.556ns})
  Destination:            g_chan[0].u_canny/u_hyst/win_data_r_reg[0]/CLR
                            (recovery check against rising-edge clock clk_proc  {rise@0.000ns fall@2.778ns period=5.556ns})
  Path Group:             **async_default**
  Path Type:              Recovery (Max at Slow Process Corner)
  Requirement:            5.556ns  (clk_proc rise@5.556ns - clk_proc rise@0.000ns)
  Data Path Delay:        4.295ns  (logic 0.773ns (17.998%)  route 3.522ns (82.002%))
  Logic Levels:           1  (LUT1=1)
  Clock Path Skew:        -0.289ns (DCD - SCD + CPR)
    Destination Clock Delay (DCD):    8.550ns = ( 14.106 - 5.556 ) 
    Source Clock Delay      (SCD):    9.504ns
    Clock Pessimism Removal (CPR):    0.666ns
  Clock Uncertainty:      0.073ns  ((TSJ^2 + DJ^2)^1/2) / 2 + PE
    Total System Jitter     (TSJ):    0.071ns
    Discrete Jitter          (DJ):    0.127ns
    Phase Error              (PE):    0.000ns

    Location             Delay type                Incr(ns)  Path(ns)    Netlist Resource(s)
  -------------------------------------------------------------------    -------------------
                         (clock clk_proc rise edge)
                                                      0.000     0.000 r  
    M19                                               0.000     0.000 r  sys_clk (IN)
                         net (fo=0)                   0.000     0.000    sys_clk
    M19                  IBUF (Prop_ibuf_I_O)         1.436     1.436 r  sys_clk_IBUF_inst/O
                         net (fo=1, routed)           2.205     3.641    sys_clk_IBUF
    BUFGCTRL_X0Y16       BUFG (Prop_bufg_I_O)         0.101     3.742 r  sys_clk_IBUF_BUFG_inst/O
                         net (fo=173, routed)         1.806     5.548    sys_clk_IBUF_BUFG
    MMCME2_ADV_X1Y0      MMCME2_ADV (Prop_mmcme2_adv_CLKIN1_CLKOUT0)
                                                      0.088     5.636 r  u_mmcm/CLKOUT0
                         net (fo=1, routed)           1.889     7.525    clk_proc
    BUFGCTRL_X0Y1        BUFG (Prop_bufg_I_O)         0.101     7.626 r  clk_proc_BUFG_inst/O
                         net (fo=4049, routed)        1.878     9.504    u_rp/clk_proc_BUFG
    SLICE_X112Y7         FDCE                                         r  u_rp/sync_ff_reg[1]/C
  -------------------------------------------------------------------    -------------------
    SLICE_X112Y7         FDCE (Prop_fdce_C_Q)         0.478     9.982 r  u_rp/sync_ff_reg[1]/Q
                         net (fo=1, routed)           0.504    10.486    u_rp/sync_ff[1]
    SLICE_X112Y8         LUT1 (Prop_lut1_I0_O)        0.295    10.781 f  u_rp/rbin_rep[10]_i_2/O
                         net (fo=2866, routed)        3.018    13.799    g_chan[0].u_canny/u_hyst/w_pix_reg[0][0][0]
    SLICE_X17Y10         FDCE                                         f  g_chan[0].u_canny/u_hyst/win_data_r_reg[0]/CLR
  -------------------------------------------------------------------    -------------------

                         (clock clk_proc rise edge)
                                                      5.556     5.556 r  
    M19                                               0.000     5.556 r  sys_clk (IN)
                         net (fo=0)                   0.000     5.556    sys_clk
    M19                  IBUF (Prop_ibuf_I_O)         1.366     6.922 r  sys_clk_IBUF_inst/O
                         net (fo=1, routed)           2.006     8.928    sys_clk_IBUF
    BUFGCTRL_X0Y16       BUFG (Prop_bufg_I_O)         0.091     9.019 r  sys_clk_IBUF_BUFG_inst/O
                         net (fo=173, routed)         1.612    10.631    sys_clk_IBUF_BUFG
    MMCME2_ADV_X1Y0      MMCME2_ADV (Prop_mmcme2_adv_CLKIN1_CLKOUT0)
                                                      0.083    10.714 r  u_mmcm/CLKOUT0
                         net (fo=1, routed)           1.725    12.439    clk_proc
    BUFGCTRL_X0Y1        BUFG (Prop_bufg_I_O)         0.091    12.530 r  clk_proc_BUFG_inst/O
                         net (fo=4049, routed)        1.575    14.106    g_chan[0].u_canny/u_hyst/clk_proc_BUFG
    SLICE_X17Y10         FDCE                                         r  g_chan[0].u_canny/u_hyst/win_data_r_reg[0]/C
                         clock pessimism              0.666    14.771    
                         clock uncertainty           -0.073    14.699    
    SLICE_X17Y10         FDCE (Recov_fdce_C_CLR)     -0.405    14.294    g_chan[0].u_canny/u_hyst/win_data_r_reg[0]
  -------------------------------------------------------------------
                         required time                         14.294    
                         arrival time                         -13.799    
  -------------------------------------------------------------------
                         slack                                  0.494    

Slack (MET) :             0.495ns  (required time - arrival time)
  Source:                 u_rp/sync_ff_reg[1]/C
                            (rising edge-triggered cell FDCE clocked by clk_proc  {rise@0.000ns fall@2.778ns period=5.556ns})
  Destination:            g_chan[0].u_canny/u_hyst/pass_cnt_reg[6]/CLR
                            (recovery check against rising-edge clock clk_proc  {rise@0.000ns fall@2.778ns period=5.556ns})
  Path Group:             **async_default**
  Path Type:              Recovery (Max at Slow Process Corner)
  Requirement:            5.556ns  (clk_proc rise@5.556ns - clk_proc rise@0.000ns)
  Data Path Delay:        4.282ns  (logic 0.773ns (18.052%)  route 3.509ns (81.948%))
  Logic Levels:           1  (LUT1=1)
  Clock Path Skew:        -0.301ns (DCD - SCD + CPR)
    Destination Clock Delay (DCD):    8.538ns = ( 14.094 - 5.556 ) 
    Source Clock Delay      (SCD):    9.504ns
    Clock Pessimism Removal (CPR):    0.666ns
  Clock Uncertainty:      0.073ns  ((TSJ^2 + DJ^2)^1/2) / 2 + PE
    Total System Jitter     (TSJ):    0.071ns
    Discrete Jitter          (DJ):    0.127ns
    Phase Error              (PE):    0.000ns

    Location             Delay type                Incr(ns)  Path(ns)    Netlist Resource(s)
  -------------------------------------------------------------------    -------------------
                         (clock clk_proc rise edge)
                                                      0.000     0.000 r  
    M19                                               0.000     0.000 r  sys_clk (IN)
                         net (fo=0)                   0.000     0.000    sys_clk
    M19                  IBUF (Prop_ibuf_I_O)         1.436     1.436 r  sys_clk_IBUF_inst/O
                         net (fo=1, routed)           2.205     3.641    sys_clk_IBUF
    BUFGCTRL_X0Y16       BUFG (Prop_bufg_I_O)         0.101     3.742 r  sys_clk_IBUF_BUFG_inst/O
                         net (fo=173, routed)         1.806     5.548    sys_clk_IBUF_BUFG
    MMCME2_ADV_X1Y0      MMCME2_ADV (Prop_mmcme2_adv_CLKIN1_CLKOUT0)
                                                      0.088     5.636 r  u_mmcm/CLKOUT0
                         net (fo=1, routed)           1.889     7.525    clk_proc
    BUFGCTRL_X0Y1        BUFG (Prop_bufg_I_O)         0.101     7.626 r  clk_proc_BUFG_inst/O
                         net (fo=4049, routed)        1.878     9.504    u_rp/clk_proc_BUFG
    SLICE_X112Y7         FDCE                                         r  u_rp/sync_ff_reg[1]/C
  -------------------------------------------------------------------    -------------------
    SLICE_X112Y7         FDCE (Prop_fdce_C_Q)         0.478     9.982 r  u_rp/sync_ff_reg[1]/Q
                         net (fo=1, routed)           0.504    10.486    u_rp/sync_ff[1]
    SLICE_X112Y8         LUT1 (Prop_lut1_I0_O)        0.295    10.781 f  u_rp/rbin_rep[10]_i_2/O
                         net (fo=2866, routed)        3.005    13.787    g_chan[0].u_canny/u_hyst/w_pix_reg[0][0][0]
    SLICE_X31Y14         FDCE                                         f  g_chan[0].u_canny/u_hyst/pass_cnt_reg[6]/CLR
  -------------------------------------------------------------------    -------------------

                         (clock clk_proc rise edge)
                                                      5.556     5.556 r  
    M19                                               0.000     5.556 r  sys_clk (IN)
                         net (fo=0)                   0.000     5.556    sys_clk
    M19                  IBUF (Prop_ibuf_I_O)         1.366     6.922 r  sys_clk_IBUF_inst/O
                         net (fo=1, routed)           2.006     8.928    sys_clk_IBUF
    BUFGCTRL_X0Y16       BUFG (Prop_bufg_I_O)         0.091     9.019 r  sys_clk_IBUF_BUFG_inst/O
                         net (fo=173, routed)         1.612    10.631    sys_clk_IBUF_BUFG
    MMCME2_ADV_X1Y0      MMCME2_ADV (Prop_mmcme2_adv_CLKIN1_CLKOUT0)
                                                      0.083    10.714 r  u_mmcm/CLKOUT0
                         net (fo=1, routed)           1.725    12.439    clk_proc
    BUFGCTRL_X0Y1        BUFG (Prop_bufg_I_O)         0.091    12.530 r  clk_proc_BUFG_inst/O
                         net (fo=4049, routed)        1.563    14.094    g_chan[0].u_canny/u_hyst/clk_proc_BUFG
    SLICE_X31Y14         FDCE                                         r  g_chan[0].u_canny/u_hyst/pass_cnt_reg[6]/C
                         clock pessimism              0.666    14.759    
                         clock uncertainty           -0.073    14.687    
    SLICE_X31Y14         FDCE (Recov_fdce_C_CLR)     -0.405    14.282    g_chan[0].u_canny/u_hyst/pass_cnt_reg[6]
  -------------------------------------------------------------------
                         required time                         14.282    
                         arrival time                         -13.787    
  -------------------------------------------------------------------
                         slack                                  0.495    





